241.0,136.0,554.0,227.0,434.0
192.0,87.0,135.0,184.0,418.0
542.0,82.0,322.0,153.0,452.0
184.0,73.0,482.0,424.0,456.0
307.0,113.0,351.0,344.0,568.0
556.0,115.0,447.0,349.0,511.0
424.0,170.0,872.0,458.0,482.0
392.0,126.0,398.0,411.0,498.0
164.0,138.0,512.0,94.0,232.0
152.0,108.0,402.0,43.0,502.0
513.0,100.0,405.0,97.0,199.0
149.0,223.0,626.0,311.0,391.0
157.0,209.0,578.0,129.0,431.0
458.0,70.0,30.0,262.0,420.0
242.0,100.0,340.0,155.0,97.0
520.0,108.0,509.0,200.0,225.0
403.0,113.0,509.0,126.0,175.0
184.0,68.0,363.0,217.0,419.0
238.0,223.0,510.0,361.0,523.0
157.0,13.0,490.0,371.0,421.0
300.0,110.0,265.0,469.0,453.0
692.0,106.0,417.0,146.0,221.0
228.0,102.0,509.0,424.0,427.0
178.0,45.0,553.0,189.0,611.0
295.0,73.0,476.0,384.0,441.0
259.0,97.0,511.0,178.0,318.0
266.0,115.0,514.0,63.0,0.0
413.0,0.0,361.0,335.0,569.0
238.0,106.0,556.0,525.0,582.0
508.0,170.0,363.0,304.0,498.0
296.0,89.0,334.0,411.0,511.0
701.0,102.0,489.0,366.0,495.0
465.0,171.0,339.0,625.0,582.0
373.0,106.0,638.0,97.0,225.0
569.0,140.0,431.0,283.0,245.0
236.0,132.0,315.0,441.0,530.0
291.0,209.0,460.0,319.0,400.0
434.0,100.0,488.0,200.0,282.0
238.0,115.0,327.0,359.0,419.0
690.0,71.0,431.0,289.0,424.0
395.0,102.0,429.0,196.0,346.0
413.0,93.0,363.0,93.0,123.0
256.0,58.0,512.0,249.0,392.0
244.0,67.0,540.0,458.0,268.0
449.0,66.0,570.0,306.0,531.0
390.0,223.0,351.0,289.0,303.0
395.0,99.0,347.0,146.0,302.0
302.0,110.0,327.0,192.0,427.0
480.0,58.0,411.0,384.0,339.0
273.0,126.0,556.0,275.0,395.0
465.0,247.0,442.0,106.0,124.0
241.0,86.0,748.0,335.0,420.0
296.0,134.0,448.0,218.0,327.0
502.0,120.0,872.0,304.0,377.0
542.0,113.0,334.0,344.0,384.0
373.0,194.0,245.0,601.0,434.0
157.0,57.0,365.0,441.0,438.0
425.0,84.0,556.0,426.0,534.0
332.0,200.0,541.0,601.0,446.0
508.0,73.0,573.0,257.0,436.0
252.0,139.0,56.0,458.0,618.0
473.0,121.0,363.0,386.0,536.0
373.0,58.0,280.0,336.0,530.0
301.0,121.0,574.0,518.0,523.0
192.0,73.0,389.0,626.0,515.0
152.0,91.0,386.0,474.0,199.0
508.0,197.0,385.0,191.0,333.0
497.0,170.0,226.0,647.0,618.0
505.0,171.0,514.0,178.0,261.0
238.0,168.0,361.0,304.0,398.0
232.0,999.0,748.0,268.0,245.0
480.0,110.0,328.0,353.0,587.0
241.0,18.0,578.0,469.0,199.0
467.0,90.0,482.0,999.0,404.0
190.0,91.0,267.0,315.0,376.0
431.0,93.0,334.0,297.0,424.0
502.0,102.0,573.0,333.0,293.0
480.0,67.0,556.0,330.0,569.0
315.0,96.0,576.0,154.0,53.0
392.0,99.0,361.0,40.0,363.0
425.0,58.0,351.0,83.0,292.0
236.0,108.0,490.0,217.0,549.0
333.0,101.0,228.0,94.0,332.0
241.0,114.0,351.0,226.0,208.0
184.0,209.0,567.0,249.0,468.0
457.0,102.0,505.0,515.0,441.0
295.0,113.0,188.0,424.0,434.0
242.0,136.0,610.0,595.0,606.0
411.0,107.0,429.0,390.0,419.0
339.0,283.0,93.0,647.0,580.0
619.0,66.0,322.0,408.0,486.0
644.0,102.0,501.0,109.0,587.0
361.0,206.0,660.0,579.0,255.0
252.0,138.0,496.0,384.0,264.0
178.0,183.0,322.0,515.0,308.0
520.0,93.0,378.0,190.0,318.0
339.0,115.0,819.0,370.0,438.0
392.0,66.0,417.0,958.0,549.0
359.0,110.0,543.0,469.0,395.0
434.0,132.0,661.0,268.0,465.0
508.0,126.0,389.0,338.0,367.0
331.0,113.0,482.0,390.0,401.0
434.0,86.0,453.0,283.0,536.0
362.0,140.0,573.0,132.0,618.0
508.0,71.0,541.0,129.0,191.0
326.0,96.0,476.0,518.0,449.0
403.0,106.0,245.0,524.0,453.0
300.0,207.0,405.0,268.0,441.0
275.0,91.0,56.0,130.0,232.0
266.0,110.0,512.0,319.0,384.0
395.0,102.0,363.0,0.0,245.0
574.0,197.0,543.0,283.0,264.0
184.0,219.0,30.0,109.0,199.0
184.0,58.0,334.0,330.0,553.0
516.0,132.0,267.0,424.0,268.0
237.0,134.0,280.0,333.0,453.0
359.0,99.0,581.0,414.0,538.0
0.0,91.0,402.0,349.0,523.0
619.0,118.0,578.0,315.0,318.0
395.0,121.0,512.0,316.0,531.0
494.0,124.0,93.0,191.0,401.0
157.0,62.0,541.0,349.0,427.0
465.0,195.0,525.0,361.0,391.0
252.0,110.0,384.0,286.0,363.0
237.0,53.0,695.0,410.0,465.0
206.0,97.0,430.0,344.0,419.0
502.0,200.0,363.0,424.0,587.0
410.0,44.0,334.0,130.0,419.0
252.0,58.0,553.0,528.0,391.0
216.0,84.0,576.0,337.0,407.0
395.0,126.0,417.0,286.0,367.0
191.0,113.0,806.0,300.0,580.0
502.0,71.0,93.0,263.0,401.0
469.0,115.0,661.0,344.0,530.0
519.0,90.0,567.0,177.0,257.0
516.0,112.0,267.0,184.0,530.0
206.0,73.0,448.0,94.0,454.0
333.0,209.0,567.0,155.0,628.0
339.0,121.0,585.0,94.0,303.0
513.0,206.0,192.0,958.0,490.0
216.0,9.0,447.0,155.0,568.0
307.0,177.0,576.0,268.0,339.0
417.0,102.0,764.0,515.0,530.0
370.0,124.0,364.0,424.0,199.0
410.0,175.0,512.0,333.0,476.0
465.0,0.0,421.0,191.0,384.0
480.0,115.0,361.0,491.0,512.0
556.0,67.0,526.0,333.0,424.0
505.0,118.0,384.0,411.0,530.0
480.0,86.0,371.0,432.0,611.0
434.0,106.0,626.0,154.0,580.0
556.0,195.0,582.0,284.0,482.0
190.0,76.0,573.0,338.0,434.0
164.0,197.0,386.0,94.0,263.0
381.0,85.0,540.0,184.0,256.0
390.0,156.0,576.0,178.0,284.0
434.0,134.0,334.0,218.0,358.0
191.0,194.0,114.0,192.0,398.0
424.0,110.0,328.0,999.0,332.0
241.0,149.0,429.0,217.0,419.0
252.0,183.0,541.0,223.0,175.0
411.0,71.0,570.0,353.0,476.0
481.0,107.0,426.0,408.0,569.0
410.0,95.0,315.0,153.0,420.0
569.0,168.0,386.0,424.0,611.0
500.0,206.0,574.0,486.0,245.0
201.0,76.0,366.0,304.0,150.0
241.0,68.0,286.0,283.0,569.0
409.0,45.0,322.0,304.0,233.0
638.0,67.0,785.0,426.0,469.0
481.0,13.0,573.0,192.0,332.0
425.0,91.0,250.0,97.0,65.0
238.0,76.0,511.0,129.0,124.0
746.0,115.0,419.0,441.0,421.0
692.0,132.0,357.0,441.0,367.0
508.0,106.0,484.0,218.0,419.0
301.0,200.0,357.0,182.0,332.0
273.0,209.0,512.0,518.0,384.0
302.0,115.0,419.0,311.0,453.0
395.0,133.0,334.0,69.0,65.0
354.0,84.0,442.0,154.0,515.0
457.0,90.0,543.0,297.0,284.0
241.0,114.0,661.0,474.0,303.0
506.0,9.0,505.0,130.0,123.0
425.0,82.0,426.0,195.0,296.0
505.0,135.0,509.0,306.0,225.0
449.0,146.0,538.0,316.0,65.0
481.0,40.0,256.0,262.0,465.0
183.0,18.0,524.0,283.0,245.0
644.0,0.0,280.0,226.0,292.0
285.0,200.0,510.0,226.0,208.0
252.0,14.0,267.0,318.0,523.0
403.0,194.0,265.0,333.0,327.0
395.0,147.0,567.0,40.0,233.0
395.0,95.0,429.0,146.0,452.0
456.0,114.0,576.0,191.0,420.0
370.0,136.0,322.0,315.0,339.0
370.0,90.0,490.0,94.0,695.0
244.0,101.0,267.0,155.0,208.0
201.0,71.0,476.0,353.0,420.0
520.0,93.0,572.0,166.0,449.0
307.0,209.0,429.0,424.0,367.0
244.0,105.0,506.0,501.0,469.0
361.0,168.0,398.0,408.0,232.0
449.0,58.0,430.0,191.0,282.0
184.0,89.0,361.0,300.0,390.0
183.0,70.0,726.0,196.0,468.0
467.0,105.0,377.0,93.0,65.0
308.0,95.0,328.0,371.0,511.0
333.0,58.0,23.0,384.0,376.0
480.0,256.0,402.0,121.0,308.0
519.0,171.0,726.0,195.0,257.0
392.0,91.0,361.0,361.0,441.0
502.0,96.0,384.0,109.0,454.0
232.0,168.0,164.0,424.0,427.0
488.0,71.0,506.0,129.0,150.0
504.0,110.0,460.0,999.0,999.0
508.0,71.0,393.0,155.0,363.0
488.0,53.0,286.0,178.0,233.0
395.0,175.0,512.0,304.0,390.0
473.0,109.0,430.0,311.0,98.0
183.0,256.0,410.0,411.0,333.0
392.0,123.0,540.0,366.0,421.0
504.0,86.0,443.0,265.0,225.0
190.0,86.0,570.0,639.0,390.0
409.0,100.0,164.0,424.0,341.0
395.0,76.0,327.0,284.0,611.0
563.0,89.0,496.0,999.0,420.0
471.0,99.0,377.0,177.0,167.0
410.0,207.0,286.0,353.0,223.0
331.0,76.0,351.0,195.0,512.0
256.0,171.0,705.0,113.0,271.0
333.0,101.0,386.0,328.0,456.0
291.0,110.0,30.0,316.0,530.0
491.0,115.0,512.0,306.0,449.0
542.0,67.0,585.0,424.0,504.0
457.0,154.0,347.0,411.0,400.0
447.0,108.0,30.0,335.0,394.0
392.0,70.0,368.0,123.0,225.0
329.0,52.0,402.0,63.0,65.0
447.0,91.0,385.0,626.0,588.0
469.0,13.0,506.0,106.0,389.0
206.0,97.0,328.0,347.0,468.0
701.0,168.0,660.0,426.0,271.0
183.0,171.0,361.0,311.0,499.0
275.0,106.0,501.0,461.0,628.0
381.0,85.0,23.0,304.0,256.0
339.0,79.0,511.0,220.0,523.0
480.0,109.0,377.0,333.0,306.0
392.0,200.0,384.0,308.0,377.0
157.0,145.0,363.0,595.0,580.0
262.0,170.0,327.0,439.0,502.0
413.0,171.0,482.0,316.0,515.0
480.0,146.0,482.0,249.0,332.0
392.0,100.0,726.0,311.0,591.0
425.0,130.0,426.0,130.0,264.0
294.0,121.0,422.0,196.0,517.0
410.0,109.0,448.0,219.0,587.0
425.0,107.0,363.0,223.0,65.0
448.0,106.0,543.0,94.0,284.0
701.0,154.0,410.0,284.0,421.0
193.0,154.0,476.0,166.0,217.0
184.0,118.0,450.0,318.0,420.0
410.0,96.0,365.0,93.0,284.0
563.0,143.0,357.0,97.0,401.0
471.0,86.0,575.0,283.0,98.0
434.0,114.0,442.0,223.0,293.0
295.0,100.0,405.0,155.0,367.0
522.0,249.0,426.0,333.0,298.0
278.0,58.0,422.0,595.0,569.0
569.0,132.0,436.0,265.0,367.0
301.0,73.0,496.0,138.0,296.0
273.0,86.0,223.0,316.0,302.0
252.0,200.0,509.0,275.0,347.0
285.0,106.0,626.0,297.0,475.0
192.0,66.0,114.0,347.0,523.0
192.0,118.0,347.0,353.0,456.0
434.0,121.0,578.0,328.0,530.0
291.0,159.0,496.0,330.0,465.0
237.0,0.0,365.0,226.0,228.0
522.0,115.0,364.0,304.0,486.0
266.0,193.0,114.0,257.0,453.0
259.0,116.0,524.0,191.0,245.0
390.0,115.0,275.0,370.0,418.0
111.0,106.0,384.0,153.0,335.0
288.0,134.0,351.0,242.0,284.0
337.0,111.0,429.0,283.0,465.0
209.0,95.0,610.0,184.0,268.0
241.0,108.0,322.0,414.0,534.0
333.0,138.0,764.0,384.0,199.0
508.0,134.0,366.0,190.0,306.0
456.0,106.0,411.0,347.0,465.0
183.0,154.0,339.0,518.0,468.0
701.0,90.0,342.0,461.0,499.0
381.0,95.0,621.0,349.0,503.0
508.0,106.0,328.0,344.0,571.0
201.0,200.0,280.0,424.0,503.0
232.0,62.0,429.0,343.0,438.0
373.0,138.0,567.0,647.0,436.0
392.0,143.0,453.0,294.0,401.0
638.0,118.0,164.0,441.0,612.0
294.0,249.0,226.0,300.0,515.0
668.0,71.0,256.0,439.0,569.0
630.0,87.0,275.0,220.0,363.0
364.0,194.0,422.0,263.0,308.0
569.0,101.0,686.0,344.0,418.0
339.0,139.0,366.0,330.0,394.0
765.0,115.0,512.0,241.0,252.0
288.0,106.0,170.0,284.0,353.0
500.0,145.0,402.0,184.0,394.0
302.0,159.0,661.0,283.0,475.0
228.0,248.0,505.0,304.0,293.0
392.0,86.0,660.0,411.0,293.0
301.0,100.0,361.0,121.0,195.0
241.0,140.0,578.0,411.0,553.0
392.0,110.0,328.0,408.0,531.0
390.0,102.0,573.0,296.0,310.0
237.0,139.0,524.0,145.0,475.0
296.0,44.0,361.0,178.0,431.0
522.0,45.0,447.0,129.0,454.0
497.0,154.0,429.0,184.0,318.0
395.0,108.0,399.0,196.0,469.0
236.0,193.0,399.0,226.0,486.0
242.0,100.0,192.0,184.0,391.0
638.0,209.0,365.0,275.0,406.0
410.0,67.0,429.0,123.0,452.0
362.0,108.0,567.0,242.0,421.0
403.0,248.0,322.0,335.0,454.0
300.0,82.0,538.0,371.0,495.0
308.0,53.0,543.0,524.0,495.0
457.0,118.0,509.0,315.0,123.0
467.0,249.0,575.0,458.0,468.0
394.0,116.0,806.0,432.0,523.0
241.0,71.0,514.0,241.0,327.0
508.0,95.0,280.0,308.0,401.0
469.0,143.0,384.0,424.0,353.0
424.0,0.0,334.0,336.0,384.0
395.0,115.0,448.0,275.0,395.0
425.0,105.0,705.0,386.0,523.0
434.0,97.0,560.0,123.0,282.0
159.0,105.0,581.0,270.0,376.0
183.0,107.0,386.0,83.0,221.0
292.0,89.0,999.0,411.0,468.0
381.0,86.0,365.0,486.0,588.0
455.0,108.0,310.0,300.0,303.0
403.0,140.0,422.0,426.0,463.0
312.0,68.0,114.0,121.0,390.0
289.0,113.0,442.0,223.0,517.0
403.0,102.0,365.0,109.0,376.0
246.0,159.0,660.0,168.0,271.0
431.0,106.0,567.0,343.0,225.0
289.0,85.0,567.0,647.0,611.0
297.0,129.0,368.0,109.0,476.0
359.0,138.0,397.0,94.0,233.0
291.0,132.0,322.0,411.0,427.0
434.0,195.0,453.0,336.0,389.0
505.0,106.0,365.0,311.0,468.0
542.0,200.0,525.0,184.0,167.0
0.0,121.0,223.0,155.0,534.0
508.0,203.0,361.0,83.0,123.0
390.0,87.0,438.0,439.0,517.0
339.0,209.0,538.0,226.0,282.0
266.0,82.0,328.0,524.0,406.0
295.0,203.0,226.0,518.0,498.0
504.0,108.0,476.0,121.0,292.0
473.0,102.0,512.0,219.0,346.0
392.0,65.0,511.0,106.0,221.0
359.0,112.0,226.0,414.0,436.0
508.0,175.0,245.0,999.0,999.0
278.0,106.0,422.0,223.0,298.0
339.0,147.0,660.0,390.0,353.0
425.0,76.0,322.0,184.0,271.0
506.0,125.0,553.0,356.0,384.0
395.0,198.0,328.0,284.0,332.0
390.0,91.0,582.0,247.0,256.0
542.0,195.0,539.0,344.0,580.0
337.0,140.0,398.0,424.0,452.0
488.0,44.0,490.0,306.0,427.0
409.0,136.0,327.0,410.0,534.0
332.0,118.0,862.0,501.0,306.0
473.0,80.0,450.0,461.0,523.0
458.0,161.0,512.0,461.0,221.0
394.0,156.0,505.0,129.0,175.0
469.0,102.0,534.0,328.0,302.0
232.0,73.0,385.0,441.0,695.0
390.0,53.0,524.0,315.0,538.0
275.0,175.0,525.0,219.0,333.0
381.0,79.0,328.0,524.0,592.0
332.0,194.0,525.0,311.0,476.0
556.0,110.0,534.0,138.0,582.0
278.0,138.0,419.0,359.0,503.0
193.0,161.0,484.0,242.0,187.0
236.0,132.0,393.0,999.0,999.0
516.0,140.0,322.0,94.0,98.0
329.0,139.0,488.0,43.0,493.0
746.0,106.0,448.0,311.0,449.0
425.0,209.0,496.0,386.0,278.0
448.0,247.0,386.0,275.0,367.0
505.0,126.0,512.0,315.0,449.0
506.0,90.0,567.0,94.0,228.0
403.0,134.0,426.0,132.0,320.0
556.0,113.0,226.0,191.0,256.0
329.0,132.0,364.0,349.0,391.0
392.0,87.0,525.0,154.0,264.0
395.0,132.0,361.0,257.0,384.0
354.0,168.0,328.0,469.0,401.0
307.0,183.0,256.0,191.0,454.0
692.0,283.0,398.0,349.0,377.0
467.0,262.0,234.0,353.0,438.0
644.0,168.0,328.0,192.0,346.0
359.0,96.0,619.0,226.0,257.0
296.0,58.0,513.0,338.0,436.0
409.0,96.0,540.0,306.0,367.0
238.0,112.0,496.0,297.0,306.0
244.0,113.0,567.0,347.0,296.0
89.0,248.0,581.0,414.0,376.0
308.0,118.0,506.0,958.0,531.0
458.0,96.0,453.0,296.0,628.0
294.0,170.0,695.0,311.0,264.0
411.0,68.0,442.0,218.0,284.0
373.0,139.0,393.0,622.0,523.0
471.0,36.0,512.0,202.0,421.0
326.0,113.0,275.0,99.0,347.0
469.0,171.0,543.0,155.0,175.0
424.0,90.0,228.0,156.0,404.0
394.0,40.0,30.0,315.0,612.0
395.0,99.0,705.0,93.0,100.0
302.0,138.0,578.0,247.0,0.0
392.0,134.0,748.0,223.0,284.0
178.0,97.0,572.0,154.0,255.0
365.0,110.0,361.0,265.0,346.0
252.0,130.0,513.0,286.0,517.0
308.0,109.0,436.0,129.0,123.0
339.0,71.0,361.0,182.0,318.0
300.0,97.0,302.0,94.0,468.0
295.0,14.0,334.0,129.0,398.0
458.0,102.0,328.0,338.0,468.0
296.0,170.0,245.0,336.0,499.0
291.0,200.0,265.0,410.0,214.0
636.0,82.0,705.0,178.0,407.0
473.0,134.0,365.0,316.0,407.0
506.0,143.0,429.0,424.0,449.0
300.0,121.0,448.0,97.0,264.0
344.0,45.0,364.0,121.0,292.0
569.0,79.0,443.0,408.0,390.0
252.0,197.0,442.0,338.0,476.0
295.0,85.0,322.0,359.0,588.0
471.0,108.0,576.0,110.0,214.0
326.0,14.0,677.0,146.0,400.0
411.0,114.0,448.0,474.0,517.0
183.0,146.0,398.0,330.0,333.0
999.0,73.0,315.0,328.0,195.0
392.0,40.0,482.0,132.0,293.0
403.0,79.0,399.0,155.0,284.0
392.0,13.0,443.0,227.0,580.0
251.0,58.0,541.0,306.0,339.0
448.0,66.0,228.0,94.0,124.0
246.0,80.0,340.0,218.0,282.0
392.0,115.0,385.0,349.0,465.0
692.0,209.0,511.0,353.0,465.0
497.0,194.0,468.0,283.0,465.0
294.0,45.0,363.0,81.0,217.0
390.0,130.0,806.0,219.0,454.0
516.0,73.0,482.0,315.0,394.0
434.0,132.0,576.0,168.0,257.0
320.0,110.0,340.0,81.0,123.0
504.0,106.0,402.0,384.0,339.0
270.0,200.0,573.0,601.0,580.0
478.0,106.0,397.0,359.0,225.0
184.0,149.0,265.0,40.0,208.0
411.0,90.0,501.0,283.0,456.0
362.0,90.0,361.0,276.0,544.0
500.0,106.0,328.0,343.0,544.0
362.0,97.0,819.0,63.0,228.0
574.0,93.0,512.0,359.0,515.0
333.0,145.0,361.0,370.0,475.0
294.0,130.0,512.0,315.0,611.0
354.0,58.0,543.0,315.0,346.0
392.0,130.0,223.0,359.0,571.0
307.0,175.0,511.0,155.0,404.0
302.0,111.0,351.0,319.0,420.0
300.0,115.0,399.0,311.0,407.0
307.0,146.0,245.0,432.0,463.0
164.0,86.0,539.0,501.0,124.0
497.0,96.0,638.0,113.0,123.0
288.0,138.0,135.0,220.0,531.0
494.0,156.0,582.0,81.0,404.0
542.0,184.0,488.0,154.0,404.0
339.0,97.0,0.0,166.0,214.0
394.0,110.0,399.0,430.0,187.0
392.0,76.0,188.0,270.0,65.0
296.0,145.0,327.0,184.0,588.0
252.0,118.0,448.0,263.0,300.0
480.0,115.0,223.0,219.0,53.0
297.0,123.0,378.0,294.0,431.0
395.0,52.0,280.0,411.0,503.0
232.0,132.0,448.0,515.0,502.0
236.0,67.0,351.0,283.0,511.0
473.0,102.0,310.0,595.0,591.0
275.0,138.0,421.0,156.0,245.0
333.0,134.0,509.0,38.0,358.0
359.0,115.0,170.0,177.0,531.0
206.0,105.0,405.0,283.0,465.0
469.0,108.0,560.0,192.0,284.0
448.0,193.0,543.0,333.0,97.0
542.0,52.0,431.0,458.0,392.0
164.0,200.0,539.0,265.0,499.0
296.0,99.0,93.0,622.0,582.0
390.0,70.0,334.0,338.0,390.0
307.0,129.0,402.0,130.0,300.0
329.0,132.0,554.0,426.0,392.0
302.0,223.0,223.0,265.0,300.0
354.0,126.0,524.0,138.0,504.0
278.0,133.0,705.0,315.0,389.0
365.0,135.0,228.0,504.0,503.0
9.0,154.0,660.0,63.0,100.0
491.0,195.0,363.0,283.0,544.0
449.0,168.0,275.0,336.0,538.0
539.0,66.0,363.0,315.0,401.0
636.0,90.0,453.0,458.0,263.0
410.0,71.0,476.0,622.0,296.0
395.0,209.0,735.0,579.0,504.0
425.0,198.0,402.0,625.0,468.0
270.0,96.0,448.0,191.0,252.0
308.0,45.0,578.0,94.0,310.0
252.0,134.0,554.0,504.0,390.0
266.0,209.0,554.0,601.0,391.0
201.0,198.0,543.0,268.0,449.0
504.0,146.0,322.0,93.0,377.0
520.0,79.0,422.0,132.0,568.0
291.0,106.0,250.0,257.0,333.0
539.0,90.0,513.0,311.0,580.0
365.0,184.0,509.0,424.0,401.0
362.0,130.0,364.0,227.0,449.0
164.0,197.0,872.0,486.0,407.0
307.0,146.0,560.0,361.0,333.0
456.0,112.0,578.0,189.0,300.0
296.0,198.0,275.0,491.0,453.0
266.0,86.0,361.0,430.0,318.0
364.0,80.0,422.0,178.0,229.0
447.0,132.0,422.0,424.0,452.0
275.0,58.0,556.0,106.0,406.0
373.0,107.0,361.0,414.0,530.0
411.0,38.0,509.0,347.0,419.0
297.0,113.0,512.0,242.0,284.0
246.0,138.0,357.0,366.0,367.0
457.0,175.0,567.0,289.0,611.0
395.0,92.0,578.0,608.0,332.0
425.0,193.0,764.0,156.0,284.0
425.0,130.0,357.0,200.0,332.0
273.0,132.0,573.0,226.0,302.0
465.0,203.0,490.0,241.0,327.0
294.0,89.0,806.0,83.0,284.0
289.0,147.0,513.0,958.0,233.0
395.0,106.0,339.0,289.0,395.0
569.0,95.0,334.0,226.0,214.0
456.0,140.0,677.0,43.0,97.0
425.0,126.0,422.0,129.0,146.0
467.0,139.0,556.0,40.0,225.0
0.0,14.0,328.0,424.0,405.0
241.0,223.0,405.0,424.0,427.0
403.0,96.0,509.0,336.0,284.0
192.0,97.0,188.0,304.0,530.0
409.0,126.0,378.0,386.0,233.0
252.0,133.0,525.0,386.0,454.0
410.0,79.0,315.0,333.0,418.0
241.0,106.0,0.0,304.0,453.0
252.0,138.0,512.0,146.0,339.0
417.0,249.0,228.0,81.0,124.0
494.0,80.0,361.0,43.0,420.0
241.0,45.0,397.0,304.0,468.0
159.0,132.0,363.0,220.0,406.0
434.0,86.0,735.0,316.0,303.0
296.0,87.0,490.0,315.0,263.0
395.0,262.0,510.0,223.0,292.0
236.0,73.0,361.0,192.0,503.0
302.0,108.0,364.0,525.0,591.0
508.0,91.0,510.0,126.0,499.0
209.0,102.0,357.0,335.0,195.0
381.0,177.0,603.0,200.0,436.0
339.0,92.0,575.0,639.0,504.0
201.0,115.0,539.0,155.0,217.0
331.0,132.0,509.0,356.0,463.0
278.0,14.0,170.0,562.0,296.0
502.0,168.0,422.0,283.0,363.0
409.0,102.0,256.0,247.0,367.0
259.0,121.0,468.0,361.0,353.0
237.0,93.0,363.0,424.0,587.0
241.0,108.0,228.0,562.0,407.0
447.0,169.0,488.0,353.0,232.0
361.0,99.0,389.0,265.0,418.0
574.0,161.0,0.0,469.0,391.0
539.0,124.0,377.0,190.0,257.0
522.0,88.0,512.0,333.0,612.0
291.0,91.0,510.0,257.0,232.0
630.0,73.0,658.0,474.0,261.0
504.0,44.0,572.0,63.0,493.0
364.0,87.0,379.0,196.0,418.0
331.0,118.0,510.0,126.0,191.0
636.0,175.0,496.0,316.0,367.0
237.0,200.0,385.0,595.0,465.0
339.0,124.0,677.0,308.0,424.0
190.0,66.0,410.0,353.0,434.0
292.0,193.0,573.0,249.0,347.0
332.0,97.0,576.0,184.0,419.0
244.0,71.0,575.0,424.0,469.0
201.0,9.0,576.0,40.0,504.0
392.0,92.0,368.0,129.0,245.0
999.0,58.0,488.0,458.0,534.0
206.0,66.0,585.0,316.0,339.0
337.0,198.0,430.0,132.0,436.0
9.0,73.0,371.0,333.0,534.0
471.0,118.0,526.0,191.0,347.0
390.0,149.0,384.0,361.0,406.0
242.0,146.0,785.0,232.0,284.0
494.0,9.0,328.0,424.0,332.0
373.0,146.0,450.0,191.0,308.0
190.0,44.0,621.0,109.0,252.0
285.0,53.0,421.0,43.0,511.0
259.0,999.0,363.0,223.0,536.0
295.0,143.0,366.0,958.0,587.0
332.0,149.0,30.0,504.0,588.0
690.0,107.0,361.0,283.0,427.0
297.0,98.0,819.0,311.0,390.0
448.0,73.0,0.0,371.0,476.0
312.0,109.0,453.0,328.0,97.0
291.0,13.0,660.0,242.0,418.0
273.0,114.0,543.0,338.0,199.0
192.0,58.0,496.0,501.0,476.0
259.0,124.0,482.0,318.0,298.0
252.0,84.0,334.0,40.0,427.0
331.0,93.0,488.0,461.0,569.0
183.0,203.0,430.0,275.0,187.0
266.0,93.0,511.0,315.0,398.0
344.0,195.0,572.0,347.0,347.0
542.0,102.0,322.0,113.0,217.0
206.0,100.0,389.0,97.0,310.0
390.0,132.0,361.0,196.0,123.0
236.0,207.0,556.0,284.0,97.0
467.0,106.0,368.0,121.0,493.0
270.0,95.0,267.0,113.0,390.0
307.0,130.0,695.0,94.0,377.0
690.0,105.0,496.0,223.0,411.0
315.0,102.0,342.0,191.0,449.0
425.0,87.0,393.0,121.0,225.0
206.0,88.0,556.0,338.0,346.0
395.0,112.0,686.0,524.0,495.0
500.0,105.0,361.0,601.0,611.0
539.0,126.0,411.0,146.0,98.0
497.0,169.0,378.0,356.0,308.0
519.0,86.0,801.0,283.0,411.0
504.0,139.0,357.0,226.0,327.0
456.0,62.0,621.0,200.0,150.0
307.0,105.0,393.0,384.0,453.0
425.0,247.0,429.0,227.0,728.0
302.0,85.0,496.0,286.0,367.0
291.0,93.0,447.0,518.0,310.0
373.0,106.0,489.0,217.0,486.0
362.0,161.0,379.0,337.0,367.0
395.0,114.0,364.0,276.0,282.0
520.0,121.0,366.0,241.0,175.0
381.0,147.0,448.0,525.0,553.0
191.0,175.0,585.0,123.0,400.0
242.0,135.0,560.0,81.0,306.0
458.0,86.0,560.0,223.0,465.0
497.0,140.0,512.0,110.0,327.0
339.0,96.0,188.0,284.0,421.0
307.0,57.0,361.0,469.0,504.0
409.0,147.0,512.0,129.0,229.0
508.0,102.0,466.0,297.0,293.0
164.0,71.0,429.0,166.0,490.0
390.0,177.0,417.0,63.0,390.0
508.0,66.0,429.0,121.0,245.0
520.0,109.0,505.0,275.0,376.0
508.0,132.0,402.0,168.0,332.0
312.0,108.0,384.0,304.0,468.0
331.0,102.0,438.0,83.0,384.0
638.0,71.0,386.0,283.0,223.0
216.0,109.0,361.0,647.0,476.0
183.0,130.0,806.0,308.0,53.0
337.0,110.0,402.0,608.0,530.0
569.0,170.0,315.0,311.0,332.0
395.0,159.0,402.0,284.0,456.0
183.0,183.0,164.0,283.0,392.0
9.0,93.0,368.0,286.0,376.0
209.0,66.0,228.0,218.0,225.0
251.0,102.0,543.0,270.0,405.0
333.0,53.0,801.0,121.0,418.0
506.0,110.0,862.0,371.0,498.0
410.0,183.0,524.0,121.0,98.0
522.0,107.0,543.0,155.0,255.0
638.0,100.0,411.0,461.0,332.0
172.0,105.0,764.0,449.0,499.0
457.0,126.0,509.0,306.0,245.0
457.0,223.0,93.0,200.0,225.0
297.0,68.0,417.0,311.0,592.0
392.0,118.0,540.0,411.0,463.0
390.0,126.0,402.0,316.0,407.0
478.0,132.0,661.0,328.0,999.0
236.0,136.0,525.0,625.0,588.0
339.0,102.0,275.0,718.0,298.0
216.0,66.0,619.0,308.0,728.0
447.0,197.0,429.0,300.0,531.0
395.0,200.0,357.0,411.0,264.0
644.0,76.0,514.0,155.0,284.0
506.0,133.0,402.0,283.0,695.0
297.0,124.0,417.0,262.0,341.0
395.0,67.0,514.0,639.0,499.0
192.0,106.0,419.0,328.0,530.0
252.0,87.0,334.0,196.0,191.0
89.0,106.0,574.0,93.0,191.0
395.0,262.0,170.0,265.0,544.0
289.0,102.0,442.0,219.0,453.0
0.0,45.0,512.0,145.0,150.0
455.0,161.0,334.0,384.0,531.0
409.0,58.0,525.0,268.0,530.0
392.0,82.0,334.0,315.0,284.0
206.0,82.0,334.0,155.0,592.0
246.0,88.0,538.0,390.0,582.0
467.0,177.0,543.0,286.0,225.0
506.0,76.0,368.0,311.0,332.0
425.0,40.0,363.0,335.0,538.0
668.0,40.0,466.0,343.0,490.0
364.0,105.0,378.0,311.0,395.0
434.0,99.0,361.0,336.0,300.0
465.0,115.0,476.0,190.0,187.0
497.0,256.0,638.0,155.0,245.0
522.0,101.0,361.0,155.0,431.0
295.0,76.0,540.0,156.0,389.0
392.0,149.0,280.0,311.0,320.0
184.0,70.0,526.0,366.0,257.0
563.0,108.0,686.0,426.0,469.0
266.0,109.0,511.0,178.0,536.0
275.0,105.0,582.0,449.0,446.0
339.0,90.0,411.0,318.0,255.0
506.0,118.0,164.0,311.0,310.0
288.0,139.0,410.0,99.0,611.0
455.0,106.0,556.0,999.0,517.0
522.0,108.0,525.0,411.0,523.0
292.0,248.0,525.0,333.0,504.0
190.0,76.0,384.0,106.0,217.0
630.0,110.0,342.0,232.0,475.0
488.0,108.0,513.0,524.0,582.0
668.0,115.0,610.0,168.0,245.0
395.0,113.0,363.0,349.0,486.0
413.0,97.0,489.0,156.0,195.0
191.0,58.0,619.0,408.0,531.0
500.0,132.0,677.0,219.0,292.0
644.0,82.0,466.0,195.0,302.0
455.0,170.0,872.0,608.0,454.0
365.0,195.0,556.0,469.0,611.0
563.0,183.0,327.0,308.0,284.0
0.0,97.0,93.0,469.0,363.0
425.0,100.0,361.0,328.0,482.0
456.0,96.0,999.0,300.0,475.0
494.0,66.0,364.0,390.0,395.0
448.0,118.0,513.0,524.0,523.0
522.0,209.0,511.0,344.0,523.0
373.0,106.0,512.0,146.0,333.0
252.0,13.0,430.0,242.0,302.0
308.0,114.0,411.0,524.0,452.0
574.0,51.0,509.0,94.0,367.0
333.0,92.0,442.0,113.0,261.0
252.0,126.0,265.0,155.0,233.0
178.0,96.0,496.0,353.0,308.0
361.0,206.0,399.0,424.0,999.0
413.0,87.0,431.0,217.0,499.0
238.0,57.0,328.0,386.0,571.0
434.0,168.0,431.0,265.0,308.0
458.0,136.0,438.0,330.0,347.0
266.0,97.0,365.0,227.0,515.0
273.0,100.0,735.0,288.0,517.0
668.0,107.0,660.0,337.0,284.0
296.0,100.0,280.0,146.0,580.0
307.0,66.0,371.0,182.0,391.0
370.0,58.0,402.0,333.0,580.0
275.0,132.0,541.0,153.0,346.0
288.0,140.0,581.0,146.0,195.0
246.0,170.0,509.0,443.0,530.0
469.0,14.0,429.0,184.0,377.0
285.0,101.0,334.0,622.0,308.0
337.0,99.0,192.0,263.0,123.0
410.0,132.0,265.0,109.0,53.0
636.0,66.0,402.0,232.0,296.0
301.0,91.0,357.0,192.0,195.0
434.0,99.0,442.0,289.0,367.0
326.0,113.0,0.0,110.0,363.0
256.0,169.0,524.0,370.0,588.0
563.0,71.0,553.0,184.0,245.0
431.0,145.0,578.0,443.0,332.0
392.0,45.0,525.0,491.0,0.0
395.0,200.0,114.0,155.0,390.0
192.0,249.0,164.0,196.0,223.0
395.0,115.0,267.0,265.0,320.0
273.0,96.0,534.0,81.0,282.0
638.0,104.0,364.0,999.0,999.0
206.0,107.0,509.0,408.0,347.0
574.0,118.0,658.0,257.0,390.0
244.0,108.0,411.0,40.0,394.0
209.0,66.0,310.0,97.0,264.0
542.0,102.0,397.0,268.0,392.0
522.0,209.0,581.0,333.0,377.0
228.0,73.0,785.0,217.0,261.0
508.0,207.0,410.0,371.0,100.0
542.0,92.0,429.0,275.0,384.0
301.0,86.0,377.0,283.0,229.0
502.0,98.0,442.0,190.0,268.0
302.0,108.0,302.0,414.0,523.0
238.0,200.0,328.0,242.0,341.0
339.0,194.0,393.0,449.0,580.0
270.0,170.0,748.0,94.0,225.0
465.0,100.0,234.0,343.0,441.0
273.0,97.0,417.0,247.0,292.0
152.0,132.0,567.0,166.0,264.0
206.0,195.0,489.0,330.0,628.0
585.0,146.0,466.0,113.0,427.0
425.0,110.0,402.0,319.0,278.0
425.0,116.0,322.0,223.0,25.0
294.0,118.0,572.0,608.0,264.0
256.0,161.0,398.0,81.0,232.0
246.0,115.0,512.0,335.0,384.0
425.0,106.0,340.0,424.0,438.0
491.0,118.0,582.0,263.0,377.0
574.0,132.0,556.0,268.0,436.0
252.0,90.0,567.0,223.0,245.0
508.0,139.0,447.0,443.0,407.0
424.0,184.0,554.0,639.0,482.0
370.0,110.0,490.0,626.0,493.0
488.0,183.0,538.0,138.0,384.0
307.0,105.0,525.0,232.0,268.0
390.0,183.0,310.0,155.0,318.0
519.0,107.0,357.0,678.0,256.0
236.0,207.0,267.0,276.0,377.0
563.0,106.0,93.0,270.0,389.0
457.0,58.0,525.0,83.0,264.0
481.0,110.0,705.0,283.0,384.0
362.0,91.0,265.0,154.0,512.0
563.0,223.0,426.0,366.0,420.0
395.0,13.0,509.0,595.0,394.0
539.0,140.0,228.0,154.0,233.0
556.0,82.0,488.0,249.0,568.0
246.0,129.0,228.0,106.0,300.0
458.0,168.0,541.0,69.0,252.0
301.0,143.0,603.0,330.0,418.0
228.0,247.0,543.0,370.0,395.0
364.0,132.0,250.0,469.0,420.0
291.0,106.0,399.0,328.0,468.0
519.0,184.0,351.0,196.0,225.0
395.0,106.0,322.0,109.0,438.0
300.0,76.0,364.0,330.0,346.0
508.0,106.0,357.0,94.0,146.0
178.0,80.0,310.0,121.0,302.0
504.0,113.0,361.0,40.0,223.0
469.0,96.0,379.0,97.0,482.0
237.0,168.0,570.0,294.0,449.0
273.0,209.0,572.0,304.0,347.0
288.0,113.0,540.0,155.0,252.0
410.0,106.0,496.0,430.0,347.0
409.0,247.0,556.0,518.0,549.0
690.0,126.0,164.0,601.0,591.0
395.0,159.0,402.0,43.0,282.0
619.0,129.0,363.0,166.0,191.0
395.0,200.0,660.0,81.0,320.0
294.0,91.0,695.0,184.0,0.0
638.0,57.0,430.0,525.0,292.0
425.0,40.0,511.0,336.0,229.0
410.0,109.0,351.0,411.0,511.0
291.0,146.0,275.0,562.0,284.0
542.0,132.0,402.0,184.0,391.0
542.0,124.0,419.0,226.0,327.0
569.0,100.0,322.0,93.0,612.0
927.0,113.0,496.0,217.0,300.0
392.0,76.0,570.0,333.0,401.0
403.0,66.0,511.0,283.0,406.0
275.0,85.0,443.0,113.0,264.0
362.0,96.0,245.0,562.0,469.0
556.0,96.0,366.0,359.0,358.0
308.0,175.0,365.0,154.0,214.0
542.0,200.0,619.0,189.0,310.0
522.0,102.0,448.0,411.0,582.0
563.0,108.0,357.0,123.0,339.0
520.0,113.0,234.0,262.0,98.0
508.0,120.0,543.0,608.0,456.0
502.0,102.0,574.0,426.0,284.0
448.0,80.0,567.0,361.0,257.0
449.0,146.0,347.0,262.0,441.0
505.0,66.0,410.0,155.0,405.0
480.0,76.0,327.0,999.0,999.0
192.0,109.0,328.0,123.0,407.0
288.0,93.0,541.0,168.0,257.0
337.0,135.0,347.0,294.0,468.0
505.0,140.0,726.0,501.0,453.0
465.0,73.0,490.0,138.0,199.0
619.0,73.0,342.0,220.0,332.0
184.0,198.0,661.0,276.0,264.0
289.0,53.0,490.0,518.0,454.0
339.0,86.0,361.0,518.0,98.0
508.0,82.0,525.0,366.0,333.0
508.0,73.0,351.0,154.0,318.0
302.0,113.0,431.0,330.0,346.0
111.0,175.0,582.0,99.0,199.0
508.0,121.0,585.0,268.0,446.0
469.0,66.0,342.0,678.0,465.0
307.0,170.0,513.0,286.0,418.0
630.0,113.0,585.0,177.0,476.0
294.0,101.0,509.0,315.0,446.0
410.0,76.0,695.0,146.0,256.0
89.0,82.0,496.0,304.0,363.0
410.0,209.0,513.0,579.0,332.0
410.0,66.0,286.0,129.0,296.0
516.0,38.0,570.0,344.0,456.0
413.0,79.0,525.0,366.0,392.0
513.0,104.0,511.0,223.0,427.0
256.0,112.0,364.0,315.0,591.0
206.0,67.0,448.0,182.0,282.0
425.0,147.0,379.0,265.0,271.0
297.0,108.0,489.0,518.0,523.0
457.0,93.0,468.0,647.0,612.0
392.0,106.0,541.0,361.0,293.0
236.0,66.0,543.0,449.0,453.0
331.0,104.0,114.0,304.0,229.0
434.0,67.0,468.0,289.0,390.0
457.0,130.0,417.0,562.0,695.0
394.0,86.0,397.0,106.0,404.0
365.0,121.0,660.0,191.0,452.0
425.0,219.0,393.0,43.0,495.0
339.0,262.0,506.0,155.0,454.0
201.0,82.0,363.0,718.0,468.0
395.0,110.0,543.0,386.0,571.0
473.0,112.0,389.0,347.0,419.0
390.0,132.0,265.0,262.0,405.0
765.0,523.0,567.0,424.0,124.0
458.0,97.0,322.0,424.0,298.0
447.0,168.0,581.0,286.0,341.0
295.0,71.0,429.0,304.0,318.0
157.0,138.0,114.0,304.0,400.0
178.0,0.0,512.0,300.0,398.0
392.0,209.0,334.0,469.0,499.0
480.0,146.0,170.0,304.0,530.0
256.0,118.0,513.0,218.0,282.0
241.0,171.0,570.0,304.0,332.0
256.0,118.0,265.0,608.0,499.0
434.0,193.0,621.0,386.0,302.0
556.0,66.0,402.0,501.0,628.0
295.0,87.0,226.0,333.0,468.0
392.0,88.0,567.0,223.0,517.0
497.0,58.0,328.0,366.0,463.0
574.0,106.0,361.0,316.0,728.0
238.0,118.0,512.0,333.0,502.0
504.0,135.0,286.0,458.0,318.0
508.0,203.0,661.0,132.0,284.0
295.0,100.0,430.0,284.0,544.0
191.0,283.0,377.0,361.0,431.0
365.0,156.0,438.0,247.0,292.0
289.0,73.0,275.0,411.0,504.0
516.0,124.0,399.0,424.0,256.0
362.0,126.0,554.0,486.0,499.0
395.0,136.0,554.0,461.0,612.0
291.0,66.0,379.0,268.0,367.0
692.0,200.0,385.0,189.0,257.0
251.0,118.0,510.0,283.0,544.0
266.0,90.0,361.0,426.0,999.0
542.0,116.0,256.0,223.0,341.0
425.0,53.0,366.0,219.0,883.0
434.0,87.0,686.0,249.0,268.0
354.0,58.0,735.0,286.0,335.0
410.0,90.0,93.0,504.0,530.0
409.0,97.0,468.0,311.0,292.0
502.0,168.0,570.0,106.0,284.0
467.0,0.0,543.0,289.0,419.0
542.0,223.0,170.0,219.0,98.0
164.0,198.0,361.0,284.0,302.0
300.0,86.0,430.0,333.0,503.0
320.0,95.0,554.0,155.0,490.0
522.0,256.0,429.0,608.0,191.0
183.0,209.0,581.0,184.0,25.0
242.0,120.0,431.0,501.0,499.0
333.0,113.0,377.0,315.0,469.0
395.0,132.0,322.0,178.0,256.0
473.0,68.0,582.0,390.0,454.0
262.0,134.0,460.0,196.0,482.0
392.0,149.0,506.0,155.0,208.0
636.0,96.0,302.0,424.0,98.0
256.0,95.0,365.0,999.0,999.0
296.0,52.0,419.0,625.0,591.0
285.0,195.0,310.0,366.0,302.0
478.0,112.0,554.0,297.0,150.0
411.0,203.0,574.0,286.0,569.0
411.0,203.0,466.0,113.0,245.0
236.0,209.0,357.0,286.0,245.0
456.0,93.0,525.0,192.0,245.0
241.0,93.0,328.0,219.0,306.0
246.0,175.0,443.0,311.0,98.0
216.0,51.0,334.0,414.0,434.0
585.0,115.0,188.0,356.0,427.0
307.0,38.0,619.0,217.0,53.0
246.0,105.0,56.0,283.0,263.0
395.0,184.0,574.0,184.0,446.0
638.0,73.0,554.0,126.0,0.0
206.0,105.0,539.0,359.0,229.0
307.0,132.0,363.0,184.0,300.0
425.0,68.0,397.0,344.0,406.0
0.0,950.0,267.0,390.0,339.0
469.0,58.0,748.0,288.0,320.0
301.0,82.0,619.0,268.0,453.0
395.0,86.0,361.0,316.0,446.0
395.0,110.0,450.0,275.0,333.0
500.0,106.0,488.0,469.0,534.0
519.0,126.0,581.0,283.0,282.0
400.0,125.0,505.0,146.0,225.0
505.0,14.0,538.0,249.0,569.0
394.0,58.0,419.0,311.0,453.0
425.0,132.0,567.0,432.0,424.0
232.0,113.0,361.0,601.0,512.0
270.0,89.0,402.0,315.0,367.0
337.0,207.0,573.0,195.0,318.0
519.0,80.0,575.0,390.0,419.0
172.0,133.0,525.0,219.0,199.0
467.0,195.0,393.0,311.0,65.0
183.0,102.0,361.0,308.0,97.0
491.0,93.0,567.0,449.0,476.0
297.0,100.0,726.0,356.0,398.0
252.0,86.0,512.0,414.0,530.0
307.0,40.0,410.0,528.0,453.0
519.0,123.0,361.0,38.0,97.0
354.0,136.0,192.0,336.0,404.0
275.0,183.0,511.0,93.0,175.0
467.0,105.0,567.0,132.0,195.0
308.0,184.0,660.0,338.0,229.0
413.0,175.0,402.0,432.0,463.0
308.0,132.0,543.0,439.0,568.0
765.0,40.0,509.0,294.0,405.0
539.0,133.0,265.0,226.0,298.0
242.0,283.0,482.0,121.0,434.0
464.0,90.0,539.0,411.0,333.0
238.0,85.0,476.0,528.0,475.0
413.0,184.0,315.0,262.0,404.0
315.0,76.0,426.0,286.0,332.0
333.0,118.0,442.0,226.0,377.0
354.0,51.0,56.0,190.0,333.0
467.0,105.0,422.0,319.0,523.0
516.0,107.0,170.0,579.0,538.0
392.0,58.0,267.0,390.0,469.0
480.0,100.0,872.0,501.0,97.0
469.0,109.0,512.0,297.0,306.0
183.0,124.0,468.0,138.0,318.0
690.0,67.0,30.0,156.0,303.0
361.0,84.0,578.0,195.0,208.0
506.0,97.0,501.0,217.0,398.0
242.0,105.0,505.0,195.0,100.0
157.0,66.0,660.0,146.0,256.0
522.0,120.0,806.0,647.0,475.0
266.0,67.0,541.0,69.0,318.0
765.0,73.0,351.0,308.0,482.0
294.0,107.0,572.0,311.0,327.0
241.0,138.0,764.0,338.0,419.0
361.0,124.0,442.0,304.0,332.0
193.0,183.0,638.0,300.0,515.0
344.0,121.0,417.0,297.0,405.0
296.0,66.0,501.0,249.0,591.0
504.0,134.0,436.0,223.0,282.0
491.0,168.0,328.0,283.0,420.0
505.0,110.0,514.0,202.0,999.0
692.0,86.0,539.0,97.0,124.0
556.0,116.0,364.0,333.0,424.0
297.0,71.0,234.0,439.0,308.0
164.0,109.0,677.0,191.0,421.0
425.0,110.0,448.0,347.0,404.0
409.0,106.0,575.0,426.0,420.0
431.0,121.0,573.0,525.0,490.0
390.0,132.0,421.0,156.0,503.0
295.0,109.0,402.0,288.0,523.0
89.0,138.0,267.0,154.0,245.0
288.0,95.0,114.0,155.0,124.0
434.0,200.0,188.0,184.0,306.0
297.0,91.0,539.0,337.0,628.0
458.0,118.0,466.0,93.0,233.0
457.0,149.0,585.0,408.0,449.0
294.0,87.0,513.0,330.0,468.0
365.0,90.0,361.0,276.0,502.0
410.0,67.0,378.0,356.0,469.0
329.0,209.0,402.0,361.0,146.0
339.0,139.0,621.0,146.0,225.0
294.0,106.0,513.0,289.0,225.0
425.0,262.0,322.0,432.0,611.0
332.0,136.0,554.0,110.0,498.0
425.0,249.0,496.0,191.0,150.0
417.0,105.0,448.0,268.0,592.0
326.0,105.0,686.0,335.0,284.0
0.0,198.0,429.0,353.0,449.0
434.0,183.0,250.0,123.0,150.0
149.0,96.0,658.0,424.0,98.0
431.0,82.0,397.0,333.0,421.0
339.0,125.0,430.0,626.0,728.0
392.0,121.0,538.0,283.0,341.0
409.0,108.0,726.0,626.0,695.0
469.0,116.0,23.0,43.0,225.0
539.0,86.0,429.0,106.0,346.0
455.0,84.0,543.0,647.0,582.0
275.0,57.0,506.0,647.0,618.0
251.0,107.0,448.0,515.0,434.0
295.0,73.0,524.0,474.0,515.0
927.0,38.0,582.0,311.0,504.0
630.0,40.0,511.0,94.0,187.0
183.0,256.0,660.0,288.0,493.0
252.0,108.0,514.0,262.0,284.0
701.0,40.0,334.0,268.0,341.0
417.0,256.0,364.0,154.0,421.0
252.0,52.0,426.0,316.0,446.0
244.0,109.0,534.0,344.0,256.0
500.0,113.0,695.0,424.0,611.0
465.0,107.0,357.0,242.0,568.0
252.0,82.0,328.0,184.0,427.0
390.0,66.0,393.0,184.0,498.0
292.0,143.0,510.0,263.0,320.0
471.0,120.0,510.0,155.0,367.0
506.0,126.0,334.0,177.0,214.0
237.0,95.0,539.0,227.0,394.0
256.0,200.0,377.0,335.0,606.0
178.0,80.0,228.0,430.0,376.0
216.0,200.0,505.0,219.0,284.0
505.0,175.0,368.0,333.0,418.0
465.0,138.0,410.0,639.0,883.0
447.0,36.0,610.0,595.0,284.0
504.0,110.0,476.0,226.0,363.0
193.0,149.0,686.0,43.0,98.0
563.0,53.0,505.0,191.0,438.0
692.0,198.0,578.0,371.0,221.0
326.0,107.0,397.0,474.0,538.0
252.0,52.0,436.0,241.0,503.0
542.0,177.0,402.0,678.0,582.0
506.0,193.0,328.0,458.0,436.0
434.0,108.0,421.0,443.0,427.0
556.0,112.0,328.0,110.0,228.0
395.0,66.0,384.0,81.0,53.0
159.0,106.0,509.0,192.0,98.0
307.0,96.0,347.0,361.0,302.0
563.0,207.0,540.0,283.0,217.0
410.0,101.0,357.0,296.0,419.0
630.0,104.0,556.0,184.0,391.0
373.0,110.0,250.0,276.0,367.0
413.0,58.0,468.0,265.0,419.0
0.0,156.0,638.0,200.0,255.0
252.0,139.0,514.0,275.0,517.0
373.0,118.0,397.0,328.0,580.0
191.0,247.0,554.0,241.0,284.0
520.0,97.0,379.0,97.0,264.0
411.0,170.0,660.0,223.0,503.0
183.0,102.0,368.0,265.0,310.0
183.0,106.0,340.0,43.0,449.0
275.0,58.0,538.0,178.0,421.0
312.0,132.0,509.0,408.0,310.0
425.0,198.0,431.0,286.0,298.0
190.0,45.0,365.0,184.0,296.0
456.0,112.0,351.0,155.0,549.0
262.0,113.0,56.0,336.0,257.0
302.0,89.0,429.0,226.0,376.0
237.0,108.0,578.0,40.0,221.0
410.0,198.0,585.0,330.0,536.0
246.0,58.0,351.0,223.0,376.0
236.0,203.0,334.0,335.0,221.0
447.0,95.0,525.0,223.0,341.0
344.0,58.0,453.0,424.0,511.0
228.0,146.0,351.0,178.0,256.0
183.0,145.0,511.0,411.0,453.0
447.0,129.0,512.0,275.0,320.0
238.0,169.0,402.0,518.0,499.0
425.0,44.0,265.0,333.0,390.0
301.0,132.0,509.0,155.0,221.0
409.0,73.0,438.0,286.0,591.0
409.0,159.0,357.0,426.0,512.0
291.0,118.0,192.0,316.0,392.0
191.0,71.0,322.0,411.0,418.0
473.0,82.0,514.0,306.0,534.0
241.0,100.0,543.0,461.0,523.0
289.0,109.0,447.0,155.0,482.0
159.0,95.0,371.0,349.0,401.0
690.0,73.0,371.0,184.0,347.0
425.0,154.0,315.0,315.0,486.0
300.0,209.0,340.0,353.0,300.0
464.0,107.0,448.0,202.0,298.0
491.0,262.0,310.0,129.0,523.0
302.0,105.0,347.0,343.0,367.0
308.0,209.0,275.0,336.0,363.0
331.0,170.0,192.0,232.0,100.0
301.0,209.0,575.0,218.0,284.0
315.0,52.0,543.0,129.0,292.0
417.0,115.0,576.0,184.0,264.0
395.0,76.0,402.0,110.0,401.0
480.0,135.0,426.0,304.0,463.0
275.0,136.0,572.0,337.0,332.0
400.0,97.0,436.0,315.0,580.0
469.0,184.0,525.0,43.0,284.0
184.0,134.0,476.0,132.0,0.0
520.0,45.0,573.0,283.0,53.0
236.0,90.0,658.0,276.0,465.0
469.0,247.0,334.0,328.0,517.0
332.0,91.0,567.0,304.0,306.0
425.0,67.0,363.0,94.0,390.0
241.0,146.0,234.0,275.0,446.0
373.0,120.0,431.0,414.0,407.0
395.0,146.0,436.0,384.0,523.0
232.0,125.0,357.0,286.0,256.0
425.0,73.0,405.0,226.0,580.0
395.0,147.0,438.0,461.0,449.0
275.0,168.0,510.0,304.0,495.0
339.0,132.0,426.0,94.0,490.0
159.0,262.0,567.0,384.0,465.0
504.0,146.0,366.0,130.0,367.0
296.0,133.0,443.0,99.0,517.0
332.0,149.0,429.0,130.0,187.0
320.0,102.0,192.0,40.0,124.0
417.0,249.0,621.0,439.0,456.0
294.0,40.0,525.0,386.0,232.0
256.0,106.0,389.0,426.0,318.0
746.0,68.0,226.0,262.0,268.0
491.0,90.0,310.0,184.0,419.0
425.0,161.0,280.0,304.0,252.0
307.0,123.0,442.0,316.0,398.0
478.0,40.0,572.0,177.0,318.0
411.0,134.0,364.0,190.0,449.0
542.0,115.0,226.0,424.0,282.0
467.0,105.0,509.0,284.0,544.0
464.0,146.0,726.0,268.0,407.0
411.0,52.0,265.0,426.0,376.0
519.0,107.0,505.0,166.0,327.0
513.0,140.0,806.0,69.0,282.0
542.0,90.0,862.0,153.0,284.0
184.0,87.0,567.0,424.0,468.0
506.0,106.0,363.0,486.0,587.0
184.0,132.0,576.0,524.0,536.0
417.0,102.0,581.0,296.0,335.0
467.0,223.0,514.0,443.0,100.0
434.0,40.0,661.0,639.0,515.0
251.0,95.0,226.0,333.0,536.0
251.0,121.0,429.0,424.0,255.0
359.0,67.0,450.0,304.0,392.0
266.0,92.0,512.0,390.0,569.0
184.0,175.0,501.0,316.0,284.0
644.0,112.0,363.0,155.0,327.0
456.0,40.0,460.0,297.0,407.0
692.0,14.0,357.0,289.0,187.0
502.0,106.0,339.0,999.0,999.0
278.0,52.0,386.0,335.0,339.0
256.0,197.0,695.0,184.0,318.0
746.0,102.0,398.0,518.0,406.0
329.0,85.0,265.0,518.0,208.0
630.0,105.0,322.0,223.0,395.0
183.0,118.0,342.0,469.0,538.0
241.0,132.0,384.0,38.0,569.0
457.0,73.0,576.0,356.0,424.0
354.0,80.0,363.0,424.0,292.0
183.0,62.0,695.0,284.0,454.0
285.0,121.0,267.0,189.0,252.0
232.0,102.0,363.0,121.0,221.0
392.0,102.0,496.0,99.0,404.0
392.0,113.0,574.0,288.0,436.0
339.0,36.0,677.0,356.0,427.0
467.0,207.0,554.0,353.0,405.0
270.0,79.0,862.0,424.0,97.0
373.0,283.0,340.0,276.0,424.0
302.0,109.0,430.0,306.0,523.0
339.0,100.0,429.0,262.0,229.0
520.0,45.0,541.0,333.0,587.0
390.0,110.0,554.0,200.0,592.0
425.0,62.0,368.0,386.0,612.0
300.0,159.0,447.0,288.0,427.0
251.0,104.0,438.0,242.0,303.0
297.0,132.0,286.0,458.0,405.0
522.0,134.0,626.0,424.0,486.0
746.0,125.0,30.0,410.0,438.0
339.0,111.0,410.0,94.0,221.0
471.0,0.0,567.0,311.0,530.0
183.0,73.0,419.0,504.0,588.0
256.0,134.0,371.0,504.0,499.0
364.0,40.0,361.0,69.0,284.0
244.0,92.0,554.0,315.0,406.0
191.0,138.0,509.0,300.0,293.0
270.0,138.0,525.0,524.0,588.0
191.0,76.0,342.0,126.0,146.0
497.0,52.0,484.0,43.0,592.0
152.0,106.0,378.0,315.0,25.0
275.0,85.0,363.0,283.0,229.0
206.0,73.0,339.0,469.0,353.0
307.0,193.0,705.0,315.0,300.0
395.0,130.0,539.0,184.0,298.0
302.0,105.0,368.0,353.0,493.0
364.0,84.0,785.0,384.0,611.0
425.0,115.0,365.0,408.0,225.0
251.0,93.0,315.0,132.0,296.0
237.0,200.0,453.0,232.0,255.0
228.0,195.0,228.0,288.0,282.0
425.0,90.0,872.0,191.0,187.0
329.0,91.0,482.0,121.0,264.0
206.0,110.0,442.0,626.0,384.0
191.0,100.0,339.0,347.0,536.0
296.0,120.0,405.0,424.0,282.0
508.0,124.0,280.0,263.0,327.0
288.0,93.0,567.0,283.0,367.0
630.0,248.0,351.0,315.0,293.0
409.0,120.0,576.0,306.0,263.0
288.0,85.0,436.0,361.0,225.0
244.0,132.0,524.0,220.0,395.0
241.0,67.0,315.0,223.0,395.0
390.0,91.0,402.0,469.0,228.0
262.0,248.0,448.0,386.0,339.0
410.0,207.0,364.0,184.0,252.0
449.0,97.0,223.0,249.0,268.0
701.0,102.0,660.0,257.0,233.0
201.0,40.0,265.0,283.0,363.0
410.0,110.0,573.0,336.0,225.0
392.0,101.0,574.0,196.0,217.0
478.0,58.0,442.0,524.0,490.0
251.0,66.0,764.0,408.0,420.0
630.0,58.0,466.0,491.0,469.0
184.0,102.0,468.0,275.0,490.0
339.0,200.0,525.0,275.0,434.0
337.0,108.0,447.0,155.0,332.0
522.0,92.0,785.0,109.0,53.0
190.0,70.0,223.0,217.0,376.0
394.0,58.0,582.0,524.0,999.0
497.0,145.0,410.0,184.0,611.0
190.0,67.0,512.0,336.0,392.0
256.0,71.0,334.0,306.0,588.0
192.0,118.0,511.0,390.0,427.0
464.0,58.0,567.0,361.0,392.0
295.0,132.0,429.0,40.0,167.0
297.0,121.0,526.0,366.0,612.0
542.0,149.0,398.0,336.0,390.0
392.0,109.0,512.0,219.0,284.0
478.0,40.0,705.0,318.0,394.0
270.0,73.0,556.0,384.0,454.0
464.0,96.0,677.0,263.0,284.0
191.0,124.0,405.0,43.0,335.0
522.0,84.0,228.0,315.0,465.0
411.0,134.0,538.0,145.0,452.0
370.0,134.0,764.0,318.0,306.0
289.0,99.0,575.0,106.0,580.0
236.0,102.0,398.0,283.0,427.0
312.0,38.0,384.0,999.0,98.0
333.0,209.0,482.0,432.0,0.0
448.0,106.0,466.0,249.0,332.0
394.0,129.0,363.0,318.0,391.0
273.0,118.0,570.0,146.0,302.0
192.0,106.0,603.0,384.0,530.0
288.0,73.0,748.0,408.0,468.0
506.0,136.0,368.0,297.0,256.0
296.0,88.0,556.0,515.0,511.0
395.0,194.0,431.0,311.0,377.0
395.0,107.0,223.0,424.0,490.0
542.0,108.0,626.0,283.0,420.0
209.0,138.0,411.0,283.0,308.0
447.0,256.0,164.0,227.0,261.0
431.0,115.0,421.0,195.0,232.0
425.0,135.0,411.0,40.0,367.0
765.0,40.0,0.0,182.0,310.0
354.0,110.0,442.0,275.0,465.0
364.0,66.0,705.0,337.0,523.0
410.0,126.0,23.0,289.0,191.0
409.0,107.0,363.0,504.0,569.0
365.0,58.0,511.0,276.0,300.0
111.0,115.0,525.0,524.0,465.0
209.0,90.0,267.0,424.0,199.0
201.0,96.0,801.0,328.0,523.0
273.0,109.0,234.0,430.0,530.0
232.0,100.0,23.0,223.0,606.0
522.0,40.0,234.0,138.0,332.0
638.0,113.0,448.0,469.0,468.0
585.0,183.0,363.0,315.0,228.0
467.0,145.0,429.0,626.0,404.0
447.0,107.0,399.0,182.0,245.0
456.0,95.0,506.0,268.0,611.0
307.0,100.0,280.0,411.0,308.0
359.0,184.0,539.0,294.0,606.0
569.0,106.0,377.0,43.0,358.0
519.0,140.0,510.0,426.0,335.0
308.0,99.0,429.0,178.0,255.0
89.0,105.0,573.0,126.0,394.0
326.0,116.0,575.0,424.0,199.0
315.0,108.0,496.0,625.0,476.0
0.0,18.0,384.0,184.0,476.0
344.0,14.0,347.0,349.0,217.0
365.0,96.0,256.0,525.0,571.0
431.0,132.0,573.0,182.0,468.0
395.0,106.0,366.0,304.0,465.0
331.0,118.0,574.0,361.0,569.0
630.0,248.0,366.0,38.0,225.0
192.0,113.0,0.0,414.0,418.0
638.0,73.0,405.0,265.0,346.0
395.0,73.0,801.0,518.0,493.0
237.0,71.0,660.0,333.0,592.0
410.0,70.0,389.0,81.0,486.0
326.0,203.0,511.0,625.0,335.0
262.0,118.0,501.0,366.0,420.0
192.0,73.0,256.0,276.0,214.0
183.0,118.0,397.0,223.0,257.0
504.0,113.0,509.0,155.0,284.0
471.0,96.0,234.0,130.0,124.0
191.0,209.0,476.0,226.0,335.0
542.0,999.0,489.0,316.0,424.0
373.0,121.0,429.0,106.0,346.0
302.0,109.0,573.0,178.0,256.0
238.0,88.0,228.0,625.0,515.0
362.0,67.0,315.0,155.0,296.0
513.0,68.0,419.0,469.0,123.0
455.0,118.0,572.0,284.0,264.0
394.0,70.0,135.0,328.0,511.0
164.0,86.0,539.0,384.0,453.0
307.0,121.0,658.0,458.0,395.0
291.0,95.0,411.0,304.0,391.0
278.0,106.0,512.0,384.0,367.0
425.0,126.0,539.0,153.0,228.0
365.0,111.0,660.0,439.0,493.0
302.0,14.0,188.0,106.0,282.0
513.0,58.0,509.0,424.0,446.0
339.0,66.0,389.0,311.0,367.0
291.0,40.0,468.0,338.0,256.0
332.0,105.0,250.0,97.0,536.0
157.0,169.0,585.0,286.0,434.0
273.0,73.0,429.0,121.0,449.0
425.0,193.0,603.0,370.0,502.0
395.0,194.0,541.0,359.0,284.0
410.0,169.0,513.0,308.0,123.0
251.0,136.0,386.0,200.0,217.0
275.0,115.0,436.0,94.0,268.0
392.0,115.0,576.0,999.0,999.0
291.0,106.0,448.0,318.0,394.0
164.0,86.0,573.0,304.0,271.0
273.0,73.0,256.0,43.0,0.0
294.0,105.0,223.0,304.0,495.0
556.0,96.0,490.0,275.0,146.0
411.0,102.0,567.0,123.0,318.0
331.0,91.0,328.0,189.0,100.0
392.0,58.0,748.0,518.0,569.0
403.0,136.0,658.0,338.0,232.0
256.0,96.0,574.0,121.0,333.0
236.0,193.0,250.0,390.0,495.0
765.0,105.0,267.0,347.0,421.0
307.0,82.0,541.0,328.0,446.0
619.0,118.0,280.0,63.0,493.0
206.0,115.0,567.0,99.0,571.0
373.0,76.0,365.0,333.0,232.0
491.0,91.0,539.0,430.0,434.0
337.0,121.0,453.0,311.0,418.0
542.0,71.0,322.0,999.0,306.0
296.0,134.0,405.0,200.0,395.0
329.0,105.0,512.0,678.0,438.0
638.0,58.0,468.0,184.0,588.0
644.0,106.0,228.0,678.0,504.0
516.0,283.0,265.0,226.0,389.0
152.0,140.0,525.0,94.0,612.0
395.0,146.0,748.0,257.0,454.0
238.0,86.0,421.0,189.0,549.0
270.0,169.0,429.0,241.0,256.0
644.0,121.0,660.0,458.0,310.0
206.0,58.0,417.0,524.0,495.0
574.0,110.0,512.0,361.0,468.0
184.0,132.0,328.0,518.0,398.0
556.0,132.0,509.0,504.0,123.0
365.0,112.0,315.0,718.0,588.0
542.0,197.0,660.0,156.0,333.0
339.0,107.0,489.0,249.0,544.0
241.0,134.0,448.0,343.0,468.0
252.0,115.0,506.0,304.0,398.0
291.0,91.0,484.0,386.0,482.0
184.0,90.0,398.0,344.0,515.0
464.0,95.0,510.0,515.0,310.0
373.0,14.0,488.0,347.0,405.0
467.0,14.0,339.0,270.0,436.0
563.0,124.0,574.0,223.0,228.0
359.0,107.0,514.0,414.0,376.0
332.0,171.0,385.0,300.0,284.0
244.0,118.0,364.0,504.0,582.0
539.0,91.0,275.0,330.0,421.0
300.0,107.0,357.0,304.0,530.0
365.0,249.0,250.0,333.0,293.0
508.0,106.0,677.0,130.0,490.0
164.0,66.0,819.0,304.0,468.0
206.0,90.0,484.0,113.0,225.0
395.0,102.0,164.0,217.0,264.0
275.0,120.0,378.0,361.0,571.0
252.0,132.0,364.0,289.0,367.0
394.0,88.0,496.0,408.0,493.0
238.0,70.0,310.0,145.0,293.0
326.0,115.0,267.0,296.0,463.0
339.0,89.0,328.0,232.0,292.0
297.0,154.0,357.0,130.0,257.0
425.0,118.0,553.0,353.0,454.0
480.0,140.0,570.0,353.0,449.0
333.0,248.0,361.0,315.0,124.0
206.0,134.0,334.0,486.0,421.0
409.0,171.0,466.0,330.0,549.0
519.0,96.0,363.0,286.0,390.0
395.0,145.0,514.0,289.0,264.0
456.0,247.0,114.0,311.0,195.0
410.0,147.0,135.0,113.0,245.0
236.0,249.0,250.0,184.0,245.0
411.0,89.0,512.0,43.0,475.0
411.0,105.0,578.0,156.0,303.0
425.0,134.0,361.0,608.0,214.0
520.0,73.0,501.0,432.0,225.0
469.0,66.0,819.0,286.0,695.0
434.0,90.0,626.0,296.0,404.0
392.0,154.0,315.0,286.0,446.0
448.0,53.0,419.0,337.0,384.0
456.0,90.0,619.0,200.0,333.0
417.0,13.0,660.0,200.0,310.0
542.0,209.0,421.0,0.0,225.0
370.0,169.0,419.0,121.0,214.0
285.0,38.0,234.0,525.0,449.0
481.0,138.0,442.0,608.0,191.0
246.0,138.0,327.0,449.0,511.0
275.0,99.0,365.0,242.0,167.0
410.0,132.0,327.0,524.0,490.0
241.0,194.0,512.0,155.0,221.0
502.0,108.0,460.0,333.0,407.0
999.0,168.0,422.0,304.0,618.0
497.0,95.0,351.0,288.0,303.0
520.0,70.0,575.0,432.0,571.0
395.0,168.0,578.0,525.0,612.0
502.0,106.0,365.0,515.0,346.0
508.0,134.0,661.0,338.0,490.0
326.0,136.0,543.0,262.0,255.0
192.0,114.0,340.0,625.0,517.0
178.0,106.0,315.0,153.0,245.0
497.0,110.0,567.0,284.0,282.0
390.0,106.0,368.0,184.0,232.0
410.0,108.0,543.0,306.0,452.0
361.0,175.0,431.0,338.0,421.0
469.0,13.0,386.0,286.0,284.0
636.0,73.0,366.0,94.0,97.0
395.0,99.0,626.0,424.0,436.0
508.0,133.0,514.0,504.0,427.0
746.0,67.0,581.0,333.0,421.0
159.0,125.0,505.0,184.0,390.0
395.0,121.0,505.0,94.0,318.0
164.0,13.0,525.0,562.0,363.0
216.0,171.0,364.0,328.0,332.0
424.0,102.0,806.0,153.0,367.0
296.0,126.0,726.0,220.0,341.0
296.0,92.0,429.0,177.0,320.0
301.0,198.0,334.0,318.0,333.0
344.0,92.0,513.0,184.0,282.0
497.0,104.0,576.0,223.0,569.0
252.0,102.0,411.0,386.0,568.0
488.0,129.0,234.0,443.0,531.0
424.0,93.0,572.0,386.0,0.0
192.0,68.0,334.0,515.0,530.0
192.0,193.0,286.0,639.0,544.0
410.0,100.0,543.0,132.0,592.0
365.0,91.0,560.0,283.0,568.0
320.0,18.0,426.0,121.0,98.0
183.0,121.0,447.0,241.0,418.0
184.0,14.0,30.0,146.0,221.0
326.0,108.0,265.0,191.0,228.0
434.0,248.0,660.0,306.0,436.0
192.0,175.0,361.0,286.0,308.0
395.0,102.0,327.0,315.0,421.0
191.0,118.0,170.0,283.0,504.0
172.0,102.0,410.0,223.0,261.0
361.0,106.0,660.0,168.0,523.0
285.0,138.0,468.0,390.0,302.0
505.0,159.0,553.0,328.0,404.0
434.0,138.0,421.0,283.0,465.0
469.0,45.0,334.0,349.0,465.0
448.0,93.0,581.0,356.0,427.0
410.0,138.0,114.0,338.0,191.0
361.0,118.0,488.0,486.0,346.0
668.0,93.0,567.0,275.0,341.0
339.0,197.0,429.0,283.0,332.0
457.0,76.0,490.0,270.0,255.0
480.0,112.0,514.0,296.0,341.0
480.0,73.0,245.0,94.0,302.0
513.0,106.0,379.0,283.0,534.0
159.0,126.0,448.0,184.0,611.0
184.0,183.0,453.0,153.0,225.0
259.0,256.0,556.0,328.0,438.0
392.0,108.0,334.0,94.0,419.0
506.0,108.0,340.0,304.0,390.0
425.0,121.0,660.0,184.0,427.0
506.0,177.0,322.0,469.0,517.0
999.0,138.0,386.0,601.0,531.0
448.0,66.0,429.0,999.0,454.0
395.0,86.0,398.0,178.0,503.0
308.0,67.0,448.0,316.0,389.0
520.0,177.0,267.0,370.0,499.0
395.0,256.0,361.0,275.0,436.0
456.0,140.0,505.0,93.0,538.0
373.0,106.0,250.0,361.0,568.0
395.0,113.0,389.0,426.0,618.0
448.0,170.0,371.0,241.0,421.0
339.0,209.0,496.0,424.0,517.0
266.0,177.0,560.0,518.0,292.0
329.0,139.0,228.0,469.0,531.0
508.0,104.0,379.0,270.0,97.0
373.0,102.0,398.0,639.0,611.0
424.0,107.0,310.0,315.0,420.0
569.0,132.0,421.0,63.0,255.0
508.0,135.0,188.0,94.0,146.0
458.0,107.0,488.0,328.0,465.0
296.0,88.0,250.0,0.0,398.0
413.0,102.0,377.0,190.0,282.0
291.0,126.0,402.0,432.0,465.0
473.0,91.0,448.0,283.0,346.0
473.0,67.0,442.0,384.0,502.0
354.0,132.0,512.0,319.0,569.0
465.0,105.0,368.0,356.0,306.0
164.0,73.0,999.0,121.0,278.0
190.0,132.0,365.0,43.0,284.0
410.0,175.0,490.0,288.0,367.0
395.0,73.0,226.0,218.0,411.0
296.0,111.0,365.0,371.0,264.0
236.0,194.0,280.0,284.0,592.0
149.0,106.0,334.0,999.0,999.0
644.0,138.0,419.0,113.0,306.0
395.0,104.0,506.0,344.0,332.0
332.0,102.0,512.0,424.0,465.0
241.0,45.0,0.0,241.0,333.0
209.0,58.0,419.0,223.0,150.0
301.0,147.0,489.0,43.0,97.0
193.0,93.0,365.0,184.0,233.0
417.0,106.0,525.0,333.0,434.0
333.0,108.0,567.0,110.0,553.0
542.0,209.0,431.0,94.0,282.0
381.0,193.0,334.0,155.0,233.0
252.0,105.0,496.0,217.0,233.0
467.0,999.0,511.0,109.0,302.0
370.0,38.0,23.0,155.0,335.0
152.0,73.0,862.0,411.0,511.0
508.0,132.0,510.0,283.0,282.0
513.0,143.0,361.0,504.0,587.0
434.0,71.0,419.0,518.0,421.0
308.0,200.0,581.0,304.0,530.0
411.0,138.0,442.0,145.0,398.0
381.0,146.0,402.0,782.0,298.0
516.0,200.0,626.0,146.0,263.0
434.0,146.0,999.0,241.0,367.0
252.0,132.0,553.0,270.0,517.0
508.0,200.0,267.0,678.0,530.0
395.0,134.0,509.0,347.0,468.0
574.0,102.0,442.0,525.0,504.0
315.0,0.0,361.0,370.0,468.0
619.0,95.0,726.0,155.0,53.0
434.0,135.0,357.0,123.0,436.0
228.0,82.0,582.0,257.0,401.0
481.0,109.0,347.0,528.0,517.0
395.0,106.0,363.0,138.0,421.0
339.0,132.0,339.0,501.0,390.0
638.0,71.0,621.0,184.0,320.0
373.0,149.0,513.0,182.0,394.0
307.0,149.0,466.0,286.0,534.0
491.0,96.0,567.0,424.0,628.0
157.0,86.0,302.0,300.0,588.0
149.0,134.0,748.0,83.0,353.0
228.0,107.0,510.0,155.0,150.0
488.0,102.0,695.0,328.0,419.0
465.0,223.0,575.0,184.0,221.0
262.0,106.0,540.0,232.0,406.0
488.0,126.0,410.0,439.0,511.0
157.0,145.0,386.0,275.0,419.0
312.0,110.0,417.0,343.0,452.0
326.0,159.0,386.0,288.0,320.0
471.0,139.0,438.0,196.0,302.0
516.0,121.0,512.0,283.0,407.0
505.0,90.0,322.0,408.0,504.0
409.0,126.0,334.0,69.0,264.0
184.0,209.0,328.0,353.0,468.0
307.0,67.0,510.0,315.0,353.0
275.0,66.0,514.0,276.0,332.0
458.0,66.0,525.0,639.0,306.0
329.0,139.0,228.0,283.0,406.0
242.0,200.0,538.0,220.0,363.0
410.0,108.0,442.0,308.0,308.0
157.0,91.0,490.0,333.0,419.0
519.0,88.0,801.0,356.0,335.0
449.0,57.0,660.0,218.0,498.0
256.0,102.0,448.0,268.0,221.0
638.0,130.0,488.0,168.0,146.0
294.0,123.0,468.0,155.0,419.0
457.0,115.0,328.0,146.0,300.0
362.0,99.0,512.0,330.0,728.0
236.0,156.0,619.0,184.0,255.0
209.0,45.0,402.0,524.0,475.0
246.0,96.0,638.0,359.0,476.0
464.0,57.0,525.0,154.0,245.0
395.0,82.0,228.0,999.0,999.0
262.0,73.0,511.0,190.0,421.0
184.0,106.0,363.0,579.0,468.0
556.0,206.0,819.0,286.0,400.0
467.0,38.0,505.0,263.0,221.0
467.0,0.0,513.0,156.0,284.0
400.0,45.0,490.0,109.0,123.0
292.0,209.0,539.0,43.0,296.0
497.0,104.0,226.0,424.0,377.0
457.0,256.0,245.0,268.0,217.0
312.0,134.0,0.0,182.0,531.0
184.0,108.0,30.0,353.0,580.0
307.0,115.0,399.0,275.0,223.0
424.0,102.0,553.0,390.0,515.0
574.0,58.0,170.0,218.0,278.0
241.0,106.0,443.0,275.0,363.0
332.0,112.0,135.0,411.0,486.0
504.0,95.0,363.0,196.0,282.0
638.0,206.0,512.0,218.0,225.0
320.0,82.0,501.0,146.0,503.0
455.0,249.0,512.0,195.0,175.0
237.0,169.0,223.0,328.0,223.0
505.0,102.0,192.0,196.0,252.0
395.0,169.0,402.0,359.0,268.0
294.0,13.0,442.0,43.0,332.0
237.0,95.0,575.0,370.0,65.0
295.0,97.0,603.0,528.0,568.0
497.0,195.0,513.0,595.0,588.0
448.0,194.0,506.0,113.0,436.0
522.0,95.0,339.0,330.0,191.0
295.0,198.0,525.0,386.0,308.0
337.0,14.0,411.0,625.0,544.0
508.0,85.0,378.0,190.0,495.0
516.0,132.0,438.0,306.0,187.0
329.0,156.0,402.0,184.0,298.0
184.0,950.0,340.0,218.0,571.0
344.0,126.0,447.0,366.0,100.0
638.0,53.0,23.0,200.0,214.0
644.0,93.0,170.0,69.0,150.0
242.0,70.0,482.0,469.0,588.0
394.0,198.0,377.0,601.0,100.0
413.0,193.0,340.0,316.0,568.0
246.0,209.0,476.0,132.0,284.0
425.0,100.0,443.0,296.0,531.0
361.0,58.0,422.0,232.0,391.0
288.0,206.0,328.0,191.0,191.0
206.0,51.0,340.0,361.0,592.0
244.0,87.0,379.0,432.0,523.0
502.0,197.0,621.0,192.0,284.0
149.0,53.0,575.0,595.0,523.0
216.0,120.0,489.0,223.0,486.0
333.0,134.0,361.0,249.0,427.0
409.0,99.0,443.0,226.0,175.0
508.0,156.0,567.0,184.0,245.0
467.0,200.0,806.0,83.0,217.0
259.0,109.0,421.0,297.0,263.0
9.0,200.0,447.0,390.0,592.0
497.0,109.0,510.0,622.0,628.0
448.0,149.0,512.0,424.0,465.0
502.0,125.0,23.0,265.0,367.0
89.0,262.0,785.0,441.0,463.0
242.0,14.0,511.0,361.0,420.0
403.0,149.0,226.0,242.0,223.0
275.0,91.0,509.0,315.0,531.0
373.0,138.0,164.0,359.0,465.0
241.0,40.0,496.0,424.0,591.0
361.0,129.0,506.0,390.0,333.0
192.0,106.0,357.0,443.0,628.0
331.0,108.0,576.0,219.0,523.0
424.0,108.0,575.0,525.0,282.0
395.0,58.0,402.0,283.0,191.0
390.0,91.0,573.0,223.0,306.0
262.0,89.0,419.0,371.0,628.0
692.0,247.0,342.0,328.0,534.0
339.0,170.0,661.0,288.0,401.0
241.0,138.0,567.0,469.0,452.0
339.0,106.0,661.0,297.0,452.0
505.0,206.0,621.0,515.0,612.0
373.0,121.0,819.0,275.0,264.0
364.0,139.0,393.0,286.0,175.0
0.0,170.0,402.0,81.0,175.0
216.0,146.0,512.0,524.0,549.0
209.0,98.0,234.0,195.0,284.0
425.0,100.0,539.0,430.0,517.0
410.0,124.0,619.0,335.0,264.0
190.0,96.0,442.0,300.0,390.0
390.0,146.0,505.0,283.0,225.0
481.0,51.0,525.0,353.0,515.0
395.0,96.0,250.0,227.0,392.0
292.0,104.0,164.0,195.0,264.0
339.0,248.0,363.0,262.0,449.0
256.0,999.0,114.0,344.0,418.0
9.0,97.0,677.0,275.0,167.0
159.0,100.0,170.0,491.0,263.0
361.0,71.0,621.0,337.0,367.0
178.0,76.0,286.0,202.0,264.0
542.0,136.0,581.0,195.0,367.0
395.0,193.0,315.0,94.0,284.0
465.0,168.0,361.0,315.0,469.0
332.0,13.0,538.0,94.0,233.0
362.0,9.0,426.0,335.0,486.0
191.0,106.0,764.0,289.0,449.0
359.0,132.0,377.0,286.0,358.0
395.0,146.0,223.0,153.0,407.0
365.0,106.0,398.0,268.0,606.0
285.0,44.0,328.0,275.0,256.0
690.0,62.0,525.0,319.0,568.0
262.0,66.0,399.0,486.0,468.0
522.0,121.0,322.0,289.0,346.0
390.0,62.0,385.0,304.0,363.0
471.0,140.0,509.0,330.0,358.0
425.0,209.0,339.0,461.0,123.0
403.0,132.0,422.0,411.0,482.0
508.0,108.0,436.0,353.0,223.0
236.0,108.0,430.0,94.0,278.0
502.0,106.0,514.0,353.0,300.0
508.0,170.0,386.0,155.0,341.0
447.0,88.0,398.0,469.0,456.0
164.0,999.0,170.0,626.0,580.0
392.0,65.0,448.0,130.0,223.0
410.0,106.0,365.0,297.0,411.0
506.0,67.0,554.0,223.0,534.0
184.0,44.0,661.0,359.0,0.0
409.0,143.0,540.0,217.0,421.0
193.0,169.0,570.0,515.0,493.0
312.0,95.0,872.0,622.0,493.0
417.0,138.0,570.0,525.0,434.0
241.0,108.0,286.0,353.0,339.0
256.0,149.0,366.0,97.0,427.0
392.0,65.0,0.0,178.0,124.0
241.0,86.0,286.0,184.0,452.0
209.0,106.0,661.0,184.0,544.0
392.0,139.0,402.0,241.0,367.0
434.0,13.0,30.0,353.0,499.0
241.0,92.0,442.0,608.0,592.0
320.0,86.0,411.0,344.0,468.0
289.0,102.0,339.0,333.0,384.0
417.0,100.0,402.0,146.0,223.0
266.0,76.0,511.0,296.0,390.0
344.0,68.0,334.0,288.0,394.0
365.0,247.0,661.0,410.0,449.0
395.0,197.0,506.0,608.0,569.0
467.0,51.0,525.0,361.0,124.0
497.0,87.0,363.0,304.0,255.0
505.0,115.0,621.0,311.0,419.0
569.0,209.0,482.0,286.0,339.0
262.0,209.0,511.0,223.0,229.0
411.0,102.0,570.0,432.0,264.0
184.0,115.0,524.0,40.0,341.0
569.0,85.0,526.0,93.0,438.0
999.0,80.0,610.0,356.0,53.0
395.0,118.0,402.0,410.0,628.0
497.0,106.0,328.0,319.0,394.0
332.0,73.0,135.0,191.0,208.0
539.0,100.0,361.0,336.0,100.0
9.0,138.0,384.0,361.0,229.0
275.0,96.0,322.0,270.0,223.0
539.0,194.0,541.0,241.0,420.0
251.0,145.0,554.0,195.0,302.0
392.0,82.0,267.0,525.0,391.0
395.0,132.0,347.0,390.0,549.0
539.0,96.0,405.0,386.0,469.0
690.0,87.0,361.0,93.0,318.0
164.0,71.0,489.0,390.0,300.0
326.0,209.0,226.0,218.0,282.0
465.0,95.0,442.0,184.0,486.0
232.0,170.0,509.0,145.0,264.0
291.0,118.0,363.0,424.0,420.0
152.0,177.0,573.0,424.0,271.0
390.0,76.0,447.0,145.0,53.0
392.0,175.0,430.0,414.0,592.0
469.0,132.0,397.0,43.0,318.0
339.0,111.0,389.0,315.0,427.0
190.0,108.0,567.0,306.0,384.0
431.0,13.0,660.0,335.0,446.0
392.0,13.0,539.0,315.0,303.0
307.0,71.0,574.0,97.0,261.0
184.0,184.0,164.0,109.0,469.0
516.0,86.0,514.0,300.0,245.0
285.0,169.0,512.0,184.0,208.0
746.0,126.0,302.0,426.0,499.0
395.0,115.0,436.0,146.0,284.0
201.0,112.0,509.0,518.0,499.0
413.0,106.0,619.0,469.0,591.0
504.0,58.0,351.0,353.0,502.0
307.0,106.0,411.0,286.0,256.0
392.0,115.0,328.0,338.0,418.0
373.0,115.0,397.0,353.0,454.0
241.0,136.0,525.0,432.0,398.0
0.0,262.0,526.0,333.0,530.0
191.0,76.0,496.0,283.0,221.0
636.0,95.0,328.0,283.0,389.0
619.0,97.0,334.0,226.0,441.0
644.0,113.0,489.0,333.0,400.0
320.0,121.0,466.0,386.0,591.0
403.0,107.0,23.0,311.0,389.0
409.0,207.0,443.0,94.0,406.0
392.0,159.0,371.0,219.0,245.0
300.0,40.0,228.0,411.0,454.0
425.0,95.0,460.0,146.0,358.0
497.0,143.0,389.0,184.0,406.0
395.0,115.0,686.0,126.0,398.0
157.0,130.0,327.0,109.0,199.0
542.0,147.0,785.0,247.0,318.0
392.0,71.0,378.0,123.0,175.0
395.0,175.0,429.0,63.0,463.0
469.0,132.0,368.0,268.0,358.0
270.0,102.0,512.0,191.0,517.0
111.0,106.0,421.0,40.0,257.0
464.0,76.0,377.0,504.0,591.0
522.0,100.0,245.0,782.0,618.0
292.0,132.0,496.0,347.0,0.0
184.0,95.0,411.0,113.0,376.0
307.0,170.0,328.0,337.0,465.0
89.0,51.0,705.0,276.0,407.0
500.0,91.0,386.0,184.0,530.0
259.0,146.0,512.0,226.0,468.0
431.0,200.0,357.0,370.0,401.0
256.0,140.0,806.0,189.0,264.0
497.0,247.0,430.0,219.0,486.0
252.0,18.0,448.0,195.0,292.0
300.0,93.0,389.0,121.0,175.0
270.0,113.0,578.0,518.0,549.0
241.0,88.0,543.0,262.0,438.0
636.0,98.0,340.0,501.0,499.0
302.0,91.0,489.0,130.0,245.0
373.0,104.0,574.0,40.0,229.0
262.0,197.0,379.0,486.0,454.0
320.0,107.0,371.0,123.0,217.0
236.0,97.0,476.0,639.0,591.0
497.0,106.0,538.0,390.0,367.0
392.0,102.0,386.0,430.0,515.0
390.0,44.0,578.0,294.0,391.0
184.0,73.0,524.0,283.0,65.0
236.0,71.0,512.0,226.0,512.0
192.0,108.0,484.0,410.0,468.0
332.0,79.0,442.0,333.0,482.0
337.0,140.0,322.0,626.0,232.0
315.0,170.0,327.0,265.0,146.0
692.0,170.0,361.0,361.0,175.0
193.0,95.0,576.0,328.0,167.0
409.0,91.0,366.0,311.0,175.0
692.0,209.0,484.0,153.0,310.0
270.0,126.0,543.0,318.0,225.0
508.0,84.0,567.0,241.0,333.0
519.0,133.0,448.0,491.0,591.0
201.0,67.0,490.0,190.0,225.0
457.0,82.0,365.0,424.0,347.0
447.0,168.0,364.0,190.0,306.0
410.0,115.0,468.0,155.0,268.0
410.0,118.0,385.0,315.0,367.0
417.0,135.0,525.0,347.0,611.0
296.0,87.0,280.0,328.0,523.0
508.0,950.0,340.0,270.0,392.0
539.0,86.0,525.0,93.0,195.0
289.0,90.0,245.0,275.0,517.0
448.0,133.0,540.0,219.0,419.0
252.0,0.0,170.0,94.0,296.0
228.0,134.0,468.0,601.0,333.0
278.0,97.0,695.0,315.0,98.0
157.0,132.0,402.0,424.0,469.0
237.0,121.0,364.0,218.0,536.0
237.0,161.0,543.0,223.0,98.0
457.0,36.0,705.0,223.0,411.0
183.0,121.0,556.0,190.0,504.0
364.0,76.0,448.0,318.0,482.0
447.0,106.0,785.0,515.0,468.0
266.0,73.0,192.0,268.0,217.0
295.0,112.0,436.0,501.0,517.0
339.0,113.0,417.0,330.0,398.0
480.0,108.0,364.0,333.0,517.0
294.0,86.0,328.0,491.0,523.0
481.0,58.0,280.0,155.0,65.0
392.0,73.0,430.0,491.0,221.0
409.0,96.0,384.0,528.0,150.0
359.0,112.0,677.0,515.0,434.0
365.0,169.0,489.0,316.0,728.0
262.0,111.0,379.0,276.0,377.0
89.0,169.0,466.0,262.0,303.0
481.0,112.0,426.0,524.0,517.0
362.0,107.0,539.0,333.0,245.0
333.0,86.0,223.0,718.0,293.0
262.0,203.0,660.0,155.0,0.0
326.0,112.0,322.0,410.0,452.0
209.0,108.0,660.0,304.0,493.0
183.0,86.0,364.0,177.0,367.0
183.0,140.0,512.0,335.0,424.0
409.0,138.0,574.0,601.0,465.0
999.0,209.0,421.0,154.0,195.0
359.0,100.0,422.0,283.0,214.0
504.0,120.0,453.0,343.0,252.0
502.0,97.0,357.0,153.0,245.0
456.0,135.0,368.0,123.0,146.0
569.0,58.0,570.0,227.0,367.0
266.0,132.0,511.0,294.0,298.0
157.0,169.0,468.0,515.0,97.0
424.0,71.0,538.0,304.0,98.0
434.0,146.0,357.0,81.0,221.0
237.0,168.0,453.0,337.0,436.0
344.0,95.0,363.0,130.0,191.0
157.0,140.0,660.0,311.0,225.0
191.0,126.0,223.0,97.0,245.0
425.0,106.0,748.0,200.0,495.0
354.0,146.0,322.0,265.0,335.0
410.0,100.0,512.0,424.0,436.0
457.0,107.0,448.0,343.0,515.0
244.0,112.0,351.0,220.0,346.0
266.0,85.0,398.0,449.0,424.0
542.0,110.0,364.0,121.0,424.0
237.0,132.0,188.0,386.0,538.0
467.0,96.0,509.0,178.0,318.0
409.0,106.0,512.0,304.0,282.0
262.0,134.0,534.0,595.0,553.0
251.0,109.0,466.0,154.0,320.0
425.0,126.0,505.0,443.0,476.0
236.0,97.0,482.0,343.0,469.0
192.0,51.0,705.0,625.0,606.0
392.0,92.0,726.0,286.0,406.0
390.0,248.0,448.0,311.0,332.0
488.0,67.0,378.0,411.0,538.0
488.0,86.0,570.0,126.0,221.0
449.0,38.0,30.0,306.0,332.0
183.0,106.0,482.0,424.0,568.0
644.0,97.0,426.0,311.0,367.0
362.0,106.0,328.0,182.0,391.0
246.0,198.0,686.0,304.0,367.0
502.0,62.0,501.0,275.0,438.0
508.0,146.0,361.0,408.0,530.0
373.0,115.0,357.0,390.0,469.0
0.0,115.0,582.0,283.0,569.0
425.0,90.0,384.0,386.0,618.0
478.0,247.0,496.0,192.0,302.0
644.0,159.0,286.0,106.0,255.0
413.0,223.0,489.0,99.0,391.0
434.0,115.0,540.0,294.0,531.0
504.0,91.0,361.0,177.0,498.0
183.0,93.0,453.0,63.0,195.0
294.0,115.0,398.0,390.0,568.0
157.0,140.0,509.0,283.0,395.0
395.0,139.0,490.0,441.0,495.0
172.0,38.0,466.0,69.0,468.0
542.0,107.0,442.0,226.0,263.0
301.0,118.0,422.0,318.0,225.0
241.0,90.0,872.0,390.0,434.0
504.0,86.0,386.0,300.0,303.0
273.0,107.0,114.0,226.0,515.0
232.0,247.0,505.0,328.0,468.0
216.0,170.0,402.0,223.0,418.0
478.0,126.0,567.0,69.0,530.0
381.0,101.0,512.0,223.0,363.0
448.0,68.0,489.0,432.0,221.0
494.0,90.0,328.0,347.0,568.0
467.0,177.0,490.0,146.0,419.0
361.0,108.0,567.0,443.0,536.0
237.0,134.0,582.0,304.0,454.0
458.0,184.0,310.0,315.0,465.0
410.0,247.0,361.0,359.0,456.0
191.0,248.0,443.0,356.0,538.0
315.0,198.0,419.0,306.0,454.0
9.0,113.0,310.0,284.0,612.0
500.0,125.0,488.0,196.0,53.0
237.0,108.0,438.0,626.0,449.0
297.0,121.0,554.0,297.0,453.0
522.0,88.0,363.0,218.0,400.0
497.0,126.0,748.0,518.0,407.0
410.0,169.0,228.0,518.0,427.0
332.0,209.0,250.0,315.0,394.0
585.0,132.0,245.0,232.0,123.0
315.0,57.0,553.0,286.0,453.0
238.0,76.0,511.0,121.0,252.0
232.0,107.0,603.0,226.0,569.0
425.0,125.0,334.0,130.0,187.0
400.0,58.0,660.0,337.0,544.0
339.0,73.0,560.0,126.0,25.0
425.0,90.0,399.0,308.0,421.0
395.0,105.0,999.0,353.0,587.0
266.0,40.0,364.0,361.0,569.0
410.0,100.0,363.0,370.0,245.0
395.0,91.0,539.0,93.0,123.0
149.0,109.0,582.0,283.0,389.0
339.0,73.0,0.0,202.0,587.0
308.0,106.0,426.0,384.0,512.0
467.0,248.0,585.0,306.0,223.0
312.0,14.0,93.0,218.0,332.0
332.0,73.0,398.0,242.0,257.0
152.0,194.0,357.0,217.0,65.0
500.0,108.0,567.0,390.0,367.0
373.0,84.0,496.0,200.0,232.0
361.0,135.0,114.0,356.0,588.0
478.0,95.0,573.0,156.0,333.0
178.0,40.0,228.0,518.0,569.0
190.0,121.0,450.0,94.0,252.0
395.0,67.0,363.0,336.0,420.0
251.0,106.0,660.0,249.0,303.0
502.0,107.0,468.0,330.0,353.0
206.0,110.0,585.0,338.0,587.0
471.0,76.0,496.0,458.0,303.0
395.0,90.0,999.0,129.0,223.0
178.0,106.0,267.0,316.0,419.0
502.0,136.0,506.0,220.0,495.0
456.0,125.0,411.0,608.0,569.0
390.0,86.0,93.0,283.0,376.0
434.0,62.0,93.0,338.0,515.0
246.0,109.0,585.0,304.0,411.0
449.0,169.0,192.0,469.0,571.0
508.0,113.0,570.0,595.0,441.0
392.0,89.0,327.0,344.0,292.0
289.0,62.0,735.0,524.0,302.0
449.0,135.0,405.0,223.0,300.0
164.0,125.0,575.0,304.0,389.0
395.0,106.0,361.0,192.0,398.0
302.0,134.0,543.0,359.0,476.0
209.0,200.0,638.0,639.0,544.0
410.0,58.0,340.0,311.0,302.0
465.0,126.0,748.0,195.0,100.0
259.0,113.0,426.0,626.0,441.0
339.0,89.0,402.0,247.0,233.0
178.0,136.0,621.0,469.0,549.0
252.0,113.0,23.0,154.0,377.0
390.0,14.0,429.0,501.0,465.0
307.0,170.0,509.0,343.0,465.0
190.0,121.0,496.0,191.0,400.0
361.0,108.0,567.0,242.0,454.0
410.0,90.0,513.0,335.0,405.0
9.0,96.0,430.0,426.0,469.0
410.0,206.0,695.0,337.0,407.0
295.0,102.0,695.0,311.0,398.0
190.0,91.0,578.0,257.0,298.0
9.0,106.0,573.0,178.0,245.0
395.0,101.0,509.0,524.0,592.0
556.0,121.0,223.0,182.0,300.0
449.0,115.0,327.0,284.0,282.0
312.0,132.0,334.0,189.0,296.0
266.0,105.0,402.0,311.0,263.0
152.0,93.0,567.0,430.0,367.0
266.0,73.0,560.0,579.0,530.0
262.0,145.0,541.0,625.0,332.0
395.0,40.0,489.0,359.0,493.0
497.0,170.0,426.0,304.0,463.0
183.0,88.0,514.0,424.0,530.0
373.0,114.0,363.0,524.0,282.0
692.0,58.0,448.0,386.0,476.0
285.0,91.0,419.0,347.0,449.0
365.0,80.0,512.0,226.0,411.0
636.0,97.0,525.0,286.0,346.0
192.0,113.0,543.0,306.0,261.0
434.0,177.0,429.0,106.0,187.0
481.0,145.0,399.0,504.0,252.0
542.0,248.0,364.0,283.0,419.0
478.0,115.0,250.0,223.0,282.0
494.0,134.0,397.0,486.0,300.0
301.0,108.0,402.0,356.0,495.0
636.0,112.0,280.0,283.0,475.0
500.0,168.0,386.0,184.0,303.0
464.0,58.0,170.0,622.0,434.0
201.0,73.0,393.0,123.0,296.0
395.0,51.0,188.0,130.0,225.0
373.0,62.0,347.0,515.0,534.0
329.0,125.0,540.0,469.0,592.0
252.0,118.0,574.0,189.0,300.0
542.0,66.0,476.0,257.0,367.0
296.0,113.0,540.0,336.0,400.0
241.0,67.0,366.0,469.0,394.0
556.0,143.0,256.0,184.0,468.0
392.0,96.0,234.0,390.0,571.0
447.0,73.0,512.0,262.0,306.0
307.0,102.0,245.0,113.0,332.0
469.0,132.0,334.0,275.0,394.0
333.0,197.0,576.0,268.0,367.0
329.0,95.0,489.0,304.0,606.0
300.0,93.0,513.0,166.0,293.0
395.0,195.0,556.0,361.0,523.0
692.0,118.0,509.0,129.0,320.0
394.0,113.0,339.0,361.0,296.0
409.0,110.0,448.0,145.0,618.0
409.0,138.0,660.0,202.0,463.0
392.0,87.0,363.0,390.0,468.0
394.0,73.0,398.0,469.0,517.0
473.0,71.0,393.0,486.0,257.0
252.0,115.0,188.0,289.0,282.0
289.0,209.0,366.0,83.0,233.0
206.0,207.0,511.0,81.0,229.0
644.0,118.0,619.0,288.0,395.0
491.0,80.0,506.0,411.0,221.0
392.0,184.0,361.0,304.0,257.0
157.0,40.0,377.0,227.0,553.0
241.0,108.0,748.0,145.0,217.0
394.0,109.0,513.0,524.0,245.0
434.0,149.0,538.0,443.0,390.0
638.0,80.0,764.0,315.0,452.0
270.0,96.0,357.0,294.0,418.0
370.0,195.0,511.0,595.0,296.0
502.0,106.0,512.0,284.0,571.0
400.0,67.0,357.0,288.0,229.0
508.0,109.0,573.0,371.0,580.0
262.0,113.0,448.0,219.0,282.0
425.0,138.0,334.0,191.0,419.0
183.0,90.0,340.0,129.0,628.0
619.0,171.0,361.0,999.0,999.0
237.0,76.0,573.0,344.0,438.0
289.0,0.0,361.0,283.0,493.0
359.0,65.0,448.0,196.0,245.0
301.0,115.0,511.0,121.0,261.0
278.0,102.0,334.0,219.0,271.0
585.0,219.0,448.0,625.0,486.0
190.0,135.0,363.0,525.0,499.0
481.0,132.0,398.0,191.0,284.0
457.0,107.0,450.0,337.0,523.0
506.0,116.0,339.0,263.0,263.0
183.0,209.0,361.0,469.0,257.0
636.0,146.0,484.0,515.0,454.0
332.0,135.0,862.0,486.0,523.0
307.0,108.0,371.0,316.0,358.0
301.0,133.0,482.0,81.0,264.0
206.0,0.0,448.0,296.0,225.0
690.0,145.0,357.0,0.0,465.0
238.0,0.0,342.0,359.0,544.0
275.0,90.0,328.0,283.0,534.0
291.0,102.0,506.0,226.0,401.0
508.0,18.0,164.0,390.0,434.0
359.0,197.0,801.0,99.0,187.0
288.0,76.0,419.0,390.0,187.0
206.0,86.0,361.0,275.0,347.0
395.0,40.0,256.0,121.0,332.0
244.0,999.0,357.0,247.0,233.0
644.0,108.0,581.0,283.0,530.0
508.0,112.0,872.0,154.0,300.0
238.0,118.0,340.0,123.0,298.0
292.0,107.0,496.0,155.0,208.0
431.0,115.0,573.0,528.0,611.0
164.0,107.0,357.0,333.0,406.0
364.0,138.0,384.0,155.0,284.0
159.0,135.0,510.0,227.0,587.0
644.0,138.0,576.0,626.0,421.0
497.0,124.0,364.0,184.0,332.0
252.0,80.0,322.0,146.0,405.0
413.0,161.0,999.0,311.0,271.0
251.0,999.0,339.0,217.0,292.0
457.0,171.0,342.0,469.0,475.0
513.0,121.0,93.0,337.0,302.0
228.0,112.0,378.0,356.0,523.0
251.0,18.0,490.0,439.0,465.0
513.0,116.0,378.0,191.0,549.0
488.0,102.0,660.0,384.0,335.0
448.0,129.0,488.0,276.0,358.0
237.0,146.0,364.0,284.0,531.0
273.0,124.0,705.0,182.0,252.0
395.0,129.0,365.0,311.0,404.0
315.0,76.0,170.0,226.0,427.0
505.0,203.0,735.0,296.0,531.0
291.0,102.0,429.0,195.0,499.0
252.0,112.0,512.0,40.0,523.0
395.0,73.0,581.0,242.0,353.0
395.0,126.0,422.0,308.0,476.0
392.0,89.0,442.0,227.0,618.0
464.0,92.0,510.0,286.0,469.0
292.0,193.0,93.0,192.0,327.0
228.0,95.0,541.0,408.0,221.0
184.0,76.0,170.0,155.0,611.0
266.0,73.0,328.0,218.0,257.0
471.0,40.0,862.0,247.0,124.0
292.0,123.0,361.0,247.0,695.0
539.0,92.0,93.0,227.0,187.0
513.0,207.0,556.0,294.0,332.0
505.0,256.0,402.0,359.0,256.0
519.0,97.0,660.0,386.0,278.0
332.0,130.0,228.0,275.0,150.0
619.0,87.0,334.0,0.0,223.0
238.0,113.0,567.0,353.0,465.0
278.0,184.0,379.0,94.0,256.0
184.0,71.0,265.0,384.0,446.0
425.0,90.0,417.0,338.0,582.0
291.0,62.0,23.0,384.0,493.0
192.0,146.0,660.0,153.0,436.0
344.0,132.0,660.0,43.0,264.0
273.0,154.0,339.0,356.0,511.0
410.0,86.0,514.0,63.0,225.0
692.0,134.0,368.0,441.0,427.0
447.0,97.0,363.0,268.0,191.0
183.0,100.0,405.0,286.0,232.0
425.0,130.0,806.0,132.0,221.0
455.0,170.0,384.0,390.0,517.0
542.0,79.0,357.0,94.0,411.0
193.0,106.0,496.0,528.0,512.0
331.0,106.0,410.0,491.0,339.0
424.0,102.0,328.0,242.0,346.0
191.0,91.0,496.0,337.0,419.0
373.0,115.0,509.0,155.0,191.0
315.0,118.0,0.0,223.0,612.0
332.0,146.0,677.0,223.0,298.0
289.0,107.0,371.0,469.0,536.0
701.0,283.0,543.0,315.0,493.0
362.0,118.0,567.0,384.0,611.0
448.0,115.0,538.0,232.0,225.0
237.0,85.0,514.0,263.0,587.0
434.0,79.0,361.0,184.0,123.0
228.0,71.0,543.0,94.0,245.0
478.0,71.0,510.0,109.0,97.0
333.0,110.0,581.0,106.0,191.0
172.0,79.0,460.0,129.0,504.0
508.0,107.0,389.0,469.0,611.0
644.0,209.0,363.0,129.0,332.0
746.0,57.0,361.0,123.0,261.0
295.0,134.0,436.0,223.0,303.0
326.0,102.0,447.0,83.0,611.0
542.0,102.0,621.0,146.0,146.0
244.0,108.0,170.0,333.0,256.0
513.0,107.0,334.0,411.0,456.0
636.0,118.0,275.0,469.0,438.0
508.0,40.0,363.0,333.0,465.0
522.0,90.0,366.0,319.0,392.0
522.0,76.0,361.0,195.0,97.0
563.0,129.0,417.0,43.0,199.0
481.0,108.0,442.0,184.0,233.0
480.0,44.0,576.0,113.0,187.0
619.0,115.0,484.0,347.0,468.0
209.0,108.0,448.0,371.0,504.0
291.0,197.0,660.0,524.0,252.0
273.0,108.0,554.0,579.0,883.0
296.0,124.0,621.0,361.0,549.0
365.0,107.0,226.0,153.0,256.0
508.0,90.0,361.0,525.0,377.0
206.0,102.0,23.0,414.0,446.0
542.0,87.0,351.0,296.0,495.0
520.0,105.0,402.0,524.0,404.0
765.0,146.0,267.0,109.0,123.0
152.0,168.0,448.0,113.0,282.0
246.0,145.0,496.0,289.0,469.0
542.0,132.0,377.0,265.0,419.0
392.0,85.0,429.0,424.0,452.0
300.0,113.0,862.0,168.0,221.0
458.0,85.0,489.0,315.0,531.0
256.0,193.0,363.0,132.0,252.0
329.0,0.0,23.0,469.0,302.0
400.0,102.0,442.0,469.0,434.0
467.0,132.0,322.0,782.0,463.0
278.0,170.0,482.0,202.0,482.0
184.0,132.0,450.0,109.0,98.0
275.0,88.0,581.0,461.0,517.0
409.0,73.0,368.0,283.0,268.0
191.0,9.0,361.0,486.0,150.0
473.0,92.0,421.0,469.0,498.0
296.0,138.0,405.0,268.0,411.0
242.0,38.0,603.0,94.0,245.0
424.0,67.0,402.0,126.0,411.0
473.0,73.0,509.0,226.0,229.0
183.0,95.0,357.0,286.0,308.0
630.0,209.0,430.0,178.0,217.0
455.0,156.0,398.0,335.0,475.0
425.0,82.0,448.0,639.0,502.0
500.0,198.0,357.0,390.0,394.0
307.0,124.0,280.0,106.0,333.0
668.0,89.0,366.0,97.0,284.0
392.0,134.0,234.0,178.0,438.0
289.0,57.0,234.0,486.0,284.0
244.0,249.0,484.0,192.0,228.0
481.0,107.0,510.0,349.0,517.0
312.0,154.0,509.0,106.0,411.0
542.0,283.0,114.0,371.0,503.0
373.0,112.0,368.0,155.0,100.0
209.0,247.0,429.0,319.0,394.0
184.0,108.0,610.0,40.0,303.0
373.0,248.0,999.0,356.0,441.0
465.0,138.0,286.0,359.0,475.0
301.0,138.0,524.0,191.0,392.0
184.0,207.0,438.0,296.0,256.0
373.0,113.0,436.0,469.0,504.0
149.0,106.0,438.0,353.0,454.0
502.0,58.0,357.0,196.0,303.0
563.0,71.0,379.0,424.0,504.0
458.0,82.0,660.0,184.0,217.0
410.0,67.0,482.0,262.0,214.0
403.0,13.0,357.0,226.0,367.0
417.0,52.0,361.0,155.0,335.0
296.0,79.0,363.0,226.0,217.0
574.0,67.0,114.0,343.0,606.0
409.0,175.0,658.0,361.0,376.0
457.0,91.0,368.0,38.0,293.0
455.0,114.0,429.0,177.0,332.0
563.0,40.0,501.0,241.0,255.0
326.0,67.0,705.0,184.0,406.0
411.0,140.0,389.0,83.0,347.0
513.0,86.0,512.0,622.0,498.0
999.0,0.0,366.0,130.0,284.0
464.0,129.0,310.0,232.0,398.0
344.0,108.0,419.0,439.0,511.0
288.0,80.0,310.0,361.0,225.0
692.0,105.0,265.0,184.0,391.0
183.0,132.0,677.0,608.0,523.0
505.0,132.0,705.0,297.0,284.0
236.0,105.0,286.0,241.0,523.0
242.0,71.0,328.0,311.0,394.0
184.0,156.0,621.0,999.0,999.0
519.0,18.0,328.0,217.0,98.0
370.0,101.0,226.0,318.0,306.0
410.0,73.0,512.0,262.0,225.0
513.0,146.0,448.0,184.0,536.0
339.0,140.0,543.0,344.0,256.0
201.0,97.0,541.0,361.0,571.0
494.0,126.0,361.0,432.0,302.0
278.0,133.0,525.0,129.0,100.0
111.0,138.0,188.0,200.0,611.0
206.0,76.0,505.0,200.0,611.0
288.0,44.0,581.0,443.0,504.0
411.0,194.0,379.0,347.0,588.0
692.0,87.0,419.0,265.0,318.0
458.0,14.0,280.0,999.0,611.0
241.0,91.0,386.0,192.0,346.0
424.0,249.0,509.0,328.0,534.0
630.0,133.0,556.0,249.0,25.0
370.0,132.0,417.0,562.0,591.0
425.0,171.0,426.0,316.0,476.0
275.0,38.0,410.0,347.0,531.0
365.0,105.0,556.0,449.0,588.0
242.0,102.0,862.0,226.0,582.0
241.0,138.0,539.0,390.0,282.0
0.0,98.0,496.0,242.0,358.0
539.0,102.0,361.0,518.0,591.0
238.0,113.0,466.0,316.0,465.0
312.0,90.0,405.0,639.0,468.0
668.0,120.0,226.0,109.0,221.0
192.0,82.0,430.0,370.0,534.0
365.0,118.0,357.0,384.0,421.0
502.0,132.0,638.0,294.0,363.0
339.0,209.0,223.0,217.0,394.0
259.0,90.0,585.0,265.0,302.0
473.0,76.0,513.0,286.0,395.0
288.0,134.0,543.0,315.0,282.0
585.0,58.0,334.0,579.0,517.0
273.0,86.0,328.0,155.0,264.0
206.0,18.0,488.0,249.0,255.0
242.0,248.0,361.0,424.0,517.0
392.0,159.0,476.0,328.0,618.0
237.0,116.0,448.0,97.0,536.0
504.0,109.0,426.0,249.0,580.0
519.0,102.0,512.0,283.0,498.0
190.0,193.0,525.0,286.0,530.0
701.0,90.0,340.0,411.0,436.0
300.0,139.0,686.0,501.0,544.0
273.0,58.0,509.0,94.0,392.0
395.0,105.0,417.0,247.0,512.0
465.0,102.0,443.0,132.0,438.0
262.0,209.0,226.0,283.0,441.0
409.0,134.0,286.0,524.0,490.0
395.0,44.0,556.0,330.0,363.0
513.0,79.0,170.0,219.0,407.0
478.0,58.0,578.0,132.0,245.0
457.0,76.0,621.0,318.0,611.0
191.0,154.0,488.0,361.0,503.0
746.0,168.0,398.0,304.0,499.0
447.0,112.0,489.0,223.0,406.0
392.0,97.0,570.0,146.0,530.0
288.0,67.0,450.0,123.0,123.0
516.0,95.0,506.0,718.0,517.0
206.0,184.0,361.0,132.0,187.0
494.0,0.0,489.0,318.0,303.0
392.0,67.0,411.0,126.0,53.0
585.0,139.0,501.0,469.0,228.0
262.0,102.0,334.0,257.0,150.0
295.0,66.0,735.0,316.0,264.0
425.0,198.0,764.0,83.0,553.0
294.0,67.0,417.0,424.0,419.0
206.0,136.0,764.0,191.0,493.0
297.0,139.0,443.0,469.0,225.0
339.0,207.0,363.0,359.0,468.0
190.0,247.0,430.0,306.0,534.0
403.0,121.0,371.0,441.0,606.0
425.0,161.0,393.0,525.0,580.0
395.0,209.0,429.0,344.0,468.0
542.0,116.0,610.0,182.0,282.0
184.0,106.0,450.0,336.0,367.0
392.0,154.0,447.0,130.0,223.0
478.0,91.0,234.0,304.0,292.0
542.0,126.0,540.0,138.0,419.0
289.0,84.0,429.0,218.0,391.0
410.0,91.0,397.0,458.0,419.0
505.0,109.0,419.0,595.0,436.0
242.0,138.0,364.0,189.0,490.0
332.0,247.0,443.0,284.0,367.0
425.0,14.0,397.0,300.0,476.0
491.0,121.0,429.0,432.0,482.0
457.0,106.0,610.0,528.0,308.0
364.0,118.0,801.0,474.0,530.0
395.0,65.0,250.0,218.0,228.0
270.0,125.0,554.0,294.0,261.0
636.0,71.0,267.0,344.0,612.0
228.0,146.0,660.0,223.0,98.0
297.0,95.0,223.0,155.0,223.0
522.0,79.0,327.0,145.0,232.0
209.0,171.0,114.0,265.0,407.0
449.0,58.0,484.0,218.0,245.0
395.0,101.0,411.0,182.0,53.0
362.0,219.0,419.0,330.0,434.0
522.0,95.0,364.0,461.0,538.0
478.0,105.0,505.0,390.0,695.0
252.0,124.0,363.0,219.0,123.0
256.0,256.0,402.0,155.0,411.0
403.0,219.0,525.0,283.0,332.0
636.0,84.0,572.0,300.0,394.0
333.0,109.0,505.0,43.0,300.0
520.0,86.0,626.0,359.0,367.0
259.0,101.0,541.0,268.0,468.0
361.0,97.0,363.0,424.0,531.0
473.0,118.0,275.0,361.0,517.0
183.0,207.0,322.0,242.0,308.0
259.0,106.0,554.0,182.0,263.0
193.0,219.0,534.0,424.0,606.0
630.0,107.0,411.0,184.0,261.0
506.0,70.0,556.0,227.0,405.0
434.0,65.0,386.0,410.0,517.0
294.0,110.0,328.0,154.0,302.0
252.0,73.0,660.0,154.0,261.0
373.0,62.0,351.0,458.0,225.0
394.0,107.0,327.0,330.0,436.0
315.0,79.0,385.0,106.0,517.0
333.0,90.0,328.0,126.0,25.0
506.0,91.0,872.0,441.0,406.0
361.0,118.0,501.0,191.0,221.0
410.0,126.0,334.0,283.0,100.0
288.0,104.0,438.0,241.0,284.0
409.0,121.0,377.0,94.0,476.0
337.0,100.0,402.0,319.0,503.0
692.0,248.0,245.0,486.0,469.0
242.0,86.0,509.0,337.0,482.0
192.0,102.0,505.0,410.0,495.0
164.0,109.0,514.0,353.0,523.0
508.0,105.0,30.0,608.0,233.0
999.0,66.0,436.0,109.0,284.0
999.0,223.0,442.0,275.0,302.0
644.0,71.0,567.0,458.0,465.0
481.0,71.0,538.0,647.0,611.0
927.0,40.0,368.0,168.0,214.0
539.0,170.0,572.0,126.0,284.0
478.0,87.0,340.0,241.0,261.0
619.0,116.0,484.0,177.0,252.0
184.0,67.0,575.0,337.0,320.0
458.0,197.0,170.0,177.0,536.0
434.0,73.0,603.0,113.0,225.0
241.0,108.0,379.0,622.0,612.0
409.0,65.0,476.0,184.0,318.0
522.0,108.0,735.0,338.0,482.0
373.0,87.0,234.0,154.0,427.0
232.0,118.0,384.0,241.0,407.0
413.0,132.0,328.0,390.0,436.0
291.0,206.0,490.0,491.0,376.0
308.0,118.0,581.0,443.0,296.0
354.0,105.0,506.0,330.0,421.0
410.0,156.0,448.0,154.0,405.0
191.0,106.0,371.0,390.0,398.0
201.0,40.0,226.0,678.0,517.0
473.0,114.0,543.0,518.0,245.0
395.0,52.0,489.0,166.0,208.0
275.0,101.0,442.0,38.0,229.0
315.0,40.0,574.0,129.0,310.0
392.0,106.0,806.0,486.0,469.0
395.0,65.0,543.0,218.0,333.0
266.0,95.0,443.0,337.0,405.0
392.0,200.0,626.0,184.0,300.0
206.0,118.0,436.0,247.0,333.0
392.0,132.0,488.0,286.0,346.0
373.0,203.0,386.0,999.0,465.0
361.0,73.0,385.0,353.0,424.0
500.0,106.0,525.0,94.0,282.0
574.0,40.0,748.0,366.0,431.0
425.0,132.0,735.0,361.0,456.0
192.0,91.0,361.0,154.0,217.0
471.0,107.0,402.0,337.0,228.0
206.0,76.0,510.0,286.0,263.0
312.0,120.0,322.0,40.0,512.0
206.0,95.0,448.0,328.0,618.0
183.0,194.0,466.0,249.0,427.0
184.0,135.0,245.0,626.0,538.0
410.0,118.0,660.0,328.0,282.0
159.0,97.0,363.0,177.0,268.0
307.0,114.0,402.0,178.0,486.0
191.0,106.0,539.0,276.0,346.0
390.0,115.0,234.0,247.0,225.0
469.0,93.0,436.0,356.0,400.0
308.0,169.0,572.0,182.0,221.0
192.0,115.0,574.0,608.0,504.0
362.0,113.0,554.0,359.0,452.0
266.0,198.0,267.0,296.0,406.0
332.0,198.0,806.0,109.0,441.0
172.0,283.0,525.0,311.0,391.0
395.0,62.0,361.0,328.0,411.0
480.0,110.0,286.0,182.0,327.0
312.0,209.0,0.0,69.0,225.0
638.0,44.0,506.0,219.0,530.0
320.0,106.0,511.0,155.0,438.0
157.0,203.0,419.0,319.0,495.0
569.0,109.0,405.0,424.0,421.0
692.0,91.0,578.0,283.0,208.0
191.0,206.0,450.0,249.0,332.0
505.0,85.0,511.0,130.0,418.0
411.0,110.0,538.0,257.0,229.0
242.0,76.0,384.0,411.0,225.0
520.0,106.0,638.0,461.0,512.0
516.0,262.0,223.0,97.0,468.0
481.0,147.0,357.0,195.0,303.0
425.0,73.0,872.0,626.0,167.0
337.0,51.0,603.0,94.0,367.0
332.0,120.0,93.0,469.0,611.0
425.0,106.0,553.0,410.0,282.0
302.0,126.0,93.0,308.0,511.0
395.0,84.0,509.0,247.0,302.0
520.0,18.0,538.0,184.0,384.0
329.0,44.0,421.0,319.0,332.0
481.0,193.0,30.0,257.0,320.0
300.0,89.0,384.0,359.0,465.0
390.0,97.0,361.0,443.0,695.0
585.0,97.0,419.0,304.0,282.0
111.0,132.0,399.0,168.0,339.0
636.0,102.0,570.0,424.0,398.0
236.0,71.0,512.0,424.0,456.0
149.0,71.0,585.0,426.0,284.0
668.0,140.0,468.0,263.0,268.0
362.0,100.0,430.0,184.0,392.0
178.0,53.0,430.0,300.0,405.0
448.0,104.0,512.0,411.0,347.0
242.0,110.0,339.0,337.0,453.0
326.0,90.0,466.0,94.0,256.0
246.0,156.0,357.0,99.0,255.0
251.0,209.0,351.0,304.0,431.0
690.0,140.0,361.0,190.0,400.0
464.0,200.0,447.0,286.0,394.0
300.0,106.0,576.0,518.0,318.0
465.0,58.0,575.0,94.0,271.0
392.0,102.0,417.0,361.0,580.0
410.0,147.0,351.0,268.0,486.0
403.0,88.0,245.0,284.0,346.0
424.0,115.0,442.0,306.0,252.0
471.0,171.0,511.0,390.0,358.0
237.0,76.0,402.0,182.0,271.0
395.0,198.0,570.0,353.0,530.0
242.0,95.0,340.0,411.0,256.0
556.0,57.0,377.0,132.0,199.0
209.0,0.0,686.0,145.0,65.0
701.0,121.0,735.0,184.0,398.0
191.0,147.0,357.0,469.0,515.0
192.0,132.0,560.0,296.0,296.0
359.0,168.0,280.0,40.0,0.0
542.0,120.0,567.0,93.0,225.0
506.0,13.0,429.0,390.0,587.0
392.0,40.0,310.0,166.0,580.0
237.0,71.0,429.0,268.0,431.0
692.0,65.0,619.0,486.0,553.0
262.0,58.0,366.0,226.0,419.0
157.0,132.0,512.0,626.0,454.0
434.0,130.0,574.0,315.0,407.0
307.0,102.0,443.0,318.0,515.0
488.0,100.0,621.0,145.0,284.0
494.0,93.0,379.0,286.0,436.0
392.0,156.0,56.0,153.0,146.0
278.0,44.0,328.0,300.0,431.0
494.0,76.0,164.0,439.0,420.0
329.0,102.0,572.0,156.0,208.0
403.0,45.0,448.0,430.0,523.0
563.0,70.0,509.0,155.0,284.0
364.0,118.0,442.0,344.0,424.0
381.0,102.0,543.0,315.0,264.0
465.0,198.0,357.0,0.0,486.0
434.0,89.0,554.0,958.0,441.0
364.0,135.0,442.0,370.0,531.0
508.0,134.0,379.0,353.0,308.0
410.0,108.0,322.0,126.0,264.0
291.0,110.0,581.0,284.0,302.0
500.0,68.0,513.0,491.0,536.0
295.0,13.0,511.0,296.0,611.0
395.0,118.0,506.0,622.0,363.0
395.0,58.0,505.0,191.0,486.0
506.0,134.0,638.0,336.0,367.0
467.0,107.0,368.0,304.0,530.0
469.0,171.0,0.0,191.0,367.0
417.0,91.0,164.0,386.0,53.0
339.0,102.0,361.0,223.0,310.0
209.0,93.0,448.0,469.0,517.0
285.0,198.0,378.0,297.0,404.0
295.0,102.0,538.0,366.0,517.0
159.0,171.0,368.0,286.0,332.0
252.0,102.0,626.0,217.0,264.0
320.0,58.0,448.0,337.0,512.0
500.0,109.0,347.0,525.0,292.0
638.0,118.0,426.0,474.0,98.0
692.0,106.0,366.0,43.0,263.0
331.0,194.0,448.0,304.0,454.0
252.0,90.0,361.0,297.0,332.0
370.0,44.0,310.0,518.0,124.0
315.0,120.0,510.0,441.0,591.0
411.0,99.0,402.0,501.0,377.0
424.0,76.0,526.0,130.0,553.0
413.0,70.0,256.0,130.0,394.0
424.0,159.0,436.0,121.0,536.0
701.0,109.0,524.0,145.0,341.0
392.0,105.0,543.0,343.0,208.0
434.0,200.0,442.0,123.0,318.0
370.0,18.0,512.0,579.0,490.0
344.0,87.0,443.0,283.0,347.0
244.0,118.0,466.0,501.0,454.0
409.0,96.0,234.0,300.0,419.0
392.0,112.0,554.0,94.0,292.0
237.0,73.0,578.0,410.0,504.0
9.0,130.0,399.0,155.0,282.0
364.0,219.0,442.0,390.0,531.0
183.0,9.0,334.0,81.0,420.0
455.0,108.0,226.0,94.0,456.0
329.0,114.0,447.0,241.0,441.0
157.0,134.0,226.0,366.0,421.0
246.0,58.0,512.0,241.0,296.0
333.0,108.0,327.0,223.0,308.0
302.0,134.0,443.0,491.0,347.0
410.0,147.0,574.0,138.0,97.0
390.0,96.0,429.0,626.0,463.0
184.0,140.0,234.0,262.0,427.0
516.0,102.0,368.0,426.0,452.0
508.0,135.0,660.0,294.0,228.0
392.0,104.0,267.0,408.0,421.0
354.0,40.0,453.0,289.0,523.0
636.0,113.0,447.0,130.0,310.0
333.0,100.0,748.0,424.0,465.0
192.0,138.0,801.0,129.0,536.0
542.0,73.0,560.0,283.0,502.0
395.0,146.0,496.0,315.0,363.0
522.0,87.0,573.0,97.0,398.0
89.0,140.0,228.0,129.0,221.0
457.0,84.0,347.0,356.0,503.0
464.0,107.0,328.0,515.0,695.0
522.0,108.0,334.0,289.0,98.0
307.0,113.0,422.0,268.0,320.0
237.0,89.0,505.0,338.0,418.0
288.0,248.0,576.0,338.0,465.0
236.0,197.0,540.0,390.0,221.0
506.0,112.0,538.0,430.0,588.0
354.0,73.0,250.0,306.0,434.0
692.0,114.0,573.0,223.0,465.0
542.0,110.0,488.0,276.0,465.0
111.0,139.0,476.0,524.0,502.0
190.0,114.0,735.0,196.0,465.0
458.0,115.0,256.0,184.0,318.0
411.0,86.0,351.0,306.0,728.0
392.0,82.0,476.0,113.0,225.0
236.0,108.0,398.0,443.0,418.0
392.0,134.0,443.0,336.0,327.0
410.0,183.0,514.0,333.0,332.0
381.0,92.0,539.0,43.0,25.0
569.0,115.0,192.0,97.0,320.0
259.0,146.0,357.0,40.0,221.0
209.0,115.0,603.0,424.0,465.0
297.0,110.0,410.0,504.0,284.0
469.0,132.0,505.0,223.0,124.0
206.0,116.0,361.0,338.0,582.0
668.0,114.0,490.0,184.0,282.0
392.0,97.0,411.0,276.0,256.0
278.0,109.0,541.0,226.0,308.0
434.0,106.0,543.0,184.0,191.0
410.0,183.0,363.0,501.0,502.0
361.0,145.0,250.0,430.0,282.0
190.0,130.0,384.0,146.0,256.0
252.0,198.0,573.0,262.0,618.0
630.0,96.0,429.0,227.0,434.0
465.0,197.0,389.0,626.0,427.0
417.0,90.0,450.0,333.0,531.0
206.0,156.0,30.0,518.0,490.0
392.0,106.0,785.0,200.0,271.0
481.0,102.0,361.0,515.0,268.0
333.0,194.0,570.0,443.0,503.0
390.0,45.0,357.0,410.0,308.0
191.0,106.0,363.0,304.0,390.0
178.0,198.0,0.0,182.0,98.0
237.0,86.0,366.0,94.0,214.0
288.0,105.0,398.0,678.0,456.0
275.0,66.0,572.0,343.0,339.0
191.0,91.0,93.0,461.0,611.0
636.0,168.0,442.0,83.0,167.0
434.0,109.0,361.0,333.0,495.0
411.0,0.0,660.0,601.0,449.0
237.0,98.0,501.0,249.0,353.0
370.0,107.0,361.0,184.0,268.0
425.0,40.0,581.0,424.0,468.0
488.0,85.0,525.0,344.0,465.0
364.0,134.0,322.0,97.0,271.0
458.0,198.0,275.0,469.0,199.0
630.0,73.0,228.0,304.0,512.0
585.0,87.0,488.0,338.0,293.0
638.0,85.0,448.0,304.0,346.0
409.0,14.0,245.0,168.0,303.0
522.0,65.0,422.0,289.0,229.0
395.0,248.0,560.0,263.0,123.0
191.0,132.0,482.0,247.0,339.0
425.0,249.0,512.0,343.0,452.0
542.0,76.0,429.0,69.0,282.0
329.0,52.0,430.0,366.0,549.0
206.0,66.0,512.0,458.0,391.0
431.0,73.0,512.0,286.0,465.0
296.0,134.0,581.0,220.0,284.0
520.0,209.0,226.0,439.0,208.0
291.0,111.0,402.0,359.0,302.0
183.0,66.0,234.0,223.0,367.0
392.0,107.0,525.0,219.0,401.0
297.0,68.0,489.0,338.0,367.0
301.0,156.0,347.0,286.0,511.0
337.0,107.0,525.0,184.0,391.0
308.0,132.0,361.0,226.0,308.0
190.0,209.0,250.0,297.0,221.0
320.0,100.0,228.0,328.0,454.0
192.0,88.0,513.0,304.0,225.0
394.0,197.0,371.0,189.0,452.0
520.0,112.0,228.0,347.0,618.0
636.0,13.0,539.0,146.0,582.0
275.0,110.0,543.0,336.0,278.0
455.0,118.0,484.0,196.0,367.0
295.0,120.0,510.0,232.0,278.0
301.0,171.0,363.0,178.0,282.0
362.0,65.0,256.0,275.0,475.0
285.0,207.0,228.0,63.0,223.0
373.0,209.0,567.0,296.0,306.0
410.0,90.0,364.0,196.0,232.0
373.0,91.0,228.0,315.0,452.0
556.0,118.0,658.0,94.0,512.0
410.0,85.0,705.0,443.0,214.0
542.0,194.0,357.0,223.0,695.0
478.0,123.0,384.0,639.0,490.0
295.0,89.0,575.0,168.0,333.0
252.0,82.0,267.0,109.0,268.0
164.0,138.0,310.0,145.0,495.0
494.0,82.0,501.0,424.0,398.0
301.0,96.0,361.0,311.0,611.0
332.0,13.0,603.0,226.0,538.0
410.0,95.0,357.0,283.0,407.0
333.0,121.0,660.0,177.0,512.0
370.0,184.0,540.0,486.0,606.0
292.0,126.0,429.0,639.0,582.0
266.0,138.0,560.0,333.0,452.0
456.0,91.0,524.0,999.0,999.0
469.0,249.0,429.0,999.0,463.0
237.0,132.0,603.0,333.0,406.0
411.0,156.0,534.0,311.0,400.0
252.0,108.0,524.0,469.0,453.0
506.0,58.0,361.0,123.0,302.0
467.0,106.0,371.0,275.0,245.0
191.0,121.0,365.0,283.0,587.0
178.0,248.0,114.0,449.0,498.0
0.0,85.0,310.0,439.0,347.0
206.0,126.0,379.0,432.0,431.0
692.0,76.0,322.0,154.0,436.0
354.0,262.0,801.0,63.0,261.0
0.0,86.0,342.0,249.0,261.0
339.0,86.0,575.0,184.0,264.0
206.0,113.0,524.0,153.0,264.0
478.0,168.0,361.0,241.0,424.0
209.0,97.0,228.0,195.0,536.0
184.0,102.0,661.0,286.0,298.0
339.0,13.0,448.0,353.0,394.0
410.0,124.0,539.0,294.0,367.0
434.0,98.0,553.0,226.0,475.0
278.0,76.0,402.0,40.0,98.0
410.0,97.0,785.0,297.0,346.0
508.0,40.0,448.0,333.0,394.0
183.0,106.0,496.0,308.0,261.0
354.0,138.0,496.0,265.0,306.0
392.0,90.0,621.0,155.0,221.0
373.0,102.0,361.0,81.0,436.0
458.0,125.0,512.0,191.0,512.0
270.0,112.0,421.0,286.0,427.0
191.0,161.0,397.0,344.0,454.0
449.0,177.0,397.0,333.0,465.0
0.0,91.0,576.0,353.0,486.0
392.0,248.0,509.0,515.0,606.0
331.0,73.0,328.0,247.0,302.0
488.0,71.0,363.0,344.0,233.0
504.0,76.0,402.0,441.0,468.0
237.0,125.0,534.0,469.0,592.0
157.0,109.0,540.0,232.0,327.0
370.0,203.0,512.0,184.0,97.0
425.0,107.0,368.0,595.0,530.0
332.0,68.0,135.0,195.0,208.0
344.0,171.0,366.0,622.0,588.0
491.0,90.0,638.0,333.0,420.0
331.0,73.0,540.0,335.0,486.0
519.0,90.0,512.0,283.0,264.0
465.0,82.0,384.0,184.0,284.0
294.0,135.0,384.0,177.0,303.0
329.0,100.0,135.0,283.0,306.0
191.0,84.0,512.0,639.0,530.0
409.0,113.0,460.0,639.0,611.0
308.0,135.0,806.0,94.0,296.0
542.0,87.0,573.0,424.0,475.0
539.0,102.0,389.0,283.0,405.0
508.0,58.0,377.0,315.0,419.0
999.0,195.0,164.0,196.0,296.0
400.0,84.0,357.0,263.0,419.0
478.0,58.0,686.0,504.0,468.0
513.0,120.0,322.0,38.0,25.0
297.0,73.0,567.0,288.0,523.0
291.0,67.0,578.0,336.0,571.0
542.0,95.0,192.0,195.0,263.0
159.0,132.0,488.0,958.0,592.0
291.0,132.0,806.0,390.0,454.0
508.0,110.0,525.0,424.0,569.0
246.0,120.0,658.0,284.0,486.0
190.0,67.0,30.0,458.0,335.0
480.0,111.0,328.0,184.0,333.0
236.0,108.0,726.0,300.0,411.0
242.0,38.0,265.0,524.0,499.0
308.0,106.0,421.0,288.0,187.0
999.0,126.0,513.0,390.0,511.0
395.0,71.0,393.0,195.0,568.0
201.0,132.0,567.0,156.0,504.0
307.0,132.0,785.0,126.0,268.0
159.0,96.0,603.0,330.0,468.0
307.0,999.0,386.0,311.0,495.0
480.0,108.0,553.0,343.0,377.0
337.0,71.0,429.0,288.0,530.0
251.0,115.0,505.0,390.0,296.0
312.0,256.0,501.0,491.0,476.0
464.0,52.0,442.0,184.0,517.0
292.0,262.0,447.0,458.0,517.0
425.0,247.0,393.0,370.0,503.0
241.0,109.0,430.0,178.0,303.0
278.0,146.0,582.0,184.0,332.0
469.0,161.0,819.0,528.0,482.0
237.0,132.0,488.0,316.0,358.0
585.0,207.0,429.0,166.0,476.0
307.0,145.0,286.0,335.0,512.0
354.0,121.0,443.0,626.0,436.0
275.0,113.0,496.0,126.0,582.0
520.0,106.0,554.0,223.0,367.0
395.0,76.0,265.0,155.0,217.0
425.0,38.0,275.0,318.0,367.0
390.0,113.0,525.0,217.0,306.0
331.0,113.0,509.0,349.0,438.0
519.0,102.0,357.0,311.0,377.0
190.0,118.0,514.0,315.0,421.0
307.0,90.0,578.0,424.0,25.0
520.0,96.0,339.0,601.0,264.0
339.0,247.0,524.0,145.0,476.0
183.0,100.0,660.0,515.0,418.0
157.0,140.0,448.0,289.0,263.0
291.0,118.0,188.0,146.0,296.0
392.0,67.0,735.0,189.0,395.0
434.0,108.0,429.0,335.0,587.0
339.0,147.0,539.0,94.0,332.0
467.0,118.0,385.0,106.0,214.0
481.0,115.0,512.0,297.0,346.0
184.0,200.0,603.0,337.0,225.0
111.0,110.0,501.0,227.0,530.0
241.0,86.0,735.0,130.0,292.0
183.0,71.0,539.0,424.0,468.0
506.0,98.0,310.0,361.0,97.0
365.0,248.0,188.0,782.0,333.0
308.0,118.0,695.0,504.0,438.0
184.0,93.0,872.0,168.0,223.0
285.0,146.0,347.0,178.0,221.0
409.0,206.0,490.0,311.0,495.0
270.0,105.0,361.0,319.0,339.0
259.0,115.0,328.0,275.0,438.0
332.0,97.0,619.0,106.0,195.0
574.0,118.0,429.0,155.0,261.0
183.0,102.0,524.0,595.0,695.0
294.0,209.0,447.0,40.0,293.0
409.0,90.0,398.0,410.0,582.0
542.0,121.0,402.0,81.0,568.0
390.0,156.0,658.0,328.0,419.0
241.0,248.0,448.0,190.0,446.0
458.0,200.0,468.0,647.0,300.0
449.0,149.0,56.0,217.0,264.0
295.0,156.0,361.0,518.0,571.0
424.0,93.0,315.0,191.0,282.0
488.0,87.0,436.0,184.0,339.0
473.0,68.0,322.0,328.0,465.0
278.0,115.0,460.0,411.0,523.0
508.0,58.0,442.0,155.0,264.0
285.0,132.0,361.0,184.0,229.0
312.0,108.0,265.0,315.0,341.0
266.0,40.0,442.0,328.0,263.0
111.0,116.0,347.0,93.0,404.0
413.0,82.0,534.0,411.0,517.0
480.0,40.0,256.0,439.0,252.0
201.0,207.0,351.0,83.0,465.0
241.0,136.0,322.0,441.0,587.0
392.0,149.0,806.0,601.0,278.0
522.0,71.0,328.0,184.0,284.0
339.0,108.0,572.0,474.0,530.0
504.0,126.0,286.0,361.0,320.0
361.0,195.0,340.0,297.0,571.0
425.0,138.0,378.0,311.0,465.0
449.0,223.0,514.0,328.0,332.0
241.0,161.0,226.0,958.0,592.0
365.0,101.0,397.0,424.0,517.0
320.0,138.0,556.0,524.0,421.0
494.0,105.0,735.0,386.0,523.0
295.0,90.0,322.0,370.0,469.0
644.0,134.0,543.0,311.0,486.0
242.0,95.0,402.0,219.0,223.0
295.0,102.0,453.0,247.0,191.0
241.0,168.0,514.0,202.0,284.0
574.0,139.0,228.0,441.0,530.0
184.0,132.0,543.0,315.0,261.0
370.0,120.0,658.0,469.0,530.0
315.0,67.0,334.0,270.0,308.0
431.0,13.0,489.0,390.0,493.0
237.0,38.0,410.0,595.0,612.0
370.0,108.0,339.0,202.0,282.0
542.0,93.0,512.0,718.0,255.0
424.0,68.0,361.0,247.0,233.0
307.0,14.0,385.0,83.0,486.0
0.0,146.0,267.0,156.0,187.0
365.0,90.0,347.0,370.0,123.0
0.0,13.0,334.0,219.0,434.0
473.0,87.0,322.0,154.0,225.0
410.0,109.0,426.0,129.0,53.0
522.0,183.0,438.0,458.0,515.0
636.0,114.0,385.0,286.0,282.0
262.0,67.0,660.0,439.0,434.0
291.0,106.0,525.0,384.0,454.0
244.0,168.0,660.0,156.0,346.0
425.0,107.0,496.0,349.0,463.0
448.0,118.0,436.0,275.0,278.0
251.0,102.0,509.0,38.0,587.0
270.0,118.0,575.0,223.0,300.0
410.0,194.0,574.0,347.0,582.0
242.0,90.0,626.0,126.0,490.0
339.0,13.0,280.0,219.0,612.0
307.0,100.0,402.0,306.0,398.0
539.0,100.0,484.0,343.0,587.0
542.0,121.0,275.0,262.0,255.0
89.0,249.0,398.0,647.0,628.0
373.0,106.0,490.0,184.0,229.0
701.0,67.0,379.0,349.0,530.0
644.0,198.0,368.0,296.0,298.0
516.0,950.0,448.0,146.0,221.0
192.0,171.0,489.0,501.0,523.0
392.0,52.0,801.0,121.0,255.0
339.0,40.0,371.0,491.0,358.0
425.0,58.0,250.0,424.0,569.0
467.0,115.0,170.0,333.0,327.0
191.0,200.0,525.0,390.0,271.0
458.0,107.0,448.0,190.0,367.0
469.0,110.0,505.0,491.0,534.0
0.0,100.0,422.0,123.0,580.0
481.0,147.0,0.0,154.0,499.0
424.0,113.0,363.0,525.0,302.0
315.0,0.0,575.0,132.0,208.0
692.0,96.0,347.0,227.0,376.0
394.0,126.0,426.0,297.0,284.0
464.0,109.0,340.0,184.0,511.0
500.0,140.0,357.0,286.0,549.0
395.0,115.0,228.0,81.0,0.0
692.0,247.0,386.0,344.0,456.0
192.0,198.0,256.0,184.0,335.0
294.0,80.0,512.0,43.0,53.0
488.0,115.0,570.0,284.0,252.0
539.0,195.0,862.0,333.0,454.0
644.0,91.0,506.0,220.0,452.0
291.0,95.0,556.0,94.0,407.0
395.0,53.0,347.0,146.0,255.0
278.0,73.0,573.0,518.0,420.0
339.0,209.0,411.0,121.0,167.0
183.0,66.0,170.0,353.0,454.0
424.0,91.0,468.0,335.0,404.0
636.0,118.0,30.0,268.0,419.0
392.0,90.0,543.0,336.0,390.0
668.0,104.0,228.0,718.0,592.0
619.0,85.0,539.0,286.0,517.0
690.0,90.0,310.0,43.0,25.0
157.0,120.0,328.0,262.0,310.0
266.0,177.0,466.0,121.0,225.0
183.0,108.0,398.0,168.0,306.0
228.0,95.0,361.0,330.0,531.0
480.0,130.0,806.0,223.0,97.0
471.0,73.0,506.0,424.0,261.0
259.0,71.0,228.0,283.0,339.0
585.0,101.0,398.0,283.0,346.0
425.0,249.0,785.0,390.0,523.0
262.0,129.0,506.0,38.0,264.0
542.0,98.0,363.0,265.0,999.0
365.0,89.0,378.0,347.0,511.0
392.0,113.0,509.0,424.0,475.0
273.0,113.0,327.0,223.0,441.0
469.0,108.0,448.0,177.0,300.0
508.0,106.0,385.0,121.0,150.0
394.0,96.0,334.0,63.0,376.0
307.0,70.0,573.0,525.0,490.0
502.0,73.0,164.0,106.0,0.0
395.0,124.0,525.0,0.0,53.0
301.0,135.0,819.0,43.0,100.0
238.0,118.0,509.0,601.0,418.0
455.0,76.0,442.0,202.0,232.0
410.0,14.0,686.0,366.0,453.0
191.0,118.0,735.0,288.0,493.0
668.0,105.0,570.0,297.0,332.0
478.0,107.0,357.0,441.0,264.0
329.0,71.0,573.0,227.0,264.0
458.0,66.0,526.0,226.0,335.0
465.0,249.0,363.0,113.0,303.0
630.0,108.0,275.0,154.0,65.0
424.0,118.0,340.0,626.0,308.0
394.0,140.0,429.0,286.0,124.0
456.0,106.0,256.0,601.0,223.0
456.0,73.0,801.0,242.0,517.0
417.0,184.0,510.0,275.0,434.0
301.0,113.0,405.0,390.0,97.0
209.0,156.0,363.0,311.0,302.0
410.0,98.0,384.0,626.0,419.0
390.0,67.0,322.0,145.0,395.0
339.0,53.0,585.0,154.0,544.0
392.0,115.0,436.0,138.0,225.0
465.0,132.0,426.0,286.0,390.0
668.0,209.0,541.0,315.0,465.0
504.0,134.0,573.0,286.0,401.0
292.0,170.0,554.0,200.0,245.0
434.0,104.0,509.0,130.0,446.0
434.0,40.0,466.0,625.0,511.0
275.0,108.0,488.0,275.0,511.0
301.0,110.0,280.0,424.0,318.0
508.0,140.0,378.0,384.0,592.0
373.0,256.0,539.0,270.0,217.0
184.0,106.0,397.0,182.0,271.0
467.0,67.0,661.0,156.0,261.0
333.0,140.0,334.0,356.0,465.0
184.0,104.0,226.0,515.0,468.0
191.0,110.0,512.0,217.0,53.0
390.0,113.0,658.0,311.0,191.0
395.0,126.0,506.0,146.0,517.0
424.0,171.0,576.0,486.0,261.0
638.0,113.0,334.0,430.0,591.0
275.0,203.0,619.0,424.0,495.0
519.0,70.0,524.0,145.0,233.0
425.0,92.0,525.0,349.0,405.0
410.0,90.0,23.0,336.0,431.0
192.0,104.0,450.0,192.0,255.0
746.0,140.0,363.0,284.0,384.0
312.0,105.0,315.0,113.0,530.0
456.0,106.0,334.0,424.0,482.0
465.0,175.0,226.0,347.0,419.0
392.0,115.0,340.0,443.0,503.0
273.0,44.0,506.0,304.0,358.0
500.0,73.0,534.0,223.0,300.0
411.0,102.0,999.0,999.0,523.0
259.0,102.0,510.0,319.0,431.0
251.0,53.0,442.0,226.0,406.0
447.0,36.0,686.0,579.0,332.0
152.0,58.0,363.0,315.0,282.0
191.0,146.0,357.0,288.0,395.0
504.0,134.0,448.0,430.0,999.0
999.0,999.0,448.0,43.0,347.0
275.0,200.0,539.0,93.0,530.0
206.0,93.0,315.0,328.0,580.0
542.0,114.0,705.0,94.0,65.0
746.0,66.0,626.0,109.0,150.0
329.0,105.0,819.0,525.0,256.0
326.0,82.0,512.0,232.0,302.0
365.0,183.0,726.0,330.0,282.0
184.0,93.0,256.0,192.0,245.0
292.0,93.0,377.0,232.0,284.0
157.0,129.0,334.0,192.0,568.0
520.0,79.0,573.0,138.0,284.0
542.0,132.0,368.0,166.0,284.0
425.0,67.0,512.0,430.0,449.0
488.0,133.0,327.0,347.0,358.0
339.0,101.0,402.0,424.0,476.0
307.0,168.0,245.0,283.0,98.0
395.0,109.0,554.0,356.0,398.0
242.0,129.0,170.0,328.0,97.0
244.0,44.0,510.0,109.0,335.0
251.0,140.0,513.0,469.0,390.0
449.0,73.0,442.0,424.0,612.0
636.0,111.0,361.0,155.0,427.0
288.0,76.0,501.0,306.0,465.0
333.0,111.0,93.0,304.0,436.0
504.0,108.0,397.0,184.0,332.0
542.0,9.0,429.0,678.0,538.0
184.0,135.0,361.0,286.0,346.0
390.0,110.0,512.0,304.0,404.0
191.0,146.0,543.0,315.0,612.0
241.0,207.0,603.0,284.0,419.0
505.0,98.0,363.0,227.0,335.0
464.0,93.0,402.0,524.0,332.0
644.0,161.0,484.0,337.0,588.0
315.0,124.0,506.0,491.0,571.0
252.0,132.0,393.0,304.0,401.0
390.0,90.0,340.0,155.0,284.0
701.0,169.0,228.0,275.0,390.0
191.0,68.0,328.0,411.0,476.0
373.0,106.0,228.0,504.0,452.0
392.0,132.0,541.0,40.0,517.0
508.0,99.0,315.0,146.0,263.0
307.0,73.0,385.0,528.0,427.0
329.0,140.0,539.0,38.0,434.0
266.0,40.0,567.0,318.0,404.0
516.0,73.0,23.0,40.0,495.0
425.0,169.0,402.0,129.0,199.0
520.0,96.0,226.0,315.0,264.0
193.0,57.0,398.0,43.0,390.0
434.0,52.0,448.0,335.0,424.0
465.0,102.0,377.0,469.0,256.0
111.0,114.0,429.0,424.0,482.0
242.0,108.0,363.0,242.0,606.0
619.0,100.0,621.0,286.0,493.0
184.0,52.0,505.0,275.0,175.0
206.0,58.0,417.0,223.0,463.0
278.0,100.0,322.0,227.0,320.0
275.0,184.0,489.0,262.0,245.0
506.0,118.0,567.0,625.0,534.0
302.0,183.0,466.0,311.0,441.0
178.0,91.0,363.0,262.0,418.0
329.0,82.0,509.0,123.0,441.0
241.0,129.0,482.0,192.0,476.0
89.0,248.0,422.0,219.0,391.0
193.0,97.0,677.0,336.0,391.0
307.0,84.0,621.0,316.0,530.0
692.0,106.0,426.0,347.0,463.0
359.0,90.0,361.0,263.0,390.0
244.0,118.0,23.0,182.0,225.0
473.0,58.0,488.0,361.0,233.0
354.0,123.0,512.0,220.0,335.0
359.0,132.0,511.0,263.0,255.0
403.0,140.0,310.0,306.0,530.0
395.0,249.0,377.0,184.0,346.0
236.0,134.0,188.0,347.0,549.0
241.0,140.0,442.0,408.0,332.0
395.0,198.0,447.0,200.0,391.0
519.0,999.0,726.0,263.0,225.0
183.0,138.0,524.0,622.0,695.0
251.0,58.0,575.0,286.0,339.0
270.0,86.0,539.0,223.0,229.0
192.0,108.0,525.0,359.0,404.0
403.0,115.0,339.0,315.0,332.0
241.0,121.0,582.0,94.0,100.0
394.0,125.0,361.0,192.0,341.0
302.0,96.0,570.0,311.0,245.0
411.0,145.0,310.0,283.0,517.0
275.0,168.0,429.0,315.0,376.0
152.0,118.0,405.0,625.0,582.0
302.0,136.0,490.0,155.0,333.0
403.0,53.0,340.0,601.0,606.0
500.0,108.0,573.0,168.0,463.0
447.0,118.0,460.0,223.0,225.0
370.0,247.0,509.0,336.0,434.0
425.0,102.0,357.0,518.0,592.0
431.0,121.0,379.0,178.0,229.0
585.0,134.0,405.0,361.0,611.0
291.0,73.0,553.0,622.0,303.0
333.0,145.0,511.0,347.0,332.0
364.0,108.0,384.0,528.0,263.0
252.0,109.0,661.0,335.0,292.0
542.0,132.0,256.0,356.0,582.0
206.0,18.0,417.0,200.0,582.0
431.0,71.0,621.0,132.0,97.0
434.0,135.0,468.0,123.0,358.0
373.0,65.0,188.0,106.0,284.0
411.0,112.0,726.0,315.0,268.0
494.0,194.0,328.0,315.0,407.0
296.0,109.0,363.0,129.0,293.0
191.0,118.0,660.0,93.0,405.0
500.0,93.0,442.0,40.0,245.0
456.0,105.0,429.0,524.0,587.0
373.0,71.0,556.0,0.0,303.0
192.0,95.0,411.0,343.0,418.0
354.0,106.0,411.0,184.0,256.0
467.0,100.0,405.0,384.0,228.0
365.0,95.0,695.0,166.0,296.0
337.0,106.0,540.0,109.0,195.0
409.0,132.0,377.0,283.0,228.0
619.0,105.0,573.0,286.0,465.0
289.0,249.0,581.0,191.0,404.0
373.0,76.0,30.0,338.0,588.0
488.0,156.0,661.0,337.0,523.0
636.0,67.0,371.0,411.0,549.0
425.0,133.0,460.0,411.0,523.0
504.0,53.0,429.0,311.0,452.0
491.0,116.0,438.0,110.0,53.0
241.0,110.0,170.0,220.0,278.0
409.0,108.0,448.0,371.0,302.0
644.0,140.0,421.0,528.0,530.0
425.0,107.0,398.0,110.0,282.0
252.0,132.0,328.0,461.0,495.0
508.0,67.0,572.0,304.0,530.0
184.0,53.0,342.0,347.0,363.0
448.0,112.0,578.0,138.0,498.0
480.0,140.0,429.0,344.0,318.0
500.0,45.0,342.0,189.0,310.0
244.0,96.0,422.0,263.0,391.0
289.0,106.0,328.0,304.0,534.0
159.0,53.0,576.0,121.0,268.0
513.0,106.0,556.0,184.0,223.0
465.0,67.0,364.0,316.0,452.0
291.0,67.0,265.0,276.0,424.0
522.0,71.0,582.0,154.0,53.0
373.0,106.0,576.0,347.0,482.0
278.0,161.0,334.0,220.0,418.0
183.0,93.0,328.0,333.0,476.0
273.0,71.0,438.0,528.0,367.0
285.0,86.0,534.0,217.0,384.0
409.0,115.0,426.0,217.0,347.0
480.0,66.0,505.0,304.0,400.0
364.0,140.0,378.0,461.0,424.0
491.0,146.0,334.0,155.0,465.0
206.0,143.0,509.0,130.0,97.0
297.0,146.0,513.0,353.0,468.0
241.0,121.0,543.0,129.0,300.0
252.0,73.0,560.0,474.0,588.0
392.0,115.0,402.0,316.0,427.0
469.0,115.0,539.0,270.0,530.0
292.0,73.0,223.0,184.0,418.0
392.0,67.0,361.0,424.0,534.0
259.0,116.0,410.0,182.0,407.0
237.0,115.0,426.0,311.0,495.0
288.0,87.0,553.0,458.0,569.0
329.0,104.0,582.0,474.0,530.0
262.0,107.0,525.0,595.0,347.0
362.0,132.0,466.0,524.0,553.0
206.0,143.0,556.0,138.0,150.0
630.0,209.0,436.0,110.0,221.0
149.0,156.0,386.0,166.0,199.0
216.0,87.0,538.0,306.0,339.0
344.0,203.0,357.0,247.0,411.0
409.0,114.0,509.0,154.0,229.0
478.0,96.0,250.0,265.0,263.0
449.0,203.0,705.0,297.0,394.0
307.0,115.0,582.0,43.0,504.0
251.0,197.0,228.0,132.0,229.0
339.0,207.0,572.0,335.0,187.0
242.0,58.0,447.0,337.0,493.0
329.0,97.0,357.0,189.0,536.0
149.0,53.0,534.0,262.0,405.0
206.0,118.0,509.0,262.0,427.0
307.0,169.0,509.0,304.0,217.0
508.0,97.0,543.0,304.0,628.0
395.0,115.0,496.0,300.0,490.0
237.0,76.0,357.0,296.0,398.0
448.0,80.0,510.0,335.0,367.0
329.0,58.0,619.0,195.0,278.0
539.0,115.0,368.0,223.0,303.0
542.0,200.0,417.0,390.0,468.0
275.0,124.0,188.0,192.0,465.0
236.0,135.0,389.0,217.0,421.0
183.0,67.0,660.0,515.0,530.0
447.0,200.0,526.0,268.0,419.0
241.0,58.0,431.0,424.0,517.0
359.0,134.0,386.0,461.0,377.0
392.0,0.0,553.0,202.0,300.0
241.0,168.0,524.0,218.0,333.0
152.0,145.0,510.0,286.0,389.0
183.0,134.0,429.0,294.0,97.0
288.0,108.0,468.0,315.0,390.0
481.0,58.0,429.0,247.0,389.0
410.0,129.0,361.0,196.0,405.0
467.0,147.0,280.0,191.0,284.0
236.0,169.0,442.0,335.0,498.0
473.0,107.0,351.0,153.0,261.0
302.0,249.0,302.0,337.0,407.0
275.0,86.0,447.0,155.0,406.0
164.0,52.0,862.0,249.0,229.0
456.0,140.0,553.0,247.0,256.0
337.0,106.0,275.0,337.0,438.0
410.0,125.0,30.0,304.0,538.0
307.0,108.0,431.0,283.0,341.0
425.0,109.0,426.0,469.0,511.0
409.0,84.0,621.0,219.0,264.0
425.0,70.0,539.0,155.0,353.0
392.0,194.0,509.0,178.0,438.0
373.0,115.0,524.0,154.0,257.0
184.0,73.0,482.0,168.0,441.0
505.0,203.0,340.0,491.0,225.0
434.0,38.0,448.0,289.0,628.0
320.0,104.0,677.0,218.0,441.0
370.0,102.0,361.0,353.0,318.0
481.0,107.0,442.0,113.0,225.0
333.0,139.0,573.0,315.0,454.0
491.0,108.0,514.0,156.0,123.0
329.0,91.0,540.0,217.0,883.0
395.0,171.0,541.0,297.0,271.0
585.0,120.0,377.0,441.0,549.0
392.0,90.0,511.0,202.0,303.0
434.0,107.0,540.0,93.0,252.0
262.0,140.0,476.0,335.0,438.0
516.0,111.0,328.0,113.0,490.0
332.0,138.0,514.0,386.0,284.0
392.0,125.0,543.0,123.0,553.0
209.0,102.0,250.0,226.0,427.0
425.0,120.0,30.0,595.0,377.0
425.0,132.0,378.0,333.0,695.0
458.0,109.0,660.0,338.0,398.0
456.0,109.0,30.0,83.0,124.0
164.0,38.0,361.0,359.0,225.0
425.0,121.0,422.0,153.0,225.0
513.0,121.0,361.0,504.0,606.0
425.0,14.0,422.0,265.0,405.0
392.0,82.0,267.0,601.0,401.0
289.0,118.0,506.0,461.0,123.0
291.0,106.0,512.0,356.0,452.0
494.0,209.0,280.0,353.0,353.0
409.0,101.0,525.0,504.0,606.0
765.0,168.0,402.0,300.0,420.0
448.0,114.0,543.0,361.0,284.0
333.0,93.0,361.0,184.0,271.0
455.0,40.0,574.0,333.0,468.0
542.0,97.0,379.0,441.0,367.0
413.0,200.0,574.0,226.0,300.0
241.0,124.0,512.0,370.0,420.0
111.0,159.0,226.0,319.0,452.0
209.0,143.0,764.0,177.0,404.0
630.0,102.0,226.0,184.0,232.0
434.0,100.0,164.0,284.0,523.0
481.0,95.0,384.0,223.0,300.0
449.0,93.0,660.0,283.0,376.0
89.0,95.0,574.0,411.0,229.0
329.0,90.0,431.0,223.0,503.0
184.0,58.0,468.0,276.0,395.0
236.0,14.0,357.0,328.0,503.0
508.0,92.0,363.0,390.0,308.0
190.0,84.0,785.0,441.0,569.0
431.0,197.0,430.0,390.0,536.0
542.0,105.0,686.0,283.0,25.0
273.0,209.0,806.0,195.0,367.0
278.0,84.0,405.0,189.0,257.0
519.0,76.0,164.0,458.0,394.0
395.0,102.0,468.0,129.0,195.0
373.0,40.0,384.0,356.0,530.0
362.0,175.0,389.0,371.0,434.0
209.0,198.0,801.0,38.0,536.0
295.0,58.0,489.0,93.0,217.0
241.0,134.0,377.0,359.0,465.0
362.0,123.0,554.0,315.0,300.0
152.0,89.0,512.0,219.0,512.0
636.0,171.0,554.0,202.0,229.0
381.0,66.0,513.0,439.0,482.0
373.0,110.0,513.0,999.0,523.0
390.0,177.0,572.0,178.0,367.0
326.0,123.0,442.0,189.0,208.0
520.0,82.0,512.0,263.0,300.0
320.0,112.0,417.0,81.0,65.0
425.0,91.0,705.0,106.0,453.0
464.0,102.0,286.0,288.0,401.0
193.0,113.0,506.0,121.0,318.0
574.0,154.0,819.0,359.0,588.0
157.0,108.0,357.0,411.0,493.0
506.0,71.0,379.0,226.0,407.0
294.0,102.0,538.0,297.0,618.0
508.0,40.0,660.0,316.0,377.0
300.0,105.0,310.0,275.0,358.0
395.0,105.0,393.0,297.0,278.0
296.0,106.0,385.0,106.0,341.0
315.0,200.0,543.0,283.0,498.0
246.0,73.0,526.0,190.0,306.0
294.0,70.0,539.0,410.0,97.0
390.0,87.0,315.0,328.0,591.0
288.0,40.0,466.0,353.0,580.0
193.0,115.0,135.0,184.0,499.0
339.0,147.0,286.0,192.0,389.0
425.0,0.0,422.0,336.0,406.0
300.0,90.0,567.0,347.0,536.0
410.0,97.0,448.0,223.0,306.0
481.0,110.0,448.0,718.0,592.0
392.0,67.0,512.0,275.0,504.0
312.0,52.0,114.0,276.0,333.0
315.0,136.0,573.0,283.0,268.0
504.0,114.0,389.0,647.0,580.0
506.0,105.0,999.0,242.0,456.0
467.0,102.0,626.0,441.0,377.0
273.0,112.0,621.0,626.0,515.0
410.0,102.0,393.0,515.0,446.0
373.0,90.0,340.0,515.0,591.0
164.0,106.0,322.0,154.0,255.0
409.0,104.0,539.0,132.0,223.0
690.0,73.0,585.0,625.0,284.0
337.0,73.0,748.0,153.0,233.0
291.0,171.0,567.0,286.0,367.0
448.0,96.0,384.0,286.0,195.0
364.0,126.0,397.0,262.0,229.0
491.0,124.0,361.0,390.0,225.0
172.0,168.0,509.0,316.0,434.0
390.0,138.0,576.0,297.0,391.0
359.0,124.0,23.0,94.0,449.0
508.0,195.0,570.0,300.0,475.0
542.0,200.0,339.0,126.0,612.0
638.0,107.0,476.0,414.0,284.0
238.0,197.0,436.0,284.0,427.0
252.0,200.0,402.0,63.0,146.0
497.0,143.0,442.0,333.0,282.0
232.0,95.0,567.0,353.0,167.0
294.0,129.0,226.0,999.0,999.0
292.0,73.0,399.0,608.0,611.0
289.0,168.0,476.0,525.0,517.0
457.0,52.0,397.0,349.0,530.0
392.0,40.0,328.0,999.0,384.0
288.0,65.0,93.0,275.0,465.0
332.0,121.0,228.0,178.0,587.0
513.0,102.0,399.0,782.0,999.0
295.0,79.0,489.0,110.0,282.0
619.0,140.0,511.0,94.0,263.0
339.0,132.0,543.0,146.0,571.0
270.0,91.0,505.0,408.0,298.0
395.0,106.0,572.0,356.0,486.0
390.0,115.0,510.0,191.0,320.0
447.0,111.0,265.0,337.0,517.0
307.0,85.0,93.0,166.0,228.0
471.0,86.0,578.0,328.0,534.0
556.0,58.0,342.0,190.0,223.0
417.0,248.0,581.0,528.0,454.0
508.0,73.0,447.0,226.0,303.0
478.0,146.0,447.0,284.0,367.0
308.0,102.0,476.0,217.0,424.0
364.0,53.0,513.0,504.0,588.0
409.0,106.0,405.0,184.0,123.0
539.0,65.0,361.0,286.0,302.0
201.0,106.0,377.0,353.0,465.0
209.0,0.0,192.0,268.0,398.0
464.0,67.0,735.0,308.0,424.0
425.0,102.0,448.0,328.0,376.0
307.0,123.0,265.0,129.0,390.0
184.0,121.0,660.0,43.0,65.0
183.0,100.0,402.0,491.0,419.0
390.0,140.0,509.0,93.0,296.0
244.0,111.0,538.0,424.0,611.0
246.0,115.0,429.0,94.0,303.0
542.0,120.0,361.0,155.0,257.0
513.0,115.0,582.0,223.0,264.0
425.0,138.0,556.0,601.0,582.0
228.0,71.0,93.0,311.0,568.0
331.0,110.0,510.0,304.0,346.0
326.0,115.0,448.0,190.0,341.0
183.0,44.0,23.0,328.0,411.0
289.0,149.0,436.0,474.0,695.0
927.0,146.0,398.0,283.0,434.0
241.0,101.0,735.0,622.0,588.0
278.0,108.0,30.0,275.0,424.0
390.0,79.0,735.0,126.0,347.0
505.0,100.0,801.0,316.0,436.0
469.0,118.0,164.0,306.0,263.0
252.0,102.0,377.0,283.0,284.0
488.0,65.0,426.0,338.0,427.0
690.0,97.0,489.0,156.0,612.0
508.0,73.0,660.0,110.0,217.0
471.0,249.0,660.0,330.0,298.0
542.0,130.0,576.0,469.0,221.0
410.0,209.0,228.0,289.0,395.0
238.0,71.0,554.0,361.0,553.0
216.0,100.0,626.0,518.0,419.0
242.0,105.0,363.0,63.0,195.0
288.0,132.0,280.0,226.0,284.0
242.0,126.0,484.0,138.0,146.0
251.0,106.0,265.0,330.0,303.0
500.0,171.0,443.0,525.0,536.0
0.0,112.0,429.0,155.0,255.0
469.0,140.0,368.0,184.0,333.0
251.0,97.0,389.0,335.0,389.0
494.0,140.0,466.0,275.0,296.0
513.0,262.0,567.0,410.0,452.0
434.0,36.0,402.0,359.0,568.0
502.0,62.0,450.0,525.0,463.0
373.0,112.0,377.0,146.0,318.0
89.0,58.0,506.0,63.0,282.0
410.0,120.0,426.0,145.0,229.0
332.0,113.0,0.0,284.0,223.0
308.0,223.0,526.0,156.0,97.0
183.0,146.0,512.0,424.0,628.0
410.0,89.0,582.0,283.0,434.0
209.0,95.0,442.0,390.0,300.0
183.0,118.0,581.0,38.0,221.0
291.0,105.0,496.0,146.0,358.0
469.0,108.0,245.0,426.0,420.0
244.0,14.0,310.0,386.0,465.0
519.0,249.0,363.0,410.0,465.0
373.0,132.0,638.0,304.0,282.0
320.0,71.0,328.0,69.0,293.0
193.0,95.0,541.0,347.0,453.0
413.0,256.0,585.0,370.0,406.0
275.0,171.0,512.0,223.0,392.0
191.0,79.0,188.0,608.0,475.0
638.0,85.0,399.0,449.0,463.0
505.0,115.0,576.0,297.0,377.0
183.0,76.0,556.0,154.0,390.0
403.0,40.0,686.0,315.0,395.0
392.0,67.0,764.0,441.0,536.0
157.0,135.0,371.0,155.0,395.0
295.0,53.0,357.0,286.0,400.0
206.0,184.0,862.0,192.0,233.0
481.0,87.0,785.0,219.0,502.0
481.0,76.0,705.0,155.0,592.0
410.0,156.0,496.0,99.0,327.0
373.0,209.0,785.0,449.0,391.0
339.0,106.0,496.0,93.0,367.0
111.0,107.0,363.0,424.0,419.0
413.0,248.0,411.0,168.0,232.0
410.0,40.0,361.0,286.0,468.0
262.0,194.0,386.0,408.0,391.0
469.0,115.0,302.0,304.0,504.0
295.0,70.0,357.0,328.0,303.0
410.0,999.0,570.0,226.0,523.0
296.0,207.0,442.0,308.0,332.0
456.0,118.0,398.0,154.0,284.0
361.0,82.0,410.0,94.0,225.0
999.0,109.0,540.0,353.0,389.0
361.0,96.0,223.0,432.0,195.0
320.0,197.0,226.0,178.0,549.0
456.0,175.0,567.0,257.0,347.0
157.0,138.0,660.0,242.0,465.0
392.0,134.0,554.0,190.0,531.0
392.0,90.0,999.0,155.0,245.0
519.0,51.0,764.0,579.0,233.0
332.0,106.0,426.0,168.0,257.0
516.0,98.0,322.0,337.0,544.0
638.0,121.0,245.0,132.0,405.0
333.0,195.0,398.0,424.0,502.0
183.0,96.0,538.0,288.0,284.0
425.0,145.0,384.0,601.0,306.0
266.0,105.0,431.0,359.0,449.0
206.0,73.0,357.0,263.0,418.0
516.0,207.0,476.0,311.0,568.0
172.0,102.0,443.0,284.0,515.0
159.0,91.0,357.0,200.0,296.0
504.0,90.0,280.0,386.0,438.0
266.0,115.0,302.0,286.0,303.0
308.0,126.0,484.0,195.0,418.0
184.0,223.0,361.0,306.0,421.0
364.0,123.0,368.0,410.0,498.0
289.0,40.0,447.0,283.0,367.0
275.0,159.0,505.0,155.0,264.0
465.0,219.0,512.0,441.0,511.0
508.0,249.0,484.0,359.0,367.0
690.0,101.0,361.0,178.0,284.0
392.0,132.0,275.0,430.0,530.0
307.0,106.0,368.0,99.0,406.0
465.0,109.0,512.0,184.0,468.0
365.0,73.0,534.0,138.0,475.0
506.0,109.0,510.0,286.0,530.0
457.0,161.0,660.0,190.0,419.0
206.0,114.0,228.0,184.0,310.0
192.0,106.0,525.0,330.0,284.0
209.0,129.0,385.0,315.0,465.0
497.0,115.0,567.0,579.0,538.0
365.0,134.0,430.0,491.0,523.0
361.0,91.0,466.0,262.0,587.0
471.0,147.0,170.0,625.0,530.0
464.0,95.0,417.0,353.0,420.0
296.0,91.0,448.0,177.0,284.0
508.0,132.0,438.0,390.0,434.0
237.0,93.0,453.0,318.0,517.0
300.0,171.0,513.0,441.0,229.0
354.0,139.0,328.0,424.0,569.0
320.0,90.0,228.0,268.0,390.0
690.0,91.0,705.0,441.0,427.0
481.0,84.0,342.0,366.0,530.0
425.0,102.0,164.0,458.0,261.0
307.0,146.0,421.0,43.0,150.0
359.0,134.0,399.0,333.0,404.0
497.0,138.0,226.0,270.0,256.0
295.0,40.0,378.0,241.0,327.0
183.0,118.0,999.0,200.0,419.0
392.0,112.0,619.0,432.0,465.0
513.0,143.0,442.0,443.0,339.0
241.0,171.0,862.0,94.0,390.0
390.0,107.0,135.0,524.0,298.0
542.0,95.0,389.0,390.0,449.0
252.0,97.0,509.0,69.0,452.0
307.0,107.0,553.0,202.0,282.0
563.0,106.0,578.0,335.0,544.0
192.0,102.0,512.0,411.0,404.0
292.0,87.0,267.0,458.0,300.0
692.0,38.0,342.0,386.0,441.0
111.0,84.0,510.0,275.0,302.0
297.0,108.0,351.0,249.0,53.0
409.0,247.0,366.0,178.0,531.0
373.0,58.0,582.0,328.0,268.0
256.0,138.0,482.0,283.0,499.0
508.0,132.0,322.0,190.0,228.0
278.0,99.0,524.0,579.0,468.0
288.0,129.0,357.0,263.0,391.0
392.0,121.0,554.0,202.0,392.0
333.0,38.0,417.0,386.0,536.0
434.0,13.0,399.0,146.0,339.0
508.0,184.0,280.0,109.0,65.0
411.0,76.0,339.0,366.0,333.0
184.0,105.0,398.0,154.0,308.0
149.0,193.0,509.0,958.0,453.0
425.0,175.0,999.0,168.0,468.0
447.0,147.0,188.0,328.0,407.0
410.0,113.0,310.0,40.0,999.0
434.0,97.0,553.0,218.0,465.0
236.0,57.0,398.0,356.0,284.0
206.0,40.0,448.0,424.0,502.0
339.0,87.0,402.0,184.0,517.0
417.0,169.0,482.0,93.0,580.0
457.0,140.0,398.0,286.0,486.0
448.0,169.0,509.0,153.0,503.0
190.0,71.0,677.0,132.0,377.0
183.0,58.0,328.0,408.0,332.0
630.0,65.0,286.0,311.0,438.0
390.0,110.0,322.0,315.0,245.0
539.0,999.0,328.0,347.0,419.0
473.0,52.0,363.0,202.0,475.0
193.0,999.0,114.0,166.0,441.0
502.0,138.0,660.0,0.0,588.0
542.0,96.0,0.0,426.0,538.0
339.0,36.0,582.0,518.0,580.0
449.0,109.0,135.0,626.0,582.0
395.0,183.0,357.0,218.0,191.0
241.0,57.0,621.0,294.0,404.0
242.0,71.0,726.0,184.0,438.0
294.0,97.0,466.0,192.0,208.0
409.0,195.0,364.0,43.0,0.0
392.0,132.0,363.0,289.0,517.0
502.0,139.0,361.0,94.0,395.0
315.0,130.0,509.0,424.0,221.0
297.0,82.0,567.0,647.0,523.0
326.0,93.0,438.0,81.0,404.0
434.0,118.0,226.0,356.0,502.0
425.0,106.0,509.0,384.0,504.0
508.0,200.0,411.0,361.0,454.0
244.0,95.0,574.0,270.0,199.0
390.0,0.0,505.0,337.0,300.0
425.0,13.0,393.0,275.0,392.0
252.0,90.0,534.0,335.0,495.0
478.0,999.0,496.0,283.0,438.0
228.0,58.0,581.0,242.0,191.0
241.0,200.0,482.0,226.0,284.0
246.0,140.0,421.0,601.0,588.0
424.0,169.0,806.0,304.0,534.0
448.0,51.0,735.0,333.0,264.0
209.0,126.0,572.0,411.0,229.0
392.0,159.0,419.0,384.0,358.0
337.0,58.0,442.0,217.0,400.0
291.0,71.0,419.0,40.0,318.0
266.0,102.0,621.0,223.0,303.0
307.0,133.0,250.0,319.0,427.0
307.0,102.0,361.0,424.0,482.0
337.0,135.0,361.0,333.0,476.0
183.0,95.0,363.0,647.0,511.0
209.0,115.0,448.0,43.0,98.0
508.0,73.0,801.0,625.0,124.0
506.0,112.0,570.0,286.0,245.0
478.0,132.0,512.0,315.0,468.0
241.0,126.0,364.0,311.0,401.0
520.0,38.0,0.0,316.0,611.0
89.0,125.0,386.0,304.0,512.0
300.0,114.0,410.0,155.0,376.0
505.0,95.0,764.0,343.0,446.0
193.0,76.0,505.0,359.0,441.0
184.0,14.0,540.0,304.0,333.0
159.0,147.0,512.0,93.0,292.0
337.0,40.0,377.0,220.0,618.0
339.0,145.0,512.0,424.0,261.0
506.0,175.0,819.0,283.0,390.0
307.0,53.0,328.0,138.0,310.0
636.0,107.0,448.0,359.0,303.0
508.0,108.0,660.0,288.0,536.0
392.0,193.0,488.0,306.0,427.0
361.0,168.0,310.0,192.0,195.0
434.0,76.0,379.0,525.0,591.0
308.0,51.0,327.0,347.0,549.0
701.0,86.0,484.0,458.0,468.0
465.0,138.0,578.0,336.0,333.0
361.0,138.0,575.0,432.0,187.0
447.0,132.0,397.0,304.0,411.0
326.0,194.0,553.0,449.0,358.0
425.0,65.0,322.0,145.0,476.0
516.0,58.0,525.0,276.0,468.0
191.0,134.0,505.0,315.0,306.0
307.0,118.0,448.0,366.0,468.0
300.0,44.0,453.0,335.0,468.0
297.0,147.0,377.0,241.0,228.0
644.0,207.0,540.0,441.0,401.0
184.0,86.0,340.0,338.0,419.0
365.0,115.0,402.0,384.0,592.0
506.0,104.0,402.0,304.0,468.0
329.0,91.0,511.0,579.0,469.0
238.0,90.0,164.0,94.0,264.0
494.0,114.0,748.0,361.0,418.0
457.0,132.0,347.0,316.0,427.0
152.0,40.0,280.0,286.0,228.0
242.0,132.0,560.0,999.0,282.0
390.0,95.0,512.0,146.0,298.0
0.0,84.0,538.0,83.0,318.0
638.0,170.0,327.0,265.0,531.0
400.0,40.0,357.0,226.0,476.0
409.0,115.0,431.0,356.0,298.0
410.0,106.0,371.0,284.0,263.0
542.0,98.0,429.0,390.0,530.0
434.0,134.0,426.0,491.0,587.0
326.0,105.0,862.0,218.0,611.0
448.0,106.0,364.0,315.0,553.0
488.0,53.0,621.0,184.0,441.0
425.0,106.0,695.0,195.0,391.0
449.0,108.0,363.0,410.0,278.0
458.0,209.0,450.0,286.0,358.0
504.0,68.0,357.0,328.0,332.0
478.0,58.0,476.0,304.0,420.0
392.0,194.0,572.0,361.0,284.0
585.0,114.0,410.0,353.0,332.0
206.0,95.0,402.0,138.0,282.0
362.0,100.0,442.0,491.0,465.0
184.0,143.0,23.0,386.0,346.0
191.0,121.0,342.0,337.0,310.0
320.0,106.0,328.0,156.0,223.0
542.0,91.0,438.0,123.0,175.0
183.0,67.0,726.0,426.0,469.0
329.0,115.0,572.0,286.0,456.0
193.0,197.0,364.0,518.0,591.0
413.0,85.0,361.0,283.0,229.0
392.0,18.0,378.0,524.0,549.0
184.0,85.0,0.0,99.0,229.0
183.0,156.0,164.0,226.0,468.0
307.0,115.0,192.0,300.0,389.0
563.0,67.0,819.0,625.0,25.0
425.0,198.0,482.0,217.0,232.0
410.0,132.0,386.0,366.0,427.0
285.0,38.0,398.0,268.0,453.0
494.0,92.0,660.0,109.0,293.0
497.0,84.0,514.0,223.0,191.0
481.0,171.0,315.0,366.0,495.0
295.0,91.0,430.0,390.0,475.0
262.0,91.0,466.0,241.0,303.0
206.0,175.0,30.0,286.0,398.0
291.0,168.0,250.0,294.0,252.0
307.0,116.0,658.0,328.0,293.0
191.0,200.0,610.0,333.0,588.0
307.0,104.0,489.0,328.0,587.0
307.0,134.0,999.0,430.0,530.0
184.0,100.0,482.0,93.0,292.0
339.0,140.0,327.0,311.0,390.0
434.0,115.0,448.0,338.0,469.0
157.0,79.0,575.0,414.0,407.0
395.0,109.0,363.0,469.0,449.0
326.0,106.0,442.0,200.0,261.0
296.0,101.0,378.0,223.0,498.0
638.0,126.0,357.0,263.0,293.0
497.0,44.0,448.0,371.0,98.0
638.0,53.0,419.0,94.0,292.0
464.0,146.0,361.0,94.0,628.0
206.0,200.0,379.0,626.0,335.0
339.0,79.0,377.0,242.0,223.0
392.0,109.0,371.0,146.0,292.0
395.0,133.0,572.0,518.0,389.0
252.0,108.0,999.0,129.0,401.0
308.0,200.0,389.0,647.0,284.0
289.0,200.0,806.0,349.0,469.0
364.0,200.0,460.0,241.0,421.0
400.0,71.0,505.0,304.0,503.0
373.0,108.0,541.0,220.0,406.0
417.0,111.0,361.0,318.0,454.0
390.0,132.0,384.0,424.0,124.0
392.0,195.0,378.0,288.0,534.0
252.0,200.0,421.0,410.0,268.0
410.0,44.0,660.0,223.0,225.0
192.0,134.0,361.0,333.0,264.0
392.0,108.0,275.0,518.0,582.0
178.0,52.0,575.0,335.0,392.0
289.0,200.0,226.0,366.0,214.0
329.0,115.0,496.0,304.0,358.0
190.0,108.0,393.0,414.0,123.0
494.0,118.0,56.0,97.0,150.0
320.0,133.0,466.0,338.0,406.0
302.0,169.0,347.0,333.0,592.0
392.0,132.0,726.0,178.0,264.0
246.0,169.0,512.0,601.0,225.0
241.0,200.0,443.0,410.0,592.0
506.0,45.0,573.0,958.0,424.0
508.0,40.0,30.0,94.0,282.0
519.0,194.0,578.0,353.0,390.0
296.0,161.0,468.0,595.0,553.0
491.0,93.0,234.0,182.0,264.0
457.0,102.0,379.0,196.0,469.0
478.0,57.0,340.0,306.0,293.0
294.0,97.0,436.0,678.0,515.0
184.0,114.0,384.0,426.0,405.0
256.0,57.0,275.0,449.0,411.0
395.0,110.0,385.0,371.0,53.0
237.0,123.0,585.0,226.0,327.0
339.0,134.0,509.0,247.0,327.0
238.0,65.0,411.0,518.0,612.0
542.0,262.0,511.0,338.0,482.0
457.0,86.0,310.0,218.0,398.0
999.0,126.0,748.0,294.0,298.0
216.0,197.0,361.0,123.0,441.0
252.0,102.0,581.0,338.0,401.0
259.0,132.0,560.0,296.0,367.0
467.0,132.0,419.0,330.0,332.0
425.0,90.0,482.0,359.0,420.0
506.0,118.0,554.0,93.0,296.0
373.0,183.0,573.0,94.0,191.0
209.0,85.0,512.0,93.0,339.0
308.0,52.0,256.0,155.0,405.0
288.0,132.0,422.0,217.0,284.0
307.0,198.0,526.0,227.0,293.0
307.0,52.0,801.0,178.0,468.0
206.0,193.0,448.0,349.0,463.0
308.0,110.0,526.0,449.0,549.0
500.0,132.0,363.0,227.0,284.0
337.0,200.0,275.0,370.0,495.0
504.0,140.0,573.0,226.0,611.0
184.0,58.0,411.0,223.0,229.0
411.0,140.0,510.0,241.0,536.0
434.0,168.0,234.0,94.0,199.0
329.0,67.0,322.0,370.0,199.0
447.0,67.0,801.0,366.0,517.0
242.0,118.0,525.0,145.0,512.0
364.0,102.0,357.0,168.0,123.0
488.0,132.0,585.0,424.0,401.0
692.0,203.0,512.0,121.0,427.0
508.0,120.0,512.0,156.0,531.0
301.0,171.0,327.0,441.0,411.0
307.0,175.0,570.0,333.0,284.0
183.0,138.0,334.0,232.0,389.0
505.0,105.0,660.0,518.0,419.0
508.0,154.0,366.0,458.0,511.0
516.0,132.0,543.0,608.0,436.0
500.0,108.0,422.0,284.0,475.0
159.0,91.0,661.0,109.0,264.0
644.0,18.0,538.0,304.0,391.0
308.0,66.0,581.0,94.0,225.0
690.0,197.0,448.0,315.0,395.0
149.0,71.0,578.0,168.0,261.0
457.0,219.0,509.0,626.0,536.0
339.0,256.0,572.0,286.0,490.0
89.0,58.0,347.0,337.0,391.0
191.0,91.0,430.0,336.0,498.0
522.0,146.0,514.0,219.0,523.0
206.0,76.0,315.0,121.0,187.0
159.0,129.0,705.0,270.0,367.0
201.0,68.0,170.0,333.0,511.0
556.0,44.0,377.0,145.0,264.0
505.0,67.0,0.0,318.0,588.0
266.0,194.0,543.0,486.0,611.0
457.0,91.0,512.0,155.0,456.0
471.0,106.0,705.0,430.0,512.0
296.0,134.0,538.0,318.0,400.0
183.0,105.0,512.0,242.0,333.0
0.0,126.0,397.0,129.0,327.0
370.0,79.0,581.0,263.0,391.0
252.0,249.0,438.0,504.0,53.0
209.0,200.0,573.0,335.0,292.0
184.0,82.0,280.0,0.0,405.0
209.0,87.0,540.0,390.0,377.0
201.0,93.0,496.0,123.0,98.0
241.0,111.0,23.0,184.0,191.0
542.0,159.0,540.0,311.0,303.0
370.0,52.0,748.0,283.0,292.0
508.0,106.0,393.0,625.0,424.0
206.0,121.0,384.0,247.0,390.0
183.0,121.0,510.0,343.0,384.0
508.0,100.0,429.0,311.0,419.0
184.0,97.0,399.0,486.0,534.0
424.0,53.0,482.0,286.0,502.0
411.0,71.0,484.0,337.0,302.0
467.0,184.0,436.0,328.0,468.0
206.0,73.0,265.0,343.0,406.0
273.0,125.0,234.0,343.0,456.0
395.0,71.0,574.0,384.0,424.0
237.0,52.0,265.0,515.0,486.0
9.0,135.0,368.0,639.0,195.0
478.0,184.0,405.0,315.0,476.0
478.0,71.0,384.0,184.0,302.0
308.0,121.0,785.0,474.0,284.0
326.0,110.0,357.0,386.0,490.0
216.0,106.0,489.0,344.0,406.0
409.0,52.0,488.0,315.0,434.0
542.0,58.0,525.0,518.0,187.0
636.0,66.0,431.0,625.0,245.0
417.0,198.0,322.0,283.0,419.0
237.0,156.0,466.0,639.0,549.0
494.0,52.0,560.0,220.0,512.0
241.0,92.0,539.0,328.0,256.0
302.0,90.0,327.0,491.0,308.0
765.0,85.0,386.0,184.0,434.0
252.0,121.0,188.0,154.0,225.0
183.0,116.0,575.0,315.0,568.0
400.0,132.0,448.0,639.0,588.0
236.0,262.0,371.0,154.0,401.0
425.0,102.0,363.0,106.0,195.0
191.0,175.0,509.0,333.0,389.0
183.0,154.0,402.0,304.0,469.0
236.0,107.0,543.0,333.0,427.0
471.0,203.0,785.0,337.0,421.0
491.0,86.0,539.0,168.0,282.0
364.0,96.0,228.0,647.0,628.0
409.0,67.0,488.0,441.0,628.0
390.0,200.0,361.0,297.0,469.0
273.0,121.0,573.0,155.0,523.0
159.0,62.0,389.0,220.0,284.0
184.0,120.0,228.0,491.0,499.0
390.0,95.0,442.0,191.0,503.0
394.0,111.0,363.0,184.0,257.0
252.0,89.0,422.0,195.0,333.0
259.0,102.0,442.0,300.0,341.0
395.0,134.0,677.0,177.0,392.0
508.0,70.0,511.0,359.0,612.0
244.0,198.0,429.0,0.0,195.0
244.0,108.0,540.0,361.0,187.0
315.0,66.0,430.0,94.0,225.0
690.0,149.0,447.0,275.0,400.0
339.0,79.0,525.0,126.0,223.0
288.0,73.0,417.0,330.0,436.0
362.0,90.0,541.0,219.0,225.0
497.0,118.0,573.0,43.0,302.0
242.0,96.0,419.0,283.0,339.0
520.0,57.0,554.0,528.0,263.0
359.0,134.0,286.0,94.0,217.0
183.0,223.0,234.0,595.0,302.0
315.0,96.0,402.0,424.0,530.0
574.0,91.0,393.0,316.0,465.0
508.0,73.0,567.0,315.0,405.0
365.0,58.0,575.0,474.0,486.0
563.0,171.0,328.0,223.0,405.0
690.0,168.0,488.0,430.0,469.0
320.0,102.0,512.0,156.0,225.0
149.0,118.0,377.0,202.0,98.0
425.0,100.0,366.0,353.0,453.0
278.0,76.0,488.0,625.0,544.0
701.0,132.0,378.0,155.0,217.0
497.0,90.0,226.0,678.0,217.0
692.0,40.0,572.0,337.0,453.0
392.0,91.0,801.0,524.0,469.0
520.0,73.0,582.0,289.0,544.0
9.0,45.0,322.0,335.0,363.0
359.0,89.0,574.0,113.0,228.0
159.0,102.0,488.0,595.0,502.0
297.0,108.0,585.0,411.0,175.0
332.0,108.0,801.0,156.0,568.0
359.0,106.0,567.0,562.0,523.0
291.0,139.0,56.0,306.0,332.0
183.0,71.0,226.0,328.0,264.0
251.0,105.0,442.0,113.0,499.0
183.0,248.0,509.0,146.0,421.0
381.0,93.0,677.0,999.0,97.0
238.0,100.0,361.0,647.0,606.0
252.0,87.0,567.0,177.0,300.0
0.0,114.0,334.0,182.0,175.0
488.0,145.0,245.0,286.0,495.0
190.0,146.0,512.0,469.0,449.0
497.0,105.0,347.0,217.0,208.0
542.0,100.0,411.0,94.0,282.0
506.0,102.0,361.0,283.0,569.0
273.0,85.0,512.0,430.0,333.0
241.0,104.0,0.0,639.0,515.0
332.0,68.0,411.0,191.0,223.0
392.0,84.0,322.0,220.0,282.0
497.0,93.0,658.0,469.0,544.0
183.0,58.0,328.0,384.0,503.0
392.0,95.0,361.0,608.0,420.0
209.0,200.0,328.0,349.0,411.0
457.0,101.0,368.0,63.0,475.0
201.0,170.0,505.0,276.0,353.0
506.0,207.0,514.0,130.0,214.0
262.0,106.0,660.0,138.0,618.0
456.0,102.0,488.0,153.0,493.0
278.0,93.0,363.0,424.0,502.0
301.0,90.0,135.0,40.0,332.0
409.0,105.0,384.0,316.0,503.0
491.0,105.0,363.0,626.0,999.0
411.0,91.0,256.0,192.0,195.0
519.0,107.0,438.0,289.0,367.0
381.0,71.0,377.0,999.0,728.0
765.0,73.0,164.0,286.0,544.0
508.0,134.0,385.0,242.0,327.0
471.0,206.0,556.0,474.0,454.0
246.0,140.0,482.0,283.0,390.0
520.0,86.0,339.0,270.0,452.0
278.0,147.0,322.0,311.0,264.0
262.0,126.0,735.0,226.0,225.0
692.0,156.0,363.0,283.0,434.0
381.0,82.0,513.0,223.0,256.0
149.0,100.0,411.0,177.0,503.0
339.0,200.0,512.0,308.0,504.0
431.0,71.0,431.0,0.0,407.0
307.0,102.0,524.0,333.0,468.0
329.0,138.0,226.0,328.0,407.0
373.0,104.0,56.0,146.0,150.0
339.0,139.0,512.0,469.0,420.0
400.0,90.0,489.0,515.0,264.0
619.0,86.0,539.0,38.0,296.0
458.0,98.0,417.0,424.0,332.0
339.0,66.0,351.0,306.0,264.0
307.0,134.0,399.0,99.0,98.0
242.0,104.0,513.0,461.0,449.0
172.0,169.0,621.0,424.0,384.0
178.0,145.0,460.0,411.0,282.0
296.0,108.0,509.0,196.0,493.0
494.0,88.0,56.0,426.0,264.0
392.0,248.0,543.0,286.0,223.0
494.0,68.0,576.0,441.0,446.0
458.0,138.0,357.0,461.0,419.0
296.0,110.0,585.0,622.0,530.0
157.0,9.0,448.0,469.0,530.0
522.0,58.0,764.0,330.0,284.0
244.0,100.0,575.0,426.0,228.0
331.0,219.0,426.0,184.0,499.0
184.0,139.0,256.0,275.0,341.0
585.0,82.0,363.0,270.0,214.0
465.0,58.0,421.0,284.0,407.0
619.0,194.0,431.0,106.0,320.0
373.0,13.0,322.0,311.0,728.0
184.0,82.0,686.0,227.0,358.0
464.0,123.0,361.0,622.0,389.0
506.0,73.0,430.0,782.0,424.0
252.0,91.0,447.0,336.0,612.0
394.0,203.0,603.0,191.0,264.0
273.0,68.0,361.0,424.0,493.0
370.0,67.0,410.0,286.0,284.0
413.0,207.0,377.0,414.0,419.0
201.0,109.0,512.0,311.0,292.0
152.0,106.0,573.0,486.0,582.0
308.0,73.0,438.0,370.0,498.0
542.0,126.0,575.0,109.0,284.0
302.0,116.0,377.0,227.0,199.0
411.0,146.0,482.0,344.0,419.0
237.0,169.0,371.0,366.0,404.0
508.0,90.0,686.0,524.0,568.0
289.0,110.0,661.0,177.0,300.0
395.0,134.0,398.0,94.0,175.0
630.0,129.0,443.0,441.0,257.0
292.0,143.0,379.0,191.0,264.0
644.0,126.0,534.0,411.0,569.0
505.0,97.0,488.0,156.0,469.0
542.0,90.0,582.0,227.0,486.0
193.0,58.0,327.0,263.0,339.0
232.0,67.0,226.0,390.0,463.0
542.0,138.0,399.0,283.0,298.0
409.0,121.0,638.0,227.0,618.0
542.0,125.0,267.0,288.0,419.0
467.0,71.0,322.0,195.0,419.0
164.0,93.0,402.0,283.0,208.0
331.0,116.0,560.0,200.0,284.0
478.0,194.0,357.0,353.0,446.0
431.0,97.0,448.0,283.0,333.0
497.0,40.0,234.0,257.0,515.0
513.0,65.0,347.0,132.0,346.0
266.0,106.0,539.0,191.0,167.0
320.0,71.0,429.0,189.0,499.0
542.0,53.0,357.0,110.0,308.0
252.0,209.0,361.0,370.0,167.0
508.0,115.0,490.0,218.0,195.0
481.0,106.0,334.0,353.0,503.0
638.0,121.0,342.0,296.0,401.0
190.0,950.0,512.0,316.0,530.0
251.0,207.0,327.0,99.0,146.0
425.0,140.0,511.0,328.0,284.0
237.0,135.0,378.0,121.0,233.0
236.0,95.0,543.0,469.0,498.0
574.0,91.0,658.0,336.0,453.0
410.0,85.0,677.0,469.0,695.0
425.0,175.0,393.0,356.0,531.0
409.0,106.0,188.0,639.0,454.0
434.0,145.0,361.0,294.0,332.0
354.0,110.0,511.0,333.0,398.0
392.0,197.0,265.0,265.0,225.0
302.0,102.0,524.0,286.0,534.0
364.0,58.0,342.0,130.0,282.0
241.0,36.0,334.0,625.0,495.0
395.0,209.0,250.0,106.0,245.0
392.0,193.0,619.0,184.0,346.0
331.0,132.0,164.0,469.0,511.0
505.0,68.0,267.0,306.0,504.0
315.0,106.0,578.0,501.0,454.0
636.0,82.0,223.0,410.0,534.0
339.0,183.0,398.0,110.0,261.0
216.0,111.0,363.0,386.0,332.0
373.0,125.0,135.0,123.0,419.0
395.0,121.0,384.0,304.0,523.0
519.0,73.0,442.0,386.0,517.0
701.0,175.0,431.0,284.0,434.0
266.0,132.0,256.0,263.0,228.0
425.0,76.0,525.0,132.0,332.0
458.0,51.0,538.0,318.0,233.0
542.0,115.0,466.0,123.0,25.0
425.0,102.0,476.0,336.0,465.0
237.0,146.0,340.0,145.0,427.0
228.0,71.0,170.0,469.0,223.0
297.0,126.0,506.0,639.0,530.0
465.0,136.0,509.0,328.0,421.0
417.0,140.0,361.0,129.0,255.0
497.0,118.0,411.0,109.0,223.0
308.0,18.0,192.0,319.0,434.0
390.0,156.0,484.0,38.0,318.0
636.0,106.0,170.0,191.0,418.0
192.0,126.0,448.0,361.0,308.0
373.0,97.0,411.0,344.0,418.0
252.0,102.0,226.0,999.0,606.0
638.0,248.0,378.0,184.0,568.0
467.0,168.0,364.0,356.0,377.0
262.0,126.0,327.0,411.0,411.0
480.0,132.0,999.0,315.0,418.0
307.0,102.0,265.0,113.0,353.0
413.0,88.0,422.0,276.0,419.0
256.0,66.0,364.0,195.0,339.0
301.0,66.0,512.0,146.0,347.0
410.0,168.0,448.0,361.0,296.0
392.0,85.0,442.0,283.0,427.0
434.0,132.0,506.0,316.0,580.0
183.0,140.0,505.0,155.0,245.0
394.0,99.0,801.0,639.0,591.0
395.0,121.0,526.0,166.0,98.0
395.0,93.0,357.0,337.0,394.0
236.0,197.0,460.0,263.0,245.0
504.0,203.0,114.0,318.0,421.0
307.0,161.0,399.0,678.0,530.0
746.0,100.0,553.0,439.0,468.0
413.0,115.0,366.0,426.0,591.0
256.0,115.0,801.0,330.0,441.0
506.0,135.0,256.0,110.0,150.0
312.0,97.0,489.0,226.0,195.0
395.0,129.0,482.0,296.0,225.0
184.0,121.0,328.0,156.0,233.0
329.0,950.0,340.0,263.0,306.0
333.0,140.0,377.0,316.0,195.0
329.0,219.0,526.0,156.0,401.0
424.0,76.0,256.0,424.0,228.0
291.0,108.0,114.0,518.0,580.0
289.0,194.0,422.0,227.0,441.0
191.0,195.0,334.0,106.0,475.0
519.0,105.0,661.0,353.0,571.0
326.0,146.0,357.0,408.0,456.0
329.0,193.0,377.0,353.0,124.0
256.0,71.0,426.0,247.0,124.0
9.0,523.0,489.0,390.0,512.0
473.0,133.0,677.0,595.0,587.0
425.0,206.0,164.0,337.0,0.0
295.0,96.0,506.0,410.0,512.0
520.0,106.0,170.0,241.0,407.0
315.0,154.0,785.0,154.0,498.0
456.0,132.0,660.0,311.0,511.0
508.0,159.0,447.0,275.0,476.0
296.0,121.0,512.0,226.0,568.0
500.0,96.0,361.0,38.0,465.0
206.0,53.0,402.0,155.0,255.0
390.0,200.0,322.0,40.0,0.0
400.0,96.0,431.0,110.0,353.0
999.0,106.0,554.0,337.0,228.0
392.0,0.0,426.0,227.0,146.0
331.0,58.0,386.0,196.0,475.0
206.0,121.0,660.0,177.0,303.0
326.0,108.0,526.0,439.0,587.0
425.0,73.0,192.0,424.0,252.0
457.0,102.0,340.0,155.0,53.0
395.0,14.0,764.0,97.0,264.0
183.0,106.0,489.0,330.0,284.0
183.0,130.0,342.0,184.0,282.0
373.0,170.0,377.0,296.0,569.0
308.0,65.0,450.0,330.0,303.0
285.0,45.0,862.0,504.0,320.0
692.0,102.0,513.0,40.0,504.0
508.0,106.0,490.0,390.0,530.0
394.0,67.0,436.0,192.0,318.0
413.0,134.0,538.0,97.0,223.0
392.0,118.0,541.0,184.0,214.0
373.0,184.0,384.0,184.0,97.0
636.0,247.0,448.0,958.0,225.0
183.0,523.0,322.0,227.0,347.0
361.0,138.0,340.0,316.0,427.0
425.0,14.0,512.0,94.0,175.0
425.0,13.0,585.0,83.0,187.0
516.0,90.0,442.0,93.0,438.0
520.0,110.0,357.0,328.0,150.0
395.0,135.0,512.0,424.0,453.0
424.0,136.0,419.0,337.0,465.0
251.0,99.0,567.0,145.0,256.0
457.0,108.0,735.0,390.0,515.0
392.0,108.0,436.0,390.0,420.0
361.0,67.0,322.0,94.0,327.0
192.0,98.0,541.0,458.0,282.0
291.0,108.0,785.0,461.0,538.0
392.0,132.0,170.0,247.0,214.0
295.0,118.0,578.0,316.0,438.0
89.0,133.0,538.0,297.0,628.0
111.0,145.0,453.0,217.0,611.0
480.0,147.0,567.0,333.0,395.0
308.0,68.0,256.0,525.0,187.0
275.0,86.0,509.0,226.0,232.0
373.0,106.0,265.0,217.0,332.0
390.0,107.0,496.0,337.0,475.0
491.0,171.0,570.0,192.0,232.0
542.0,198.0,429.0,501.0,453.0
999.0,109.0,576.0,196.0,390.0
520.0,115.0,422.0,443.0,434.0
361.0,175.0,610.0,356.0,419.0
370.0,108.0,334.0,518.0,530.0
417.0,58.0,0.0,501.0,245.0
449.0,57.0,466.0,315.0,391.0
178.0,108.0,578.0,424.0,476.0
246.0,96.0,509.0,93.0,97.0
307.0,71.0,170.0,384.0,511.0
410.0,115.0,489.0,146.0,332.0
480.0,175.0,366.0,430.0,553.0
242.0,139.0,448.0,424.0,436.0
238.0,136.0,482.0,625.0,453.0
216.0,104.0,322.0,184.0,339.0
392.0,115.0,735.0,297.0,391.0
149.0,118.0,541.0,83.0,588.0
190.0,112.0,524.0,177.0,463.0
488.0,118.0,554.0,315.0,465.0
480.0,82.0,574.0,474.0,302.0
242.0,154.0,410.0,625.0,530.0
410.0,0.0,397.0,220.0,225.0
392.0,105.0,429.0,153.0,454.0
159.0,95.0,351.0,191.0,411.0
152.0,40.0,56.0,97.0,495.0
259.0,107.0,819.0,94.0,150.0
329.0,87.0,610.0,168.0,124.0
190.0,36.0,514.0,126.0,475.0
373.0,107.0,327.0,999.0,580.0
508.0,38.0,468.0,109.0,256.0
456.0,66.0,429.0,242.0,302.0
449.0,177.0,748.0,0.0,0.0
339.0,206.0,363.0,155.0,124.0
638.0,132.0,436.0,315.0,310.0
630.0,58.0,525.0,474.0,534.0
508.0,124.0,411.0,344.0,427.0
164.0,203.0,525.0,283.0,571.0
241.0,102.0,436.0,155.0,97.0
288.0,67.0,328.0,647.0,499.0
152.0,100.0,512.0,625.0,124.0
0.0,84.0,567.0,411.0,300.0
193.0,110.0,509.0,129.0,446.0
519.0,93.0,267.0,94.0,419.0
157.0,65.0,430.0,518.0,469.0
361.0,68.0,801.0,353.0,208.0
539.0,168.0,660.0,191.0,195.0
295.0,161.0,512.0,270.0,278.0
191.0,96.0,541.0,384.0,468.0
236.0,88.0,436.0,283.0,523.0
999.0,999.0,393.0,288.0,268.0
307.0,99.0,660.0,525.0,530.0
242.0,86.0,556.0,328.0,420.0
465.0,129.0,378.0,226.0,398.0
644.0,66.0,509.0,426.0,504.0
469.0,145.0,334.0,411.0,511.0
505.0,999.0,322.0,622.0,482.0
390.0,80.0,226.0,608.0,695.0
434.0,108.0,514.0,184.0,405.0
481.0,57.0,581.0,184.0,376.0
190.0,58.0,365.0,304.0,517.0
403.0,134.0,466.0,283.0,225.0
465.0,73.0,543.0,97.0,303.0
668.0,120.0,576.0,458.0,449.0
491.0,106.0,342.0,166.0,284.0
480.0,170.0,286.0,330.0,580.0
425.0,115.0,509.0,129.0,523.0
289.0,209.0,567.0,347.0,418.0
999.0,198.0,581.0,469.0,490.0
315.0,115.0,30.0,328.0,502.0
409.0,121.0,366.0,999.0,618.0
542.0,168.0,164.0,262.0,531.0
301.0,88.0,365.0,718.0,728.0
449.0,105.0,660.0,336.0,404.0
563.0,106.0,501.0,344.0,292.0
361.0,118.0,322.0,518.0,421.0
508.0,115.0,553.0,184.0,411.0
157.0,102.0,489.0,286.0,335.0
295.0,193.0,363.0,647.0,523.0
232.0,170.0,581.0,335.0,454.0
241.0,106.0,524.0,424.0,517.0
241.0,118.0,417.0,38.0,208.0
480.0,67.0,686.0,268.0,515.0
278.0,58.0,386.0,384.0,427.0
292.0,262.0,448.0,283.0,191.0
448.0,156.0,399.0,424.0,468.0
361.0,73.0,228.0,217.0,53.0
206.0,96.0,576.0,432.0,453.0
508.0,140.0,806.0,126.0,389.0
373.0,143.0,328.0,359.0,530.0
395.0,90.0,506.0,94.0,282.0
266.0,102.0,514.0,106.0,233.0
308.0,138.0,30.0,153.0,452.0
273.0,106.0,357.0,461.0,469.0
344.0,112.0,626.0,639.0,398.0
232.0,95.0,450.0,283.0,123.0
392.0,105.0,509.0,311.0,419.0
373.0,118.0,570.0,424.0,469.0
506.0,66.0,366.0,241.0,310.0
307.0,106.0,505.0,300.0,332.0
149.0,85.0,567.0,338.0,606.0
361.0,197.0,496.0,110.0,228.0
390.0,999.0,785.0,191.0,367.0
244.0,115.0,448.0,196.0,327.0
556.0,168.0,505.0,300.0,883.0
201.0,112.0,226.0,184.0,257.0
251.0,91.0,554.0,308.0,453.0
365.0,107.0,275.0,361.0,411.0
295.0,195.0,447.0,286.0,883.0
339.0,62.0,554.0,411.0,453.0
390.0,139.0,610.0,217.0,384.0
448.0,90.0,511.0,424.0,523.0
295.0,106.0,525.0,146.0,150.0
184.0,106.0,315.0,319.0,453.0
294.0,197.0,234.0,283.0,284.0
164.0,184.0,556.0,241.0,401.0
563.0,121.0,512.0,154.0,175.0
381.0,85.0,402.0,515.0,490.0
746.0,195.0,366.0,249.0,406.0
354.0,135.0,371.0,333.0,263.0
292.0,109.0,361.0,263.0,284.0
520.0,57.0,801.0,315.0,392.0
251.0,159.0,524.0,304.0,191.0
410.0,90.0,484.0,337.0,418.0
191.0,203.0,490.0,63.0,346.0
455.0,256.0,540.0,501.0,582.0
638.0,143.0,512.0,390.0,592.0
494.0,108.0,402.0,424.0,389.0
455.0,197.0,410.0,328.0,376.0
237.0,132.0,512.0,63.0,298.0
765.0,132.0,405.0,647.0,332.0
542.0,107.0,322.0,257.0,441.0
690.0,121.0,496.0,69.0,308.0
494.0,102.0,448.0,370.0,296.0
746.0,132.0,585.0,486.0,446.0
301.0,76.0,302.0,223.0,536.0
365.0,161.0,735.0,241.0,264.0
478.0,135.0,482.0,349.0,303.0
505.0,107.0,361.0,184.0,424.0
469.0,107.0,581.0,958.0,391.0
331.0,93.0,726.0,300.0,568.0
471.0,140.0,342.0,343.0,456.0
326.0,73.0,488.0,106.0,100.0
390.0,108.0,430.0,356.0,256.0
456.0,67.0,322.0,191.0,446.0
292.0,102.0,170.0,249.0,493.0
289.0,209.0,315.0,443.0,523.0
469.0,102.0,256.0,121.0,229.0
365.0,169.0,234.0,353.0,245.0
395.0,138.0,603.0,275.0,264.0
434.0,198.0,275.0,353.0,468.0
244.0,120.0,302.0,524.0,588.0
457.0,207.0,490.0,461.0,591.0
308.0,139.0,695.0,126.0,363.0
505.0,249.0,560.0,283.0,449.0
241.0,126.0,402.0,189.0,284.0
332.0,87.0,543.0,316.0,411.0
539.0,112.0,442.0,63.0,0.0
469.0,111.0,862.0,226.0,233.0
331.0,184.0,328.0,390.0,438.0
505.0,203.0,339.0,276.0,221.0
390.0,116.0,660.0,430.0,523.0
638.0,108.0,410.0,184.0,728.0
701.0,93.0,363.0,288.0,335.0
425.0,93.0,363.0,366.0,544.0
337.0,107.0,378.0,94.0,100.0
190.0,45.0,357.0,178.0,292.0
237.0,82.0,484.0,353.0,332.0
410.0,170.0,442.0,192.0,427.0
508.0,209.0,378.0,219.0,282.0
403.0,97.0,450.0,958.0,588.0
333.0,90.0,226.0,241.0,335.0
275.0,125.0,541.0,153.0,98.0
409.0,195.0,443.0,218.0,332.0
159.0,58.0,489.0,249.0,456.0
201.0,73.0,572.0,426.0,332.0
209.0,106.0,540.0,626.0,618.0
431.0,106.0,275.0,217.0,606.0
458.0,86.0,660.0,155.0,228.0
191.0,96.0,322.0,110.0,400.0
497.0,76.0,578.0,294.0,512.0
522.0,106.0,489.0,217.0,427.0
364.0,115.0,556.0,130.0,468.0
178.0,86.0,661.0,189.0,232.0
410.0,93.0,226.0,217.0,225.0
447.0,58.0,505.0,336.0,476.0
481.0,126.0,429.0,227.0,339.0
193.0,67.0,334.0,166.0,232.0
307.0,147.0,603.0,106.0,146.0
417.0,223.0,862.0,366.0,463.0
297.0,169.0,575.0,411.0,98.0
241.0,58.0,484.0,196.0,255.0
434.0,18.0,496.0,284.0,411.0
291.0,140.0,512.0,195.0,282.0
500.0,111.0,256.0,328.0,264.0
157.0,67.0,267.0,218.0,363.0
266.0,146.0,347.0,275.0,389.0
508.0,169.0,399.0,461.0,530.0
395.0,125.0,570.0,275.0,347.0
307.0,120.0,488.0,390.0,499.0
183.0,101.0,661.0,335.0,404.0
362.0,66.0,567.0,318.0,225.0
307.0,62.0,371.0,81.0,98.0
320.0,102.0,339.0,315.0,538.0
183.0,159.0,389.0,249.0,391.0
516.0,283.0,764.0,263.0,341.0
409.0,108.0,489.0,601.0,463.0
447.0,13.0,506.0,283.0,453.0
292.0,76.0,543.0,424.0,498.0
206.0,90.0,30.0,123.0,306.0
184.0,98.0,540.0,263.0,332.0
241.0,118.0,488.0,177.0,353.0
500.0,68.0,525.0,328.0,587.0
359.0,86.0,322.0,275.0,284.0
411.0,138.0,686.0,247.0,553.0
191.0,209.0,524.0,192.0,252.0
295.0,113.0,556.0,283.0,175.0
236.0,73.0,578.0,469.0,407.0
574.0,999.0,538.0,129.0,225.0
542.0,79.0,872.0,263.0,300.0
157.0,52.0,429.0,300.0,332.0
494.0,132.0,526.0,333.0,398.0
692.0,120.0,364.0,200.0,453.0
395.0,14.0,488.0,226.0,606.0
184.0,159.0,525.0,220.0,499.0
500.0,36.0,514.0,337.0,536.0
339.0,102.0,538.0,43.0,490.0
425.0,132.0,365.0,330.0,419.0
692.0,104.0,512.0,318.0,284.0
373.0,93.0,366.0,43.0,592.0
236.0,100.0,512.0,359.0,271.0
467.0,101.0,638.0,38.0,167.0
285.0,91.0,726.0,316.0,376.0
294.0,71.0,505.0,608.0,292.0
394.0,70.0,576.0,333.0,517.0
513.0,126.0,419.0,439.0,531.0
312.0,66.0,735.0,40.0,97.0
508.0,203.0,512.0,262.0,353.0
295.0,110.0,361.0,308.0,582.0
411.0,123.0,234.0,315.0,228.0
690.0,88.0,540.0,333.0,292.0
409.0,116.0,357.0,601.0,208.0
289.0,101.0,328.0,223.0,406.0
183.0,98.0,726.0,83.0,284.0
89.0,200.0,570.0,333.0,229.0
111.0,91.0,534.0,69.0,282.0
191.0,101.0,512.0,335.0,225.0
206.0,87.0,443.0,276.0,530.0
242.0,132.0,188.0,154.0,463.0
344.0,110.0,509.0,121.0,465.0
359.0,106.0,574.0,333.0,431.0
539.0,105.0,430.0,441.0,534.0
301.0,40.0,450.0,300.0,427.0
206.0,97.0,417.0,343.0,358.0
480.0,14.0,393.0,110.0,511.0
232.0,57.0,265.0,356.0,418.0
630.0,209.0,421.0,242.0,587.0
417.0,120.0,170.0,308.0,401.0
473.0,140.0,660.0,106.0,427.0
520.0,248.0,340.0,123.0,284.0
312.0,86.0,399.0,154.0,310.0
456.0,134.0,735.0,315.0,453.0
157.0,132.0,327.0,177.0,233.0
370.0,126.0,489.0,353.0,476.0
296.0,126.0,543.0,155.0,225.0
638.0,82.0,484.0,359.0,418.0
332.0,249.0,705.0,344.0,486.0
331.0,58.0,361.0,504.0,591.0
241.0,126.0,347.0,625.0,468.0
301.0,73.0,567.0,257.0,208.0
209.0,129.0,419.0,525.0,568.0
190.0,169.0,506.0,296.0,320.0
516.0,523.0,366.0,328.0,534.0
508.0,0.0,748.0,270.0,298.0
246.0,97.0,578.0,359.0,568.0
630.0,102.0,862.0,217.0,195.0
411.0,126.0,619.0,275.0,233.0
456.0,130.0,368.0,265.0,223.0
273.0,140.0,543.0,518.0,611.0
456.0,65.0,484.0,283.0,225.0
246.0,86.0,556.0,257.0,418.0
251.0,58.0,399.0,166.0,454.0
361.0,9.0,619.0,283.0,517.0
471.0,71.0,538.0,283.0,431.0
630.0,108.0,496.0,491.0,463.0
411.0,134.0,351.0,608.0,384.0
275.0,66.0,538.0,469.0,333.0
636.0,68.0,585.0,202.0,347.0
506.0,98.0,378.0,461.0,536.0
395.0,80.0,575.0,94.0,256.0
296.0,90.0,361.0,999.0,453.0
206.0,249.0,429.0,449.0,490.0
373.0,91.0,385.0,247.0,278.0
252.0,96.0,361.0,93.0,398.0
542.0,108.0,417.0,154.0,293.0
307.0,57.0,538.0,390.0,465.0
251.0,108.0,513.0,608.0,553.0
458.0,149.0,377.0,525.0,582.0
458.0,145.0,328.0,94.0,306.0
262.0,45.0,361.0,145.0,395.0
329.0,79.0,419.0,424.0,419.0
361.0,80.0,405.0,622.0,498.0
370.0,262.0,334.0,353.0,611.0
410.0,71.0,509.0,349.0,475.0
241.0,36.0,361.0,219.0,306.0
434.0,13.0,581.0,223.0,300.0
392.0,96.0,489.0,130.0,611.0
409.0,90.0,872.0,283.0,394.0
300.0,209.0,512.0,155.0,438.0
337.0,168.0,378.0,226.0,390.0
301.0,97.0,357.0,308.0,398.0
381.0,140.0,447.0,196.0,292.0
392.0,138.0,327.0,601.0,407.0
390.0,106.0,490.0,390.0,469.0
636.0,183.0,448.0,242.0,339.0
410.0,138.0,512.0,474.0,571.0
152.0,86.0,510.0,718.0,591.0
251.0,99.0,315.0,94.0,282.0
275.0,66.0,448.0,311.0,225.0
291.0,97.0,334.0,219.0,53.0
273.0,195.0,585.0,366.0,217.0
228.0,132.0,438.0,83.0,268.0
252.0,100.0,534.0,93.0,150.0
209.0,102.0,402.0,410.0,592.0
513.0,156.0,496.0,232.0,327.0
410.0,95.0,405.0,333.0,405.0
410.0,76.0,256.0,337.0,465.0
471.0,209.0,402.0,227.0,228.0
690.0,84.0,450.0,97.0,123.0
301.0,85.0,361.0,284.0,264.0
292.0,113.0,524.0,121.0,284.0
497.0,132.0,448.0,515.0,549.0
519.0,206.0,280.0,43.0,420.0
289.0,170.0,526.0,289.0,302.0
411.0,193.0,421.0,217.0,367.0
481.0,146.0,322.0,196.0,292.0
409.0,85.0,482.0,353.0,568.0
520.0,90.0,371.0,333.0,411.0
244.0,87.0,748.0,196.0,398.0
178.0,109.0,385.0,297.0,400.0
411.0,85.0,322.0,461.0,531.0
339.0,194.0,322.0,69.0,568.0
294.0,105.0,363.0,316.0,418.0
471.0,96.0,695.0,275.0,441.0
333.0,116.0,660.0,83.0,225.0
458.0,248.0,496.0,286.0,341.0
701.0,86.0,377.0,491.0,419.0
308.0,86.0,514.0,43.0,123.0
242.0,209.0,402.0,184.0,392.0
288.0,194.0,361.0,411.0,534.0
252.0,247.0,603.0,226.0,538.0
312.0,45.0,328.0,315.0,441.0
238.0,209.0,0.0,999.0,999.0
692.0,82.0,801.0,518.0,454.0
409.0,90.0,447.0,178.0,300.0
252.0,146.0,364.0,347.0,389.0
390.0,200.0,327.0,195.0,463.0
193.0,219.0,267.0,43.0,441.0
465.0,121.0,361.0,414.0,503.0
390.0,134.0,448.0,441.0,391.0
296.0,168.0,405.0,153.0,228.0
467.0,105.0,581.0,275.0,544.0
236.0,73.0,862.0,289.0,320.0
506.0,14.0,658.0,366.0,282.0
241.0,68.0,443.0,275.0,284.0
434.0,206.0,582.0,608.0,569.0
296.0,105.0,466.0,226.0,463.0
410.0,134.0,228.0,265.0,255.0
456.0,247.0,524.0,190.0,284.0
373.0,115.0,426.0,328.0,421.0
159.0,175.0,541.0,83.0,419.0
458.0,156.0,525.0,518.0,424.0
417.0,139.0,405.0,337.0,407.0
172.0,115.0,476.0,177.0,252.0
152.0,118.0,405.0,275.0,347.0
417.0,106.0,378.0,330.0,358.0
395.0,102.0,448.0,504.0,332.0
289.0,95.0,576.0,297.0,394.0
395.0,105.0,567.0,315.0,438.0
159.0,102.0,265.0,178.0,124.0
259.0,107.0,801.0,275.0,405.0
292.0,168.0,621.0,469.0,436.0
413.0,67.0,361.0,275.0,568.0
361.0,133.0,228.0,337.0,587.0
395.0,95.0,245.0,191.0,123.0
513.0,283.0,402.0,424.0,454.0
333.0,146.0,496.0,718.0,406.0
111.0,97.0,872.0,155.0,333.0
563.0,138.0,512.0,192.0,384.0
191.0,114.0,735.0,335.0,549.0
478.0,73.0,748.0,524.0,568.0
400.0,115.0,554.0,232.0,303.0
516.0,262.0,339.0,262.0,255.0
478.0,247.0,339.0,474.0,569.0
395.0,110.0,363.0,168.0,245.0
364.0,135.0,363.0,184.0,282.0
425.0,170.0,429.0,83.0,257.0
252.0,93.0,511.0,626.0,530.0
236.0,105.0,0.0,195.0,298.0
266.0,132.0,419.0,154.0,300.0
409.0,159.0,422.0,190.0,534.0
425.0,58.0,223.0,257.0,167.0
236.0,82.0,429.0,356.0,606.0
539.0,950.0,322.0,184.0,332.0
409.0,85.0,340.0,328.0,400.0
488.0,106.0,509.0,138.0,394.0
333.0,121.0,560.0,622.0,612.0
193.0,95.0,448.0,190.0,306.0
409.0,200.0,114.0,247.0,332.0
692.0,67.0,234.0,121.0,367.0
329.0,76.0,397.0,294.0,318.0
183.0,143.0,572.0,286.0,407.0
425.0,73.0,347.0,608.0,308.0
478.0,156.0,509.0,195.0,441.0
252.0,146.0,801.0,83.0,333.0
370.0,57.0,573.0,328.0,536.0
339.0,999.0,365.0,223.0,333.0
291.0,90.0,574.0,333.0,411.0
574.0,197.0,422.0,156.0,0.0
206.0,105.0,603.0,232.0,296.0
164.0,93.0,556.0,126.0,538.0
569.0,91.0,431.0,304.0,612.0
232.0,91.0,450.0,333.0,465.0
184.0,51.0,364.0,353.0,308.0
244.0,169.0,506.0,129.0,284.0
362.0,67.0,342.0,316.0,327.0
242.0,57.0,610.0,525.0,523.0
409.0,135.0,378.0,297.0,498.0
149.0,118.0,256.0,275.0,124.0
252.0,102.0,405.0,608.0,390.0
339.0,134.0,386.0,146.0,300.0
337.0,91.0,228.0,304.0,405.0
465.0,249.0,450.0,223.0,367.0
294.0,82.0,540.0,337.0,424.0
569.0,58.0,365.0,330.0,495.0
307.0,67.0,619.0,622.0,883.0
236.0,113.0,447.0,196.0,221.0
467.0,73.0,541.0,625.0,228.0
409.0,111.0,468.0,386.0,502.0
339.0,71.0,505.0,515.0,530.0
395.0,98.0,378.0,579.0,217.0
409.0,38.0,438.0,390.0,167.0
270.0,14.0,484.0,390.0,339.0
152.0,147.0,442.0,595.0,333.0
390.0,138.0,385.0,283.0,282.0
692.0,107.0,524.0,359.0,419.0
216.0,106.0,399.0,504.0,517.0
539.0,134.0,339.0,97.0,404.0
184.0,183.0,554.0,411.0,404.0
413.0,90.0,411.0,333.0,389.0
201.0,262.0,621.0,333.0,523.0
467.0,139.0,525.0,218.0,320.0
191.0,76.0,543.0,286.0,264.0
172.0,110.0,448.0,40.0,293.0
409.0,118.0,661.0,145.0,544.0
307.0,147.0,357.0,595.0,407.0
339.0,145.0,164.0,414.0,523.0
193.0,73.0,357.0,316.0,517.0
497.0,96.0,506.0,595.0,530.0
765.0,87.0,489.0,113.0,449.0
190.0,147.0,476.0,200.0,284.0
365.0,154.0,256.0,328.0,367.0
478.0,90.0,351.0,347.0,453.0
295.0,110.0,806.0,270.0,400.0
458.0,44.0,490.0,283.0,441.0
183.0,170.0,513.0,129.0,225.0
184.0,76.0,581.0,474.0,255.0
556.0,109.0,397.0,386.0,332.0
410.0,134.0,603.0,155.0,217.0
242.0,113.0,512.0,94.0,407.0
491.0,102.0,429.0,288.0,391.0
294.0,134.0,422.0,371.0,300.0
292.0,161.0,421.0,432.0,424.0
464.0,140.0,510.0,192.0,255.0
364.0,102.0,328.0,81.0,98.0
201.0,102.0,582.0,275.0,517.0
469.0,249.0,541.0,344.0,225.0
481.0,45.0,686.0,432.0,406.0
244.0,106.0,366.0,265.0,499.0
373.0,106.0,280.0,226.0,300.0
506.0,90.0,364.0,469.0,517.0
491.0,18.0,476.0,361.0,284.0
288.0,58.0,525.0,202.0,347.0
339.0,140.0,361.0,223.0,582.0
457.0,89.0,436.0,113.0,538.0
456.0,121.0,538.0,145.0,217.0
302.0,90.0,509.0,469.0,612.0
497.0,146.0,334.0,94.0,225.0
409.0,116.0,512.0,94.0,263.0
425.0,132.0,393.0,226.0,332.0
365.0,197.0,405.0,275.0,264.0
519.0,149.0,626.0,190.0,606.0
190.0,106.0,862.0,318.0,591.0
458.0,110.0,398.0,426.0,225.0
373.0,90.0,541.0,474.0,611.0
262.0,106.0,512.0,424.0,407.0
295.0,256.0,245.0,359.0,612.0
502.0,168.0,398.0,579.0,475.0
291.0,154.0,351.0,300.0,421.0
395.0,95.0,421.0,625.0,498.0
172.0,203.0,417.0,129.0,401.0
424.0,110.0,386.0,311.0,504.0
365.0,96.0,436.0,178.0,292.0
364.0,107.0,581.0,63.0,400.0
149.0,168.0,442.0,626.0,569.0
539.0,209.0,505.0,469.0,438.0
262.0,126.0,501.0,359.0,446.0
237.0,102.0,453.0,424.0,568.0
251.0,96.0,512.0,782.0,446.0
504.0,108.0,525.0,336.0,346.0
295.0,109.0,422.0,283.0,517.0
692.0,95.0,430.0,126.0,229.0
447.0,73.0,610.0,195.0,271.0
410.0,248.0,402.0,336.0,278.0
395.0,66.0,419.0,110.0,333.0
373.0,102.0,371.0,189.0,404.0
285.0,53.0,398.0,156.0,263.0
403.0,111.0,188.0,528.0,398.0
361.0,102.0,514.0,247.0,308.0
190.0,140.0,638.0,579.0,284.0
190.0,58.0,365.0,191.0,228.0
370.0,124.0,429.0,410.0,434.0
190.0,76.0,999.0,154.0,398.0
434.0,68.0,556.0,262.0,358.0
241.0,100.0,93.0,333.0,449.0
434.0,91.0,267.0,294.0,392.0
331.0,145.0,541.0,359.0,407.0
238.0,209.0,513.0,288.0,504.0
410.0,97.0,410.0,296.0,465.0
508.0,110.0,677.0,232.0,406.0
701.0,195.0,806.0,218.0,511.0
159.0,523.0,361.0,430.0,389.0
296.0,44.0,398.0,81.0,310.0
209.0,170.0,429.0,189.0,367.0
164.0,86.0,334.0,315.0,534.0
296.0,248.0,576.0,241.0,327.0
184.0,200.0,610.0,226.0,223.0
471.0,91.0,430.0,316.0,353.0
190.0,102.0,328.0,288.0,346.0
183.0,200.0,638.0,328.0,591.0
456.0,76.0,397.0,622.0,592.0
638.0,113.0,436.0,469.0,628.0
308.0,100.0,603.0,359.0,463.0
585.0,90.0,411.0,275.0,263.0
431.0,132.0,397.0,286.0,468.0
395.0,121.0,466.0,359.0,310.0
539.0,168.0,371.0,189.0,401.0
508.0,107.0,447.0,353.0,468.0
191.0,133.0,365.0,247.0,252.0
307.0,123.0,512.0,226.0,363.0
464.0,134.0,490.0,319.0,580.0
392.0,76.0,695.0,625.0,553.0
193.0,115.0,582.0,625.0,452.0
424.0,209.0,397.0,622.0,411.0
395.0,105.0,361.0,353.0,534.0
292.0,97.0,554.0,93.0,146.0
457.0,115.0,371.0,286.0,591.0
172.0,101.0,327.0,83.0,404.0
292.0,66.0,393.0,154.0,419.0
497.0,115.0,429.0,113.0,225.0
320.0,13.0,328.0,311.0,553.0
201.0,76.0,448.0,424.0,486.0
354.0,175.0,410.0,226.0,252.0
262.0,97.0,570.0,202.0,511.0
190.0,66.0,511.0,411.0,390.0
344.0,95.0,506.0,154.0,389.0
522.0,91.0,386.0,306.0,395.0
504.0,36.0,573.0,639.0,498.0
516.0,58.0,512.0,40.0,264.0
701.0,84.0,660.0,286.0,346.0
927.0,118.0,379.0,335.0,512.0
329.0,71.0,393.0,265.0,228.0
320.0,154.0,402.0,359.0,419.0
184.0,65.0,228.0,424.0,98.0
273.0,121.0,806.0,242.0,146.0
456.0,177.0,347.0,190.0,191.0
413.0,93.0,540.0,353.0,431.0
471.0,133.0,572.0,184.0,245.0
273.0,65.0,361.0,192.0,284.0
542.0,112.0,603.0,330.0,493.0
266.0,125.0,511.0,297.0,580.0
241.0,168.0,506.0,286.0,214.0
292.0,132.0,538.0,232.0,468.0
434.0,132.0,512.0,333.0,223.0
302.0,126.0,422.0,316.0,587.0
392.0,248.0,275.0,94.0,252.0
563.0,125.0,402.0,232.0,282.0
236.0,90.0,488.0,196.0,490.0
292.0,143.0,764.0,241.0,229.0
469.0,139.0,638.0,353.0,245.0
149.0,140.0,489.0,353.0,438.0
505.0,111.0,872.0,486.0,208.0
494.0,247.0,677.0,524.0,469.0
410.0,71.0,386.0,424.0,341.0
480.0,93.0,322.0,504.0,232.0
500.0,145.0,386.0,515.0,482.0
288.0,256.0,286.0,441.0,523.0
505.0,106.0,553.0,344.0,580.0
364.0,68.0,442.0,311.0,346.0
457.0,145.0,436.0,461.0,495.0
457.0,130.0,365.0,184.0,199.0
183.0,67.0,560.0,123.0,223.0
494.0,120.0,505.0,192.0,225.0
999.0,113.0,578.0,608.0,504.0
516.0,80.0,228.0,449.0,553.0
288.0,58.0,514.0,353.0,245.0
364.0,106.0,371.0,263.0,217.0
365.0,73.0,442.0,113.0,406.0
456.0,109.0,578.0,262.0,332.0
0.0,168.0,405.0,184.0,223.0
425.0,171.0,377.0,311.0,377.0
354.0,102.0,397.0,155.0,404.0
410.0,100.0,265.0,319.0,390.0
500.0,106.0,578.0,195.0,582.0
344.0,95.0,399.0,297.0,493.0
370.0,110.0,30.0,217.0,308.0
480.0,106.0,340.0,410.0,292.0
692.0,102.0,556.0,226.0,310.0
241.0,134.0,540.0,343.0,424.0
364.0,207.0,512.0,474.0,499.0
449.0,262.0,540.0,504.0,493.0
252.0,138.0,188.0,469.0,530.0
111.0,140.0,234.0,217.0,293.0
332.0,145.0,567.0,138.0,284.0
252.0,58.0,488.0,318.0,310.0
275.0,177.0,785.0,353.0,333.0
400.0,68.0,660.0,219.0,367.0
297.0,116.0,379.0,94.0,53.0
228.0,76.0,560.0,268.0,252.0
464.0,113.0,514.0,275.0,434.0
410.0,118.0,619.0,356.0,453.0
563.0,108.0,363.0,353.0,469.0
395.0,125.0,357.0,441.0,421.0
516.0,90.0,819.0,177.0,284.0
395.0,108.0,363.0,219.0,427.0
409.0,262.0,540.0,223.0,475.0
410.0,87.0,539.0,333.0,398.0
410.0,110.0,539.0,43.0,588.0
183.0,113.0,658.0,283.0,339.0
354.0,124.0,538.0,184.0,284.0
458.0,195.0,436.0,178.0,232.0
542.0,200.0,114.0,410.0,427.0
480.0,95.0,223.0,81.0,191.0
395.0,66.0,543.0,40.0,65.0
307.0,108.0,525.0,270.0,97.0
285.0,129.0,466.0,154.0,418.0
9.0,118.0,339.0,408.0,530.0
178.0,106.0,505.0,275.0,406.0
574.0,76.0,541.0,408.0,427.0
159.0,67.0,575.0,304.0,486.0
425.0,106.0,328.0,579.0,318.0
149.0,53.0,512.0,304.0,511.0
326.0,82.0,389.0,337.0,427.0
270.0,18.0,363.0,113.0,367.0
638.0,93.0,334.0,257.0,392.0
455.0,111.0,450.0,639.0,588.0
241.0,65.0,801.0,283.0,569.0
690.0,82.0,610.0,424.0,263.0
425.0,177.0,402.0,343.0,395.0
519.0,108.0,340.0,276.0,310.0
513.0,102.0,368.0,43.0,310.0
505.0,79.0,399.0,217.0,284.0
289.0,106.0,347.0,424.0,502.0
542.0,91.0,378.0,390.0,553.0
364.0,126.0,524.0,316.0,229.0
506.0,100.0,267.0,353.0,431.0
458.0,109.0,575.0,518.0,571.0
373.0,106.0,322.0,146.0,217.0
434.0,90.0,453.0,328.0,469.0
238.0,170.0,275.0,223.0,0.0
275.0,44.0,368.0,263.0,468.0
164.0,53.0,539.0,504.0,530.0
999.0,76.0,553.0,390.0,420.0
307.0,139.0,398.0,306.0,395.0
425.0,110.0,496.0,154.0,468.0
447.0,89.0,705.0,283.0,392.0
556.0,126.0,526.0,370.0,419.0
410.0,111.0,468.0,178.0,454.0
480.0,105.0,726.0,190.0,284.0
431.0,132.0,322.0,335.0,353.0
392.0,91.0,496.0,311.0,347.0
409.0,108.0,399.0,370.0,292.0
403.0,79.0,363.0,595.0,406.0
307.0,118.0,660.0,622.0,612.0
246.0,200.0,411.0,384.0,475.0
449.0,200.0,512.0,286.0,502.0
246.0,168.0,638.0,223.0,255.0
266.0,90.0,488.0,241.0,191.0
252.0,121.0,660.0,268.0,271.0
505.0,44.0,402.0,0.0,268.0
638.0,145.0,442.0,524.0,405.0
364.0,248.0,93.0,286.0,341.0
291.0,207.0,540.0,333.0,465.0
111.0,143.0,872.0,223.0,400.0
569.0,90.0,661.0,94.0,536.0
329.0,88.0,484.0,486.0,468.0
241.0,86.0,574.0,562.0,431.0
241.0,132.0,525.0,283.0,367.0
701.0,104.0,357.0,288.0,347.0
273.0,86.0,389.0,184.0,225.0
192.0,79.0,482.0,223.0,394.0
394.0,283.0,361.0,177.0,465.0
644.0,105.0,322.0,156.0,284.0
491.0,125.0,572.0,40.0,232.0
273.0,18.0,496.0,424.0,208.0
690.0,177.0,0.0,178.0,346.0
409.0,52.0,510.0,109.0,214.0
359.0,102.0,226.0,333.0,523.0
159.0,200.0,361.0,359.0,588.0
289.0,100.0,509.0,347.0,612.0
542.0,140.0,386.0,217.0,419.0
302.0,140.0,327.0,283.0,427.0
556.0,58.0,443.0,349.0,463.0
89.0,86.0,573.0,390.0,544.0
467.0,96.0,582.0,219.0,549.0
362.0,171.0,489.0,504.0,611.0
252.0,102.0,275.0,184.0,292.0
228.0,120.0,366.0,579.0,502.0
410.0,108.0,402.0,184.0,536.0
291.0,68.0,405.0,306.0,232.0
184.0,92.0,488.0,622.0,606.0
191.0,36.0,419.0,226.0,292.0
494.0,156.0,363.0,196.0,233.0
373.0,73.0,660.0,218.0,282.0
434.0,200.0,442.0,178.0,284.0
502.0,91.0,572.0,226.0,199.0
266.0,9.0,677.0,306.0,306.0
394.0,44.0,484.0,184.0,486.0
344.0,90.0,315.0,359.0,490.0
471.0,66.0,575.0,97.0,419.0
457.0,206.0,490.0,486.0,401.0
457.0,207.0,397.0,349.0,468.0
184.0,113.0,553.0,366.0,530.0
392.0,66.0,862.0,275.0,465.0
481.0,124.0,677.0,223.0,431.0
206.0,67.0,402.0,424.0,498.0
252.0,45.0,560.0,241.0,245.0
746.0,44.0,429.0,504.0,468.0
190.0,71.0,429.0,130.0,167.0
244.0,109.0,366.0,220.0,530.0
455.0,132.0,512.0,81.0,463.0
297.0,106.0,366.0,449.0,503.0
457.0,93.0,405.0,424.0,191.0
297.0,71.0,567.0,289.0,363.0
464.0,195.0,511.0,241.0,363.0
508.0,93.0,429.0,155.0,421.0
273.0,102.0,578.0,177.0,229.0
390.0,139.0,661.0,262.0,278.0
301.0,999.0,135.0,528.0,449.0
152.0,108.0,411.0,99.0,517.0
434.0,139.0,436.0,370.0,504.0
644.0,97.0,322.0,195.0,245.0
270.0,86.0,357.0,626.0,571.0
425.0,125.0,573.0,333.0,569.0
332.0,110.0,543.0,191.0,523.0
505.0,100.0,448.0,304.0,468.0
332.0,247.0,526.0,333.0,306.0
516.0,93.0,511.0,155.0,282.0
237.0,149.0,334.0,625.0,612.0
457.0,9.0,226.0,430.0,495.0
455.0,113.0,514.0,328.0,339.0
301.0,73.0,256.0,353.0,320.0
236.0,73.0,265.0,337.0,406.0
294.0,146.0,188.0,218.0,257.0
413.0,73.0,540.0,315.0,446.0
504.0,108.0,686.0,153.0,495.0
302.0,76.0,511.0,458.0,592.0
927.0,121.0,862.0,625.0,405.0
464.0,9.0,509.0,353.0,308.0
307.0,9.0,572.0,333.0,530.0
364.0,143.0,361.0,626.0,407.0
447.0,256.0,541.0,289.0,389.0
9.0,90.0,421.0,145.0,482.0
542.0,58.0,554.0,226.0,264.0
410.0,195.0,361.0,366.0,214.0
522.0,53.0,489.0,286.0,264.0
395.0,91.0,603.0,106.0,441.0
228.0,52.0,234.0,315.0,252.0
241.0,82.0,135.0,356.0,463.0
425.0,124.0,419.0,145.0,499.0
361.0,105.0,442.0,99.0,395.0
465.0,13.0,417.0,999.0,999.0
505.0,139.0,705.0,356.0,453.0
295.0,95.0,514.0,441.0,339.0
373.0,73.0,660.0,461.0,511.0
506.0,134.0,411.0,154.0,123.0
458.0,96.0,256.0,294.0,421.0
508.0,140.0,541.0,270.0,407.0
522.0,107.0,748.0,168.0,411.0
471.0,123.0,164.0,361.0,568.0
152.0,52.0,510.0,241.0,124.0
361.0,73.0,365.0,153.0,225.0
491.0,38.0,567.0,83.0,0.0
395.0,73.0,389.0,361.0,502.0
294.0,101.0,490.0,200.0,999.0
332.0,219.0,322.0,338.0,476.0
644.0,123.0,365.0,154.0,264.0
209.0,70.0,398.0,411.0,591.0
410.0,102.0,286.0,411.0,123.0
266.0,183.0,334.0,296.0,268.0
513.0,67.0,385.0,262.0,284.0
638.0,73.0,806.0,69.0,310.0
434.0,209.0,328.0,524.0,999.0
241.0,73.0,188.0,361.0,404.0
417.0,140.0,386.0,678.0,591.0
296.0,194.0,448.0,335.0,367.0
236.0,91.0,361.0,625.0,538.0
424.0,168.0,265.0,242.0,411.0
184.0,66.0,570.0,182.0,25.0
191.0,86.0,476.0,189.0,65.0
237.0,203.0,785.0,189.0,264.0
458.0,138.0,505.0,283.0,268.0
465.0,247.0,726.0,294.0,97.0
252.0,96.0,436.0,283.0,332.0
289.0,58.0,660.0,424.0,53.0
392.0,198.0,431.0,109.0,536.0
228.0,138.0,534.0,349.0,523.0
411.0,52.0,526.0,595.0,618.0
0.0,206.0,430.0,241.0,306.0
381.0,247.0,764.0,430.0,53.0
373.0,110.0,872.0,288.0,335.0
251.0,44.0,658.0,344.0,503.0
413.0,91.0,245.0,432.0,618.0
394.0,118.0,361.0,366.0,418.0
409.0,100.0,626.0,184.0,511.0
256.0,100.0,525.0,99.0,146.0
339.0,200.0,468.0,126.0,419.0
190.0,209.0,410.0,316.0,611.0
244.0,129.0,574.0,524.0,420.0
500.0,118.0,764.0,410.0,453.0
209.0,71.0,393.0,97.0,517.0
206.0,106.0,363.0,283.0,427.0
458.0,97.0,576.0,94.0,392.0
295.0,106.0,695.0,625.0,389.0
434.0,209.0,421.0,262.0,53.0
471.0,109.0,505.0,241.0,389.0
508.0,123.0,275.0,353.0,468.0
333.0,88.0,340.0,218.0,278.0
403.0,168.0,327.0,249.0,384.0
237.0,52.0,538.0,232.0,150.0
467.0,58.0,572.0,359.0,406.0
508.0,113.0,398.0,156.0,302.0
395.0,115.0,705.0,647.0,498.0
392.0,90.0,442.0,311.0,493.0
241.0,159.0,368.0,337.0,499.0
497.0,170.0,553.0,626.0,587.0
504.0,97.0,393.0,123.0,199.0
308.0,73.0,431.0,601.0,486.0
690.0,209.0,578.0,335.0,420.0
516.0,13.0,448.0,177.0,367.0
291.0,249.0,540.0,283.0,395.0
365.0,73.0,265.0,296.0,517.0
289.0,118.0,509.0,145.0,465.0
241.0,76.0,351.0,283.0,245.0
228.0,86.0,511.0,155.0,167.0
373.0,51.0,361.0,424.0,618.0
465.0,121.0,512.0,439.0,476.0
542.0,195.0,334.0,184.0,298.0
193.0,146.0,576.0,424.0,419.0
149.0,146.0,660.0,424.0,419.0
259.0,95.0,228.0,249.0,427.0
307.0,209.0,488.0,99.0,502.0
513.0,132.0,245.0,283.0,377.0
508.0,209.0,509.0,424.0,523.0
505.0,105.0,541.0,184.0,469.0
692.0,100.0,573.0,177.0,284.0
668.0,248.0,361.0,333.0,438.0
513.0,107.0,638.0,0.0,0.0
307.0,105.0,509.0,525.0,469.0
246.0,118.0,525.0,196.0,282.0
339.0,132.0,658.0,191.0,271.0
417.0,115.0,23.0,361.0,498.0
238.0,52.0,705.0,424.0,446.0
522.0,93.0,397.0,94.0,367.0
403.0,111.0,267.0,443.0,628.0
251.0,92.0,460.0,595.0,512.0
373.0,132.0,368.0,356.0,427.0
469.0,107.0,543.0,439.0,427.0
273.0,91.0,448.0,625.0,612.0
505.0,91.0,23.0,196.0,346.0
183.0,146.0,371.0,336.0,538.0
488.0,40.0,322.0,319.0,221.0
585.0,115.0,361.0,608.0,401.0
630.0,99.0,524.0,232.0,282.0
252.0,249.0,417.0,40.0,358.0
237.0,145.0,509.0,622.0,427.0
285.0,108.0,748.0,361.0,571.0
431.0,102.0,660.0,195.0,318.0
149.0,67.0,511.0,458.0,363.0
392.0,126.0,488.0,335.0,606.0
262.0,256.0,610.0,515.0,475.0
400.0,133.0,538.0,223.0,150.0
172.0,100.0,505.0,336.0,300.0
999.0,262.0,164.0,257.0,293.0
89.0,183.0,556.0,443.0,395.0
184.0,203.0,554.0,129.0,427.0
431.0,73.0,114.0,304.0,256.0
488.0,126.0,357.0,184.0,449.0
504.0,107.0,556.0,121.0,195.0
449.0,146.0,192.0,109.0,398.0
297.0,194.0,364.0,155.0,292.0
312.0,82.0,482.0,247.0,367.0
89.0,123.0,660.0,390.0,293.0
434.0,248.0,660.0,283.0,300.0
488.0,171.0,539.0,241.0,284.0
361.0,106.0,488.0,232.0,65.0
410.0,58.0,322.0,146.0,268.0
183.0,71.0,361.0,177.0,264.0
246.0,93.0,447.0,333.0,268.0
447.0,112.0,30.0,304.0,284.0
252.0,85.0,192.0,625.0,695.0
270.0,76.0,578.0,315.0,332.0
331.0,58.0,556.0,202.0,335.0
190.0,112.0,554.0,97.0,293.0
329.0,76.0,512.0,304.0,536.0
638.0,200.0,402.0,190.0,431.0
491.0,159.0,466.0,336.0,391.0
206.0,40.0,526.0,469.0,434.0
409.0,154.0,660.0,335.0,436.0
297.0,209.0,748.0,265.0,406.0
238.0,115.0,368.0,223.0,256.0
434.0,97.0,543.0,190.0,469.0
337.0,66.0,660.0,315.0,245.0
488.0,209.0,340.0,390.0,580.0
999.0,91.0,302.0,275.0,628.0
252.0,95.0,525.0,249.0,569.0
157.0,51.0,660.0,525.0,482.0
410.0,200.0,510.0,349.0,468.0
473.0,147.0,93.0,94.0,376.0
508.0,156.0,819.0,226.0,534.0
297.0,249.0,361.0,410.0,306.0
184.0,170.0,366.0,38.0,65.0
927.0,40.0,582.0,195.0,264.0
296.0,107.0,265.0,328.0,310.0
184.0,108.0,377.0,297.0,486.0
184.0,96.0,525.0,356.0,407.0
111.0,113.0,460.0,366.0,292.0
542.0,73.0,328.0,223.0,245.0
364.0,71.0,363.0,458.0,612.0
237.0,9.0,512.0,300.0,502.0
307.0,71.0,511.0,184.0,405.0
251.0,91.0,397.0,366.0,568.0
164.0,108.0,164.0,579.0,124.0
152.0,138.0,524.0,625.0,503.0
638.0,118.0,378.0,333.0,498.0
395.0,170.0,695.0,262.0,367.0
448.0,113.0,226.0,336.0,400.0
522.0,114.0,438.0,121.0,0.0
522.0,71.0,801.0,524.0,695.0
242.0,118.0,366.0,361.0,571.0
362.0,115.0,488.0,200.0,232.0
164.0,209.0,398.0,155.0,264.0
9.0,82.0,705.0,182.0,454.0
409.0,194.0,556.0,353.0,427.0
424.0,120.0,426.0,504.0,618.0
488.0,66.0,540.0,284.0,392.0
395.0,96.0,368.0,439.0,592.0
467.0,98.0,509.0,166.0,333.0
392.0,102.0,443.0,424.0,530.0
395.0,108.0,581.0,177.0,245.0
471.0,195.0,460.0,647.0,531.0
302.0,93.0,560.0,268.0,591.0
413.0,171.0,347.0,223.0,341.0
373.0,140.0,265.0,241.0,502.0
458.0,114.0,328.0,226.0,511.0
295.0,89.0,310.0,154.0,97.0
395.0,133.0,556.0,297.0,367.0
395.0,206.0,419.0,286.0,999.0
244.0,145.0,334.0,284.0,367.0
241.0,102.0,556.0,294.0,436.0
262.0,169.0,509.0,154.0,549.0
246.0,102.0,410.0,601.0,446.0
373.0,40.0,448.0,441.0,469.0
339.0,58.0,265.0,504.0,453.0
307.0,65.0,574.0,518.0,502.0
344.0,68.0,429.0,286.0,571.0
478.0,52.0,453.0,146.0,308.0
320.0,76.0,806.0,328.0,392.0
457.0,140.0,422.0,223.0,571.0
256.0,138.0,539.0,155.0,411.0
465.0,82.0,514.0,439.0,495.0
692.0,139.0,482.0,678.0,332.0
481.0,86.0,398.0,155.0,592.0
364.0,62.0,436.0,265.0,523.0
149.0,110.0,526.0,333.0,390.0
292.0,197.0,658.0,232.0,475.0
285.0,102.0,512.0,40.0,611.0
339.0,109.0,357.0,626.0,606.0
361.0,90.0,334.0,166.0,264.0
193.0,58.0,543.0,138.0,228.0
417.0,203.0,576.0,226.0,256.0
392.0,95.0,554.0,461.0,512.0
497.0,193.0,512.0,515.0,534.0
292.0,207.0,339.0,40.0,419.0
354.0,76.0,496.0,430.0,534.0
425.0,73.0,621.0,315.0,441.0
291.0,65.0,438.0,518.0,255.0
563.0,95.0,361.0,223.0,404.0
539.0,88.0,506.0,359.0,264.0
329.0,126.0,509.0,359.0,463.0
300.0,115.0,510.0,241.0,341.0
302.0,106.0,541.0,232.0,512.0
201.0,71.0,228.0,94.0,187.0
307.0,198.0,410.0,153.0,124.0
364.0,109.0,357.0,296.0,438.0
455.0,193.0,315.0,356.0,503.0
701.0,121.0,513.0,223.0,303.0
266.0,57.0,363.0,247.0,341.0
508.0,76.0,512.0,153.0,504.0
471.0,45.0,443.0,504.0,486.0
448.0,45.0,556.0,349.0,482.0
297.0,126.0,525.0,132.0,195.0
301.0,96.0,489.0,336.0,346.0
502.0,66.0,223.0,265.0,282.0
206.0,102.0,496.0,275.0,376.0
256.0,200.0,135.0,361.0,544.0
395.0,0.0,431.0,263.0,438.0
506.0,96.0,417.0,999.0,999.0
183.0,134.0,567.0,284.0,449.0
307.0,161.0,999.0,227.0,332.0
480.0,175.0,114.0,430.0,606.0
927.0,115.0,429.0,226.0,452.0
296.0,133.0,438.0,121.0,284.0
236.0,102.0,488.0,93.0,98.0
344.0,209.0,310.0,439.0,544.0
516.0,91.0,397.0,515.0,523.0
373.0,118.0,506.0,43.0,228.0
331.0,138.0,256.0,458.0,398.0
504.0,66.0,275.0,232.0,257.0
448.0,100.0,302.0,94.0,427.0
312.0,120.0,505.0,283.0,358.0
333.0,57.0,610.0,639.0,454.0
520.0,999.0,554.0,43.0,591.0
417.0,118.0,585.0,424.0,452.0
297.0,109.0,379.0,196.0,284.0
333.0,102.0,351.0,300.0,282.0
556.0,98.0,534.0,275.0,339.0
232.0,110.0,603.0,366.0,493.0
111.0,58.0,347.0,270.0,493.0
508.0,143.0,543.0,315.0,300.0
273.0,143.0,525.0,386.0,482.0
164.0,106.0,862.0,177.0,404.0
320.0,90.0,567.0,241.0,332.0
300.0,95.0,164.0,359.0,427.0
455.0,200.0,426.0,288.0,195.0
392.0,106.0,582.0,81.0,225.0
668.0,132.0,512.0,625.0,592.0
411.0,110.0,567.0,123.0,401.0
395.0,58.0,405.0,411.0,293.0
395.0,168.0,267.0,177.0,187.0
241.0,123.0,582.0,595.0,504.0
394.0,70.0,417.0,595.0,549.0
266.0,115.0,322.0,300.0,419.0
246.0,100.0,411.0,132.0,282.0
464.0,108.0,30.0,154.0,228.0
619.0,96.0,512.0,353.0,389.0
395.0,40.0,340.0,449.0,611.0
307.0,84.0,421.0,318.0,530.0
394.0,195.0,364.0,226.0,255.0
184.0,14.0,361.0,145.0,419.0
403.0,93.0,385.0,217.0,441.0
508.0,126.0,567.0,501.0,530.0
359.0,13.0,748.0,333.0,390.0
270.0,112.0,999.0,241.0,228.0
312.0,999.0,327.0,338.0,284.0
410.0,91.0,489.0,361.0,530.0
449.0,115.0,361.0,132.0,187.0
502.0,82.0,431.0,283.0,530.0
164.0,107.0,556.0,353.0,395.0
447.0,85.0,419.0,411.0,571.0
630.0,110.0,448.0,639.0,999.0
505.0,140.0,538.0,184.0,225.0
410.0,177.0,339.0,344.0,418.0
505.0,51.0,378.0,504.0,225.0
457.0,159.0,872.0,226.0,419.0
392.0,107.0,513.0,182.0,225.0
434.0,108.0,695.0,226.0,271.0
431.0,96.0,135.0,343.0,418.0
392.0,161.0,512.0,270.0,453.0
478.0,66.0,361.0,315.0,257.0
236.0,145.0,677.0,469.0,97.0
300.0,126.0,447.0,223.0,389.0
513.0,87.0,511.0,525.0,282.0
242.0,115.0,484.0,220.0,534.0
410.0,97.0,572.0,168.0,261.0
447.0,132.0,402.0,304.0,320.0
262.0,136.0,328.0,461.0,298.0
266.0,168.0,468.0,328.0,318.0
502.0,219.0,539.0,390.0,587.0
542.0,90.0,540.0,154.0,124.0
506.0,105.0,638.0,184.0,538.0
307.0,121.0,226.0,226.0,223.0
238.0,100.0,460.0,486.0,553.0
556.0,193.0,377.0,242.0,191.0
508.0,145.0,245.0,294.0,454.0
289.0,14.0,582.0,283.0,346.0
190.0,140.0,357.0,182.0,233.0
504.0,110.0,357.0,217.0,167.0
206.0,0.0,328.0,449.0,367.0
505.0,84.0,399.0,491.0,333.0
238.0,106.0,660.0,411.0,332.0
209.0,114.0,448.0,390.0,335.0
365.0,96.0,417.0,153.0,221.0
390.0,106.0,447.0,384.0,534.0
192.0,100.0,539.0,311.0,456.0
636.0,88.0,429.0,296.0,195.0
370.0,58.0,438.0,430.0,569.0
312.0,105.0,510.0,328.0,465.0
273.0,84.0,385.0,192.0,284.0
449.0,104.0,402.0,145.0,214.0
746.0,168.0,170.0,97.0,123.0
520.0,171.0,610.0,195.0,346.0
252.0,283.0,511.0,504.0,517.0
337.0,95.0,582.0,528.0,515.0
425.0,203.0,377.0,43.0,98.0
9.0,58.0,482.0,217.0,391.0
447.0,136.0,397.0,283.0,446.0
520.0,85.0,511.0,361.0,436.0
410.0,106.0,363.0,414.0,332.0
339.0,132.0,334.0,265.0,300.0
307.0,118.0,554.0,414.0,320.0
344.0,107.0,398.0,718.0,476.0
449.0,90.0,556.0,69.0,97.0
513.0,115.0,509.0,227.0,217.0
516.0,114.0,585.0,330.0,332.0
504.0,0.0,411.0,353.0,618.0
289.0,197.0,431.0,275.0,257.0
392.0,104.0,399.0,155.0,199.0
513.0,156.0,748.0,220.0,284.0
381.0,200.0,575.0,361.0,588.0
502.0,200.0,513.0,430.0,530.0
288.0,97.0,619.0,217.0,530.0
364.0,116.0,448.0,441.0,493.0
273.0,125.0,397.0,524.0,367.0
497.0,40.0,328.0,311.0,187.0
241.0,40.0,512.0,333.0,296.0
364.0,109.0,785.0,155.0,284.0
447.0,79.0,366.0,424.0,65.0
403.0,62.0,538.0,524.0,358.0
278.0,113.0,510.0,99.0,214.0
390.0,82.0,399.0,390.0,332.0
361.0,115.0,93.0,316.0,465.0
467.0,132.0,677.0,439.0,530.0
395.0,125.0,93.0,190.0,592.0
301.0,100.0,322.0,275.0,100.0
456.0,123.0,585.0,196.0,456.0
320.0,66.0,385.0,268.0,391.0
465.0,168.0,357.0,270.0,390.0
244.0,115.0,443.0,337.0,436.0
241.0,86.0,496.0,304.0,308.0
159.0,108.0,368.0,129.0,271.0
395.0,113.0,574.0,227.0,446.0
392.0,121.0,567.0,184.0,306.0
331.0,106.0,328.0,366.0,424.0
192.0,76.0,496.0,315.0,421.0
701.0,256.0,489.0,217.0,544.0
506.0,138.0,379.0,294.0,612.0
152.0,169.0,389.0,154.0,233.0
236.0,136.0,361.0,304.0,341.0
392.0,106.0,438.0,335.0,434.0
241.0,184.0,322.0,226.0,284.0
339.0,84.0,363.0,227.0,420.0
295.0,40.0,448.0,94.0,296.0
425.0,99.0,468.0,474.0,419.0
413.0,51.0,505.0,486.0,502.0
395.0,108.0,512.0,190.0,306.0
295.0,200.0,361.0,249.0,282.0
392.0,96.0,328.0,504.0,553.0
159.0,76.0,442.0,288.0,400.0
425.0,90.0,411.0,333.0,523.0
434.0,97.0,361.0,386.0,502.0
191.0,102.0,862.0,286.0,482.0
359.0,132.0,371.0,333.0,499.0
256.0,113.0,368.0,247.0,302.0
542.0,168.0,322.0,300.0,214.0
394.0,90.0,511.0,249.0,282.0
574.0,96.0,510.0,284.0,284.0
296.0,106.0,361.0,81.0,264.0
288.0,66.0,448.0,286.0,339.0
184.0,102.0,429.0,191.0,504.0
294.0,129.0,735.0,306.0,124.0
289.0,91.0,339.0,262.0,124.0
216.0,121.0,361.0,626.0,463.0
392.0,115.0,410.0,265.0,303.0
392.0,113.0,453.0,647.0,538.0
294.0,149.0,234.0,411.0,502.0
237.0,66.0,436.0,524.0,549.0
504.0,140.0,361.0,288.0,296.0
690.0,194.0,438.0,319.0,400.0
619.0,184.0,334.0,145.0,263.0
519.0,40.0,340.0,308.0,517.0
508.0,133.0,576.0,94.0,588.0
333.0,65.0,368.0,333.0,427.0
701.0,90.0,378.0,426.0,531.0
392.0,193.0,567.0,349.0,468.0
296.0,106.0,543.0,349.0,228.0
542.0,90.0,801.0,390.0,591.0
458.0,101.0,442.0,330.0,100.0
457.0,134.0,363.0,370.0,465.0
508.0,108.0,364.0,439.0,456.0
448.0,115.0,553.0,579.0,347.0
295.0,123.0,339.0,297.0,469.0
455.0,96.0,638.0,441.0,612.0
252.0,169.0,496.0,241.0,284.0
337.0,13.0,578.0,328.0,441.0
344.0,121.0,540.0,232.0,453.0
273.0,67.0,245.0,166.0,195.0
252.0,107.0,267.0,121.0,98.0
190.0,138.0,525.0,283.0,395.0
522.0,145.0,30.0,123.0,515.0
246.0,58.0,489.0,283.0,257.0
504.0,110.0,576.0,441.0,431.0
690.0,76.0,560.0,366.0,499.0
539.0,110.0,334.0,289.0,175.0
409.0,223.0,585.0,371.0,476.0
365.0,97.0,327.0,335.0,468.0
164.0,113.0,677.0,99.0,530.0
464.0,146.0,621.0,449.0,298.0
159.0,118.0,322.0,121.0,264.0
307.0,99.0,371.0,353.0,431.0
206.0,40.0,476.0,146.0,327.0
425.0,138.0,226.0,154.0,225.0
480.0,262.0,567.0,315.0,503.0
297.0,85.0,466.0,469.0,271.0
354.0,102.0,419.0,330.0,695.0
473.0,76.0,541.0,356.0,308.0
456.0,209.0,567.0,275.0,214.0
765.0,115.0,453.0,315.0,395.0
329.0,118.0,496.0,40.0,255.0
152.0,123.0,514.0,130.0,419.0
216.0,52.0,422.0,220.0,284.0
927.0,171.0,525.0,366.0,469.0
307.0,18.0,357.0,153.0,490.0
425.0,194.0,567.0,626.0,523.0
294.0,90.0,431.0,268.0,284.0
320.0,100.0,0.0,223.0,282.0
392.0,97.0,505.0,461.0,517.0
365.0,145.0,234.0,121.0,418.0
193.0,102.0,512.0,184.0,303.0
381.0,106.0,371.0,145.0,523.0
395.0,140.0,371.0,411.0,553.0
692.0,110.0,509.0,390.0,263.0
491.0,100.0,368.0,386.0,504.0
266.0,79.0,582.0,333.0,363.0
569.0,36.0,327.0,518.0,225.0
296.0,109.0,567.0,146.0,302.0
449.0,67.0,524.0,491.0,446.0
329.0,100.0,364.0,449.0,463.0
508.0,121.0,436.0,300.0,339.0
394.0,247.0,524.0,432.0,339.0
502.0,68.0,575.0,184.0,221.0
307.0,219.0,386.0,184.0,217.0
469.0,193.0,389.0,458.0,475.0
354.0,82.0,361.0,678.0,499.0
494.0,109.0,410.0,424.0,298.0
431.0,140.0,541.0,129.0,332.0
266.0,177.0,234.0,121.0,264.0
409.0,102.0,0.0,106.0,407.0
178.0,66.0,572.0,220.0,612.0
411.0,120.0,603.0,283.0,463.0
434.0,105.0,339.0,268.0,187.0
237.0,66.0,361.0,318.0,394.0
456.0,9.0,801.0,113.0,293.0
542.0,73.0,436.0,343.0,419.0
469.0,200.0,365.0,191.0,335.0
638.0,197.0,379.0,297.0,476.0
471.0,138.0,572.0,411.0,390.0
331.0,97.0,484.0,263.0,411.0
390.0,76.0,188.0,247.0,233.0
500.0,91.0,363.0,63.0,318.0
519.0,132.0,490.0,626.0,427.0
252.0,145.0,484.0,182.0,256.0
312.0,53.0,538.0,241.0,255.0
516.0,110.0,405.0,184.0,245.0
285.0,89.0,695.0,286.0,395.0
410.0,79.0,506.0,300.0,441.0
392.0,106.0,489.0,294.0,257.0
288.0,115.0,234.0,249.0,300.0
410.0,133.0,430.0,283.0,389.0
409.0,90.0,384.0,461.0,523.0
619.0,107.0,525.0,430.0,434.0
332.0,92.0,334.0,344.0,284.0
395.0,209.0,431.0,286.0,453.0
183.0,67.0,310.0,184.0,376.0
497.0,106.0,801.0,330.0,284.0
410.0,156.0,389.0,343.0,454.0
354.0,126.0,484.0,94.0,392.0
520.0,82.0,534.0,63.0,195.0
206.0,161.0,223.0,595.0,434.0
307.0,120.0,525.0,297.0,468.0
228.0,99.0,505.0,262.0,400.0
308.0,106.0,621.0,337.0,536.0
692.0,195.0,302.0,424.0,503.0
464.0,97.0,361.0,190.0,271.0
506.0,999.0,386.0,283.0,233.0
307.0,184.0,510.0,154.0,257.0
638.0,82.0,366.0,595.0,446.0
294.0,98.0,512.0,227.0,353.0
392.0,71.0,539.0,226.0,511.0
473.0,101.0,575.0,411.0,553.0
365.0,209.0,386.0,315.0,463.0
288.0,206.0,476.0,297.0,407.0
241.0,109.0,660.0,525.0,404.0
448.0,115.0,429.0,333.0,468.0
339.0,36.0,377.0,270.0,468.0
434.0,105.0,265.0,219.0,512.0
413.0,170.0,567.0,390.0,486.0
209.0,154.0,363.0,424.0,341.0
201.0,102.0,397.0,330.0,404.0
201.0,115.0,443.0,286.0,571.0
183.0,129.0,223.0,177.0,588.0
508.0,91.0,575.0,432.0,404.0
232.0,177.0,417.0,311.0,208.0
157.0,121.0,170.0,155.0,499.0
506.0,58.0,361.0,121.0,225.0
312.0,73.0,510.0,130.0,420.0
630.0,109.0,525.0,106.0,187.0
302.0,113.0,339.0,458.0,418.0
478.0,73.0,460.0,338.0,530.0
307.0,113.0,660.0,289.0,320.0
206.0,73.0,567.0,718.0,475.0
424.0,108.0,660.0,647.0,284.0
256.0,102.0,572.0,625.0,530.0
508.0,18.0,340.0,202.0,452.0
365.0,102.0,429.0,129.0,195.0
308.0,87.0,460.0,195.0,456.0
285.0,105.0,450.0,94.0,195.0
457.0,108.0,351.0,359.0,468.0
289.0,73.0,436.0,196.0,191.0
183.0,91.0,363.0,38.0,453.0
457.0,146.0,578.0,432.0,515.0
488.0,100.0,543.0,40.0,0.0
308.0,171.0,726.0,424.0,406.0
504.0,198.0,192.0,338.0,245.0
252.0,106.0,363.0,518.0,469.0
252.0,102.0,368.0,257.0,327.0
434.0,126.0,660.0,474.0,517.0
522.0,110.0,422.0,283.0,436.0
256.0,107.0,660.0,38.0,475.0
344.0,58.0,512.0,390.0,420.0
473.0,136.0,686.0,647.0,580.0
448.0,194.0,226.0,518.0,303.0
638.0,193.0,468.0,356.0,419.0
332.0,102.0,764.0,168.0,264.0
409.0,91.0,363.0,69.0,223.0
266.0,104.0,660.0,289.0,530.0
390.0,109.0,379.0,178.0,296.0
359.0,223.0,398.0,154.0,401.0
644.0,100.0,410.0,190.0,341.0
500.0,209.0,999.0,129.0,282.0
337.0,114.0,660.0,424.0,427.0
410.0,999.0,363.0,219.0,268.0
190.0,132.0,621.0,106.0,225.0
585.0,112.0,342.0,300.0,504.0
395.0,52.0,265.0,283.0,591.0
413.0,58.0,543.0,525.0,538.0
522.0,118.0,512.0,223.0,588.0
359.0,106.0,363.0,410.0,191.0
216.0,106.0,496.0,356.0,468.0
504.0,140.0,327.0,190.0,217.0
513.0,138.0,188.0,625.0,531.0
636.0,53.0,363.0,94.0,256.0
296.0,92.0,525.0,289.0,495.0
765.0,206.0,361.0,647.0,418.0
400.0,38.0,379.0,241.0,255.0
638.0,194.0,363.0,432.0,303.0
256.0,107.0,576.0,601.0,538.0
471.0,118.0,447.0,288.0,419.0
294.0,82.0,302.0,424.0,495.0
522.0,65.0,450.0,109.0,418.0
307.0,73.0,397.0,601.0,391.0
232.0,247.0,361.0,424.0,395.0
183.0,58.0,785.0,296.0,401.0
668.0,115.0,534.0,595.0,517.0
410.0,89.0,509.0,227.0,400.0
291.0,79.0,525.0,178.0,208.0
449.0,97.0,509.0,304.0,452.0
392.0,154.0,513.0,289.0,549.0
425.0,0.0,447.0,366.0,612.0
456.0,170.0,286.0,469.0,553.0
585.0,118.0,748.0,40.0,530.0
395.0,45.0,658.0,441.0,568.0
508.0,102.0,447.0,268.0,465.0
410.0,90.0,543.0,121.0,271.0
183.0,98.0,862.0,218.0,223.0
326.0,95.0,188.0,190.0,588.0
184.0,183.0,357.0,359.0,419.0
574.0,67.0,135.0,138.0,284.0
458.0,132.0,578.0,359.0,389.0
585.0,115.0,661.0,226.0,517.0
434.0,140.0,366.0,247.0,303.0
242.0,138.0,576.0,430.0,523.0
513.0,206.0,488.0,678.0,592.0
392.0,177.0,506.0,182.0,395.0
457.0,80.0,448.0,461.0,284.0
516.0,159.0,510.0,177.0,468.0
458.0,108.0,554.0,275.0,534.0
508.0,73.0,170.0,223.0,208.0
449.0,108.0,466.0,83.0,208.0
362.0,93.0,364.0,386.0,536.0
236.0,98.0,379.0,145.0,284.0
149.0,121.0,638.0,491.0,252.0
494.0,132.0,322.0,283.0,588.0
289.0,219.0,576.0,220.0,303.0
690.0,156.0,385.0,184.0,306.0
312.0,68.0,114.0,443.0,264.0
296.0,136.0,442.0,501.0,580.0
690.0,115.0,573.0,718.0,284.0
999.0,109.0,448.0,424.0,341.0
519.0,53.0,402.0,371.0,391.0
172.0,147.0,610.0,166.0,446.0
467.0,184.0,379.0,177.0,390.0
362.0,98.0,512.0,443.0,463.0
364.0,194.0,429.0,304.0,217.0
228.0,106.0,250.0,263.0,332.0
434.0,114.0,735.0,441.0,465.0
409.0,136.0,351.0,595.0,883.0
409.0,102.0,357.0,308.0,208.0
232.0,108.0,638.0,359.0,456.0
638.0,999.0,363.0,289.0,427.0
410.0,95.0,610.0,184.0,454.0
275.0,146.0,417.0,257.0,536.0
329.0,200.0,223.0,146.0,264.0
365.0,126.0,339.0,156.0,245.0
190.0,76.0,363.0,353.0,468.0
644.0,110.0,363.0,601.0,498.0
469.0,134.0,490.0,311.0,223.0
192.0,134.0,363.0,218.0,257.0
300.0,91.0,368.0,474.0,124.0
172.0,71.0,188.0,219.0,465.0
392.0,198.0,524.0,518.0,446.0
520.0,107.0,385.0,94.0,167.0
159.0,107.0,361.0,126.0,588.0
256.0,90.0,626.0,191.0,292.0
395.0,113.0,328.0,153.0,229.0
238.0,115.0,56.0,109.0,332.0
456.0,76.0,267.0,94.0,284.0
424.0,0.0,511.0,366.0,363.0
244.0,98.0,488.0,347.0,392.0
569.0,86.0,223.0,195.0,263.0
159.0,146.0,660.0,304.0,454.0
999.0,18.0,572.0,424.0,407.0
458.0,58.0,686.0,283.0,390.0
332.0,194.0,378.0,424.0,587.0
395.0,113.0,570.0,330.0,398.0
246.0,159.0,328.0,283.0,486.0
184.0,66.0,170.0,265.0,419.0
469.0,121.0,267.0,300.0,332.0
241.0,170.0,371.0,83.0,284.0
339.0,203.0,322.0,626.0,606.0
449.0,87.0,581.0,123.0,303.0
927.0,126.0,280.0,424.0,346.0
390.0,93.0,267.0,182.0,353.0
457.0,118.0,30.0,283.0,463.0
456.0,146.0,509.0,94.0,427.0
152.0,105.0,267.0,195.0,278.0
497.0,149.0,426.0,410.0,493.0
364.0,146.0,621.0,232.0,498.0
516.0,88.0,328.0,647.0,592.0
465.0,67.0,384.0,328.0,468.0
0.0,134.0,476.0,343.0,493.0
395.0,106.0,573.0,608.0,302.0
157.0,110.0,490.0,226.0,401.0
542.0,120.0,524.0,196.0,421.0
505.0,169.0,626.0,227.0,341.0
297.0,73.0,610.0,94.0,271.0
513.0,175.0,228.0,304.0,569.0
556.0,108.0,93.0,410.0,592.0
302.0,112.0,585.0,130.0,298.0
644.0,65.0,567.0,182.0,292.0
513.0,58.0,496.0,347.0,407.0
359.0,113.0,581.0,304.0,549.0
425.0,116.0,347.0,432.0,482.0
288.0,171.0,509.0,315.0,335.0
172.0,125.0,556.0,337.0,530.0
413.0,96.0,460.0,411.0,468.0
291.0,82.0,512.0,356.0,346.0
326.0,70.0,363.0,223.0,456.0
252.0,112.0,422.0,349.0,463.0
332.0,106.0,447.0,155.0,332.0
232.0,193.0,397.0,232.0,406.0
333.0,134.0,228.0,335.0,53.0
491.0,132.0,453.0,486.0,469.0
244.0,207.0,525.0,196.0,195.0
0.0,113.0,509.0,424.0,517.0
434.0,183.0,322.0,304.0,587.0
307.0,113.0,603.0,200.0,65.0
297.0,90.0,363.0,426.0,97.0
409.0,67.0,573.0,386.0,695.0
373.0,207.0,525.0,319.0,293.0
89.0,197.0,610.0,168.0,347.0
159.0,184.0,170.0,328.0,499.0
270.0,121.0,512.0,247.0,123.0
410.0,79.0,310.0,304.0,476.0
690.0,125.0,570.0,146.0,261.0
246.0,95.0,419.0,622.0,476.0
339.0,95.0,490.0,441.0,544.0
425.0,58.0,363.0,328.0,493.0
252.0,113.0,576.0,262.0,549.0
520.0,112.0,466.0,335.0,465.0
312.0,93.0,30.0,319.0,536.0
457.0,104.0,539.0,315.0,468.0
701.0,130.0,539.0,370.0,476.0
456.0,195.0,399.0,474.0,544.0
481.0,100.0,386.0,232.0,228.0
431.0,91.0,328.0,94.0,232.0
236.0,138.0,554.0,639.0,569.0
513.0,80.0,389.0,190.0,293.0
516.0,84.0,785.0,40.0,284.0
288.0,132.0,638.0,99.0,124.0
246.0,136.0,538.0,625.0,284.0
506.0,147.0,525.0,241.0,515.0
411.0,132.0,509.0,390.0,395.0
236.0,96.0,361.0,316.0,591.0
251.0,118.0,363.0,184.0,427.0
469.0,107.0,509.0,359.0,441.0
241.0,129.0,378.0,43.0,511.0
506.0,106.0,560.0,311.0,53.0
395.0,170.0,506.0,608.0,588.0
447.0,169.0,339.0,469.0,261.0
455.0,102.0,575.0,306.0,300.0
149.0,45.0,377.0,83.0,591.0
410.0,121.0,819.0,226.0,618.0
410.0,110.0,322.0,443.0,544.0
339.0,198.0,541.0,518.0,612.0
630.0,171.0,575.0,286.0,229.0
497.0,106.0,748.0,338.0,436.0
390.0,195.0,426.0,226.0,252.0
447.0,58.0,575.0,518.0,390.0
469.0,126.0,361.0,308.0,504.0
273.0,126.0,567.0,97.0,465.0
395.0,67.0,327.0,297.0,400.0
206.0,136.0,431.0,361.0,728.0
362.0,134.0,525.0,191.0,618.0
505.0,73.0,525.0,275.0,332.0
542.0,58.0,661.0,353.0,534.0
392.0,146.0,322.0,408.0,468.0
701.0,96.0,361.0,336.0,453.0
395.0,86.0,448.0,40.0,339.0
542.0,147.0,567.0,262.0,419.0
307.0,109.0,785.0,154.0,195.0
692.0,102.0,525.0,311.0,233.0
292.0,52.0,363.0,268.0,318.0
508.0,0.0,509.0,525.0,530.0
329.0,84.0,806.0,515.0,376.0
480.0,138.0,402.0,328.0,503.0
252.0,86.0,660.0,184.0,255.0
516.0,71.0,567.0,304.0,390.0
216.0,105.0,402.0,268.0,284.0
411.0,95.0,476.0,294.0,553.0
410.0,177.0,228.0,335.0,465.0
447.0,134.0,23.0,718.0,536.0
344.0,171.0,582.0,283.0,167.0
457.0,100.0,378.0,432.0,468.0
425.0,197.0,512.0,195.0,333.0
425.0,90.0,575.0,69.0,199.0
329.0,90.0,510.0,678.0,0.0
297.0,106.0,448.0,249.0,252.0
9.0,67.0,442.0,123.0,346.0
164.0,129.0,686.0,311.0,493.0
425.0,209.0,574.0,411.0,469.0
504.0,125.0,384.0,410.0,523.0
184.0,70.0,496.0,626.0,97.0
464.0,91.0,490.0,286.0,588.0
373.0,168.0,453.0,94.0,405.0
183.0,96.0,686.0,344.0,454.0
636.0,85.0,695.0,432.0,436.0
456.0,140.0,448.0,311.0,335.0
400.0,138.0,351.0,408.0,420.0
333.0,88.0,638.0,316.0,398.0
190.0,170.0,245.0,94.0,400.0
513.0,108.0,999.0,93.0,167.0
149.0,118.0,567.0,525.0,482.0
395.0,168.0,245.0,370.0,502.0
246.0,89.0,538.0,515.0,419.0
344.0,91.0,265.0,356.0,346.0
455.0,95.0,610.0,353.0,582.0
409.0,171.0,431.0,283.0,612.0
157.0,13.0,460.0,458.0,490.0
184.0,112.0,250.0,424.0,568.0
192.0,58.0,378.0,390.0,618.0
516.0,14.0,328.0,155.0,498.0
542.0,14.0,658.0,524.0,568.0
192.0,107.0,322.0,315.0,419.0
301.0,139.0,363.0,315.0,245.0
690.0,90.0,553.0,184.0,468.0
373.0,209.0,364.0,601.0,320.0
191.0,90.0,476.0,525.0,517.0
424.0,91.0,351.0,283.0,591.0
448.0,146.0,421.0,306.0,482.0
478.0,91.0,572.0,294.0,449.0
500.0,86.0,538.0,361.0,389.0
285.0,97.0,334.0,501.0,465.0
320.0,106.0,619.0,249.0,367.0
457.0,108.0,513.0,192.0,264.0
297.0,143.0,482.0,315.0,264.0
242.0,52.0,484.0,276.0,523.0
569.0,112.0,488.0,192.0,124.0
273.0,91.0,385.0,306.0,580.0
216.0,71.0,525.0,353.0,611.0
392.0,66.0,573.0,184.0,98.0
152.0,523.0,506.0,328.0,346.0
569.0,98.0,377.0,218.0,367.0
337.0,76.0,560.0,333.0,384.0
481.0,87.0,525.0,515.0,225.0
690.0,95.0,328.0,525.0,588.0
339.0,247.0,999.0,121.0,284.0
228.0,80.0,399.0,0.0,0.0
326.0,73.0,422.0,63.0,282.0
241.0,200.0,267.0,424.0,310.0
500.0,247.0,585.0,626.0,512.0
312.0,123.0,361.0,426.0,549.0
500.0,104.0,328.0,308.0,606.0
458.0,104.0,448.0,189.0,569.0
746.0,105.0,661.0,411.0,341.0
307.0,14.0,686.0,191.0,124.0
159.0,86.0,402.0,219.0,300.0
266.0,209.0,322.0,524.0,502.0
238.0,283.0,431.0,335.0,400.0
361.0,93.0,234.0,474.0,468.0
464.0,95.0,0.0,411.0,452.0
478.0,140.0,512.0,411.0,454.0
765.0,132.0,572.0,639.0,229.0
149.0,132.0,192.0,639.0,468.0
480.0,53.0,363.0,337.0,431.0
361.0,168.0,361.0,223.0,335.0
497.0,67.0,93.0,129.0,225.0
395.0,92.0,322.0,458.0,530.0
513.0,139.0,315.0,335.0,431.0
410.0,93.0,764.0,97.0,150.0
242.0,65.0,621.0,336.0,612.0
425.0,40.0,411.0,286.0,456.0
193.0,79.0,250.0,335.0,538.0
359.0,113.0,286.0,81.0,225.0
236.0,93.0,511.0,361.0,517.0
288.0,168.0,351.0,189.0,268.0
242.0,82.0,554.0,268.0,391.0
519.0,950.0,448.0,306.0,468.0
481.0,86.0,327.0,424.0,553.0
471.0,209.0,541.0,154.0,261.0
508.0,109.0,575.0,288.0,245.0
481.0,86.0,226.0,220.0,233.0
465.0,198.0,660.0,441.0,228.0
172.0,171.0,575.0,40.0,97.0
455.0,82.0,512.0,121.0,588.0
457.0,154.0,512.0,458.0,499.0
410.0,109.0,510.0,155.0,195.0
456.0,90.0,422.0,109.0,225.0
241.0,90.0,525.0,361.0,495.0
425.0,44.0,490.0,432.0,300.0
539.0,118.0,581.0,182.0,401.0
193.0,100.0,368.0,328.0,568.0
431.0,53.0,357.0,268.0,391.0
425.0,106.0,429.0,356.0,549.0
638.0,197.0,340.0,129.0,452.0
206.0,95.0,619.0,958.0,284.0
392.0,149.0,514.0,316.0,278.0
619.0,97.0,226.0,192.0,453.0
344.0,107.0,660.0,155.0,271.0
464.0,95.0,539.0,999.0,999.0
300.0,168.0,164.0,316.0,395.0
289.0,102.0,553.0,110.0,534.0
494.0,159.0,661.0,40.0,53.0
157.0,105.0,460.0,130.0,306.0
297.0,999.0,410.0,300.0,333.0
361.0,82.0,245.0,625.0,544.0
206.0,102.0,510.0,94.0,284.0
395.0,73.0,411.0,304.0,591.0
746.0,113.0,438.0,315.0,486.0
390.0,171.0,339.0,370.0,463.0
241.0,90.0,525.0,283.0,538.0
273.0,136.0,553.0,283.0,191.0
434.0,91.0,512.0,390.0,523.0
927.0,0.0,543.0,94.0,333.0
191.0,58.0,357.0,344.0,453.0
394.0,113.0,226.0,595.0,498.0
288.0,45.0,581.0,154.0,208.0
308.0,71.0,554.0,109.0,264.0
242.0,104.0,267.0,344.0,511.0
644.0,66.0,334.0,344.0,517.0
251.0,79.0,357.0,223.0,271.0
332.0,71.0,509.0,270.0,391.0
636.0,116.0,695.0,155.0,407.0
471.0,58.0,510.0,294.0,391.0
522.0,146.0,543.0,297.0,264.0
339.0,105.0,366.0,306.0,308.0
373.0,90.0,328.0,155.0,284.0
630.0,198.0,386.0,330.0,493.0
467.0,175.0,496.0,304.0,232.0
473.0,89.0,581.0,123.0,530.0
449.0,161.0,512.0,83.0,228.0
455.0,112.0,582.0,223.0,292.0
164.0,247.0,489.0,328.0,391.0
370.0,113.0,223.0,155.0,263.0
481.0,200.0,541.0,308.0,300.0
410.0,184.0,572.0,353.0,407.0
164.0,90.0,365.0,154.0,223.0
184.0,102.0,361.0,241.0,400.0
542.0,66.0,421.0,202.0,446.0
337.0,91.0,363.0,195.0,339.0
209.0,102.0,228.0,227.0,569.0
434.0,110.0,368.0,94.0,282.0
400.0,169.0,322.0,306.0,263.0
469.0,113.0,534.0,191.0,296.0
184.0,159.0,705.0,43.0,167.0
192.0,197.0,442.0,300.0,310.0
297.0,136.0,658.0,153.0,390.0
409.0,68.0,540.0,608.0,187.0
516.0,118.0,819.0,97.0,438.0
394.0,168.0,560.0,166.0,278.0
183.0,95.0,560.0,424.0,421.0
329.0,95.0,422.0,129.0,191.0
307.0,146.0,658.0,386.0,418.0
520.0,104.0,397.0,191.0,264.0
326.0,111.0,226.0,196.0,263.0
159.0,106.0,539.0,81.0,389.0
449.0,58.0,431.0,678.0,436.0
178.0,102.0,429.0,195.0,284.0
392.0,106.0,585.0,424.0,588.0
370.0,138.0,385.0,639.0,320.0
473.0,86.0,442.0,94.0,187.0
513.0,209.0,460.0,647.0,465.0
183.0,111.0,368.0,155.0,256.0
184.0,161.0,448.0,99.0,264.0
291.0,84.0,801.0,353.0,300.0
425.0,106.0,567.0,366.0,398.0
326.0,145.0,114.0,268.0,255.0
297.0,184.0,363.0,106.0,208.0
192.0,149.0,572.0,449.0,300.0
278.0,88.0,379.0,308.0,347.0
359.0,146.0,496.0,328.0,449.0
392.0,116.0,524.0,347.0,407.0
183.0,91.0,513.0,306.0,465.0
339.0,132.0,466.0,283.0,395.0
508.0,14.0,363.0,219.0,255.0
563.0,134.0,114.0,371.0,228.0
690.0,76.0,560.0,296.0,167.0
638.0,109.0,361.0,338.0,195.0
448.0,219.0,417.0,461.0,263.0
252.0,106.0,431.0,283.0,695.0
434.0,247.0,250.0,286.0,358.0
312.0,113.0,422.0,304.0,327.0
0.0,129.0,512.0,217.0,97.0
206.0,97.0,735.0,359.0,376.0
359.0,194.0,573.0,469.0,588.0
471.0,66.0,476.0,432.0,419.0
270.0,86.0,525.0,178.0,569.0
192.0,110.0,267.0,192.0,411.0
209.0,121.0,402.0,110.0,221.0
329.0,58.0,512.0,168.0,339.0
301.0,80.0,603.0,315.0,268.0
184.0,102.0,626.0,241.0,308.0
395.0,96.0,398.0,284.0,419.0
458.0,65.0,448.0,344.0,618.0
307.0,170.0,421.0,424.0,530.0
458.0,115.0,466.0,263.0,320.0
312.0,106.0,429.0,94.0,264.0
237.0,118.0,417.0,94.0,221.0
373.0,38.0,368.0,390.0,441.0
497.0,96.0,512.0,308.0,363.0
333.0,159.0,334.0,43.0,229.0
513.0,121.0,512.0,196.0,468.0
291.0,105.0,357.0,601.0,611.0
701.0,170.0,389.0,297.0,377.0
630.0,159.0,342.0,200.0,395.0
183.0,40.0,560.0,106.0,225.0
574.0,125.0,525.0,265.0,468.0
494.0,66.0,501.0,241.0,441.0
361.0,132.0,999.0,189.0,245.0
478.0,124.0,365.0,218.0,261.0
365.0,58.0,357.0,626.0,495.0
288.0,203.0,490.0,343.0,482.0
364.0,89.0,226.0,518.0,392.0
178.0,106.0,366.0,202.0,284.0
519.0,118.0,442.0,304.0,504.0
403.0,950.0,553.0,283.0,341.0
465.0,65.0,328.0,344.0,465.0
365.0,134.0,748.0,218.0,221.0
692.0,132.0,447.0,361.0,469.0
636.0,146.0,554.0,366.0,225.0
457.0,219.0,806.0,300.0,495.0
307.0,147.0,430.0,132.0,449.0
508.0,106.0,265.0,390.0,377.0
424.0,135.0,361.0,182.0,427.0
690.0,136.0,489.0,319.0,434.0
291.0,133.0,585.0,335.0,310.0
291.0,136.0,567.0,168.0,465.0
636.0,45.0,525.0,156.0,427.0
237.0,52.0,405.0,349.0,502.0
409.0,108.0,328.0,249.0,53.0
392.0,219.0,505.0,486.0,421.0
500.0,98.0,364.0,449.0,419.0
206.0,109.0,447.0,318.0,308.0
329.0,110.0,234.0,217.0,214.0
556.0,73.0,389.0,83.0,65.0
192.0,40.0,764.0,432.0,419.0
409.0,120.0,567.0,232.0,0.0
241.0,121.0,23.0,275.0,306.0
556.0,108.0,245.0,249.0,475.0
0.0,999.0,426.0,182.0,420.0
206.0,161.0,411.0,283.0,303.0
370.0,58.0,267.0,491.0,353.0
563.0,67.0,419.0,410.0,465.0
326.0,52.0,442.0,155.0,292.0
392.0,73.0,505.0,226.0,493.0
574.0,115.0,351.0,123.0,332.0
337.0,73.0,695.0,371.0,407.0
447.0,120.0,448.0,344.0,452.0
392.0,135.0,621.0,315.0,628.0
333.0,108.0,506.0,226.0,123.0
302.0,108.0,377.0,190.0,310.0
638.0,71.0,419.0,601.0,475.0
456.0,57.0,322.0,265.0,490.0
364.0,133.0,442.0,304.0,332.0
339.0,159.0,402.0,146.0,463.0
481.0,194.0,513.0,449.0,406.0
184.0,168.0,328.0,608.0,517.0
237.0,36.0,862.0,361.0,591.0
395.0,108.0,275.0,430.0,468.0
209.0,118.0,339.0,999.0,465.0
332.0,110.0,384.0,283.0,284.0
480.0,96.0,442.0,93.0,503.0
242.0,73.0,267.0,283.0,264.0
394.0,248.0,567.0,297.0,446.0
291.0,129.0,386.0,311.0,502.0
157.0,108.0,364.0,353.0,571.0
449.0,76.0,567.0,361.0,568.0
395.0,203.0,512.0,491.0,511.0
480.0,58.0,484.0,146.0,468.0
301.0,200.0,638.0,625.0,401.0
373.0,169.0,340.0,190.0,406.0
392.0,96.0,334.0,300.0,515.0
333.0,66.0,371.0,411.0,225.0
184.0,106.0,567.0,275.0,453.0
395.0,195.0,534.0,424.0,167.0
520.0,76.0,573.0,443.0,225.0
266.0,133.0,567.0,184.0,264.0
471.0,0.0,466.0,424.0,261.0
395.0,66.0,511.0,275.0,339.0
308.0,168.0,539.0,190.0,536.0
331.0,200.0,582.0,184.0,469.0
447.0,102.0,389.0,411.0,436.0
206.0,106.0,429.0,304.0,728.0
447.0,147.0,402.0,504.0,282.0
409.0,134.0,410.0,184.0,300.0
365.0,134.0,585.0,220.0,293.0
638.0,66.0,385.0,353.0,384.0
481.0,126.0,357.0,366.0,468.0
542.0,106.0,525.0,518.0,530.0
294.0,136.0,364.0,353.0,468.0
232.0,40.0,368.0,196.0,536.0
701.0,107.0,351.0,242.0,271.0
206.0,115.0,398.0,316.0,223.0
390.0,106.0,286.0,647.0,465.0
266.0,100.0,357.0,106.0,411.0
619.0,13.0,573.0,226.0,498.0
354.0,256.0,448.0,337.0,310.0
294.0,110.0,448.0,191.0,530.0
111.0,79.0,429.0,337.0,300.0
301.0,193.0,496.0,318.0,449.0
295.0,106.0,361.0,178.0,228.0
206.0,93.0,543.0,110.0,208.0
471.0,106.0,570.0,268.0,419.0
241.0,129.0,556.0,63.0,438.0
455.0,67.0,334.0,411.0,389.0
178.0,90.0,286.0,353.0,582.0
478.0,97.0,513.0,359.0,268.0
157.0,58.0,397.0,218.0,252.0
370.0,203.0,660.0,579.0,530.0
469.0,149.0,443.0,132.0,592.0
0.0,44.0,525.0,328.0,390.0
252.0,82.0,534.0,518.0,591.0
457.0,121.0,506.0,386.0,335.0
539.0,102.0,393.0,109.0,225.0
291.0,149.0,393.0,113.0,454.0
241.0,133.0,872.0,286.0,569.0
409.0,105.0,567.0,40.0,534.0
410.0,85.0,660.0,94.0,400.0
410.0,140.0,512.0,432.0,568.0
190.0,102.0,658.0,384.0,446.0
409.0,248.0,327.0,601.0,446.0
246.0,45.0,410.0,289.0,302.0
424.0,171.0,806.0,110.0,225.0
434.0,109.0,364.0,166.0,284.0
506.0,146.0,385.0,347.0,252.0
252.0,140.0,429.0,155.0,363.0
394.0,170.0,581.0,410.0,278.0
467.0,121.0,514.0,241.0,482.0
494.0,108.0,448.0,353.0,493.0
307.0,93.0,575.0,94.0,588.0
241.0,115.0,581.0,458.0,517.0
497.0,110.0,402.0,308.0,282.0
191.0,108.0,389.0,153.0,261.0
262.0,114.0,658.0,430.0,618.0
365.0,102.0,302.0,315.0,398.0
149.0,84.0,265.0,414.0,502.0
339.0,118.0,496.0,168.0,233.0
505.0,38.0,560.0,247.0,282.0
206.0,109.0,581.0,330.0,98.0
201.0,249.0,576.0,626.0,499.0
431.0,132.0,275.0,223.0,264.0
447.0,106.0,460.0,639.0,612.0
232.0,100.0,819.0,220.0,284.0
395.0,138.0,280.0,297.0,384.0
668.0,107.0,431.0,430.0,475.0
262.0,97.0,310.0,166.0,191.0
400.0,130.0,538.0,195.0,475.0
465.0,248.0,576.0,268.0,332.0
434.0,102.0,496.0,223.0,347.0
424.0,52.0,501.0,430.0,536.0
241.0,102.0,357.0,43.0,284.0
692.0,14.0,399.0,424.0,419.0
289.0,125.0,357.0,306.0,257.0
206.0,90.0,540.0,262.0,544.0
455.0,105.0,267.0,263.0,407.0
300.0,140.0,363.0,439.0,538.0
481.0,45.0,164.0,304.0,427.0
307.0,98.0,453.0,449.0,441.0
690.0,125.0,363.0,579.0,427.0
455.0,92.0,430.0,328.0,195.0
320.0,95.0,327.0,366.0,407.0
413.0,209.0,540.0,518.0,255.0
701.0,58.0,377.0,424.0,465.0
289.0,95.0,677.0,123.0,65.0
320.0,92.0,442.0,275.0,390.0
228.0,93.0,510.0,93.0,504.0
488.0,90.0,417.0,196.0,446.0
431.0,57.0,448.0,275.0,420.0
301.0,52.0,366.0,562.0,582.0
410.0,115.0,267.0,411.0,612.0
273.0,209.0,443.0,145.0,221.0
505.0,73.0,705.0,469.0,592.0
241.0,108.0,228.0,241.0,332.0
178.0,88.0,397.0,109.0,187.0
242.0,138.0,430.0,316.0,449.0
238.0,90.0,543.0,439.0,468.0
410.0,100.0,280.0,390.0,438.0
289.0,14.0,443.0,43.0,195.0
339.0,71.0,801.0,443.0,257.0
332.0,106.0,334.0,192.0,256.0
478.0,126.0,686.0,262.0,591.0
295.0,118.0,188.0,411.0,504.0
519.0,91.0,540.0,190.0,228.0
999.0,105.0,422.0,718.0,376.0
339.0,121.0,819.0,220.0,530.0
392.0,66.0,603.0,38.0,191.0
354.0,106.0,379.0,195.0,587.0
288.0,168.0,575.0,390.0,427.0
183.0,108.0,429.0,639.0,199.0
172.0,102.0,582.0,315.0,405.0
190.0,115.0,574.0,328.0,346.0
333.0,90.0,442.0,300.0,318.0
183.0,67.0,399.0,347.0,404.0
542.0,76.0,735.0,268.0,53.0
434.0,106.0,526.0,93.0,504.0
690.0,126.0,576.0,524.0,592.0
307.0,96.0,334.0,219.0,394.0
273.0,102.0,93.0,366.0,549.0
505.0,200.0,342.0,288.0,293.0
400.0,133.0,365.0,138.0,306.0
373.0,247.0,366.0,94.0,233.0
410.0,146.0,328.0,63.0,98.0
251.0,145.0,250.0,190.0,544.0
362.0,51.0,377.0,153.0,187.0
337.0,91.0,361.0,474.0,232.0
307.0,93.0,265.0,328.0,167.0
190.0,149.0,275.0,130.0,502.0
636.0,100.0,365.0,316.0,353.0
508.0,93.0,801.0,262.0,394.0
410.0,112.0,364.0,300.0,431.0
273.0,118.0,280.0,518.0,98.0
191.0,168.0,384.0,289.0,302.0
692.0,95.0,436.0,81.0,232.0
520.0,140.0,402.0,371.0,346.0
403.0,134.0,399.0,458.0,582.0
256.0,154.0,421.0,43.0,208.0
362.0,129.0,363.0,335.0,530.0
329.0,97.0,398.0,94.0,146.0
508.0,149.0,399.0,217.0,394.0
296.0,140.0,280.0,579.0,495.0
312.0,45.0,447.0,625.0,628.0
307.0,82.0,513.0,220.0,346.0
270.0,93.0,764.0,223.0,404.0
394.0,58.0,245.0,219.0,332.0
409.0,132.0,275.0,999.0,606.0
411.0,107.0,638.0,335.0,591.0
504.0,111.0,405.0,386.0,612.0
296.0,52.0,223.0,223.0,284.0
506.0,90.0,484.0,469.0,476.0
425.0,110.0,511.0,349.0,476.0
765.0,96.0,364.0,202.0,225.0
690.0,170.0,872.0,146.0,431.0
425.0,138.0,256.0,344.0,469.0
209.0,140.0,234.0,353.0,503.0
339.0,108.0,610.0,283.0,401.0
236.0,0.0,447.0,608.0,293.0
364.0,51.0,686.0,154.0,263.0
300.0,73.0,402.0,178.0,296.0
502.0,132.0,347.0,262.0,401.0
373.0,156.0,286.0,337.0,427.0
473.0,73.0,999.0,306.0,278.0
638.0,197.0,524.0,270.0,367.0
434.0,115.0,334.0,424.0,612.0
307.0,999.0,363.0,94.0,223.0
192.0,73.0,385.0,410.0,446.0
295.0,134.0,511.0,182.0,404.0
296.0,129.0,490.0,999.0,999.0
288.0,106.0,496.0,608.0,367.0
246.0,58.0,525.0,625.0,353.0
297.0,66.0,393.0,121.0,146.0
365.0,116.0,695.0,94.0,175.0
513.0,126.0,509.0,408.0,302.0
178.0,223.0,228.0,315.0,404.0
478.0,168.0,419.0,518.0,502.0
359.0,102.0,510.0,249.0,517.0
270.0,197.0,188.0,286.0,377.0
473.0,93.0,572.0,97.0,252.0
206.0,71.0,357.0,283.0,257.0
359.0,132.0,379.0,349.0,611.0
184.0,106.0,735.0,370.0,390.0
424.0,90.0,735.0,218.0,553.0
178.0,102.0,785.0,353.0,517.0
183.0,123.0,460.0,130.0,587.0
331.0,91.0,322.0,330.0,303.0
256.0,96.0,322.0,306.0,434.0
425.0,96.0,490.0,200.0,406.0
469.0,97.0,453.0,336.0,436.0
467.0,206.0,801.0,106.0,278.0
488.0,168.0,575.0,458.0,517.0
999.0,109.0,327.0,622.0,695.0
192.0,108.0,489.0,81.0,123.0
394.0,106.0,603.0,441.0,502.0
333.0,67.0,539.0,390.0,571.0
449.0,58.0,450.0,518.0,612.0
288.0,92.0,525.0,528.0,300.0
89.0,249.0,572.0,316.0,424.0
409.0,168.0,192.0,524.0,502.0
297.0,248.0,419.0,338.0,531.0
242.0,52.0,365.0,297.0,406.0
434.0,146.0,509.0,276.0,98.0
362.0,197.0,538.0,276.0,468.0
467.0,138.0,250.0,361.0,502.0
390.0,102.0,660.0,474.0,587.0
252.0,102.0,512.0,195.0,261.0
458.0,200.0,405.0,276.0,232.0
425.0,82.0,543.0,443.0,377.0
500.0,247.0,377.0,410.0,454.0
320.0,132.0,429.0,347.0,390.0
292.0,184.0,573.0,191.0,282.0
236.0,13.0,482.0,424.0,582.0
765.0,126.0,573.0,284.0,454.0
500.0,219.0,513.0,297.0,394.0
392.0,40.0,431.0,337.0,271.0
431.0,198.0,363.0,439.0,421.0
434.0,198.0,450.0,639.0,611.0
619.0,38.0,484.0,286.0,407.0
256.0,115.0,114.0,178.0,335.0
410.0,51.0,347.0,958.0,999.0
289.0,154.0,421.0,155.0,347.0
417.0,118.0,328.0,155.0,245.0
425.0,99.0,361.0,223.0,486.0
455.0,73.0,411.0,129.0,225.0
152.0,120.0,443.0,283.0,498.0
183.0,143.0,397.0,63.0,310.0
241.0,118.0,334.0,370.0,517.0
246.0,149.0,509.0,184.0,502.0
339.0,82.0,501.0,241.0,282.0
237.0,149.0,806.0,156.0,232.0
159.0,100.0,567.0,94.0,303.0
373.0,130.0,438.0,110.0,406.0
193.0,168.0,581.0,356.0,367.0
339.0,90.0,0.0,356.0,493.0
500.0,113.0,365.0,241.0,376.0
488.0,109.0,488.0,469.0,611.0
289.0,40.0,93.0,166.0,225.0
331.0,109.0,448.0,184.0,495.0
364.0,256.0,621.0,220.0,303.0
183.0,198.0,364.0,311.0,264.0
364.0,87.0,361.0,97.0,588.0
563.0,209.0,164.0,223.0,398.0
508.0,9.0,436.0,319.0,419.0
563.0,147.0,226.0,626.0,618.0
519.0,139.0,578.0,284.0,411.0
295.0,194.0,509.0,361.0,296.0
307.0,105.0,0.0,384.0,395.0
434.0,184.0,361.0,501.0,517.0
513.0,147.0,438.0,608.0,502.0
411.0,96.0,250.0,184.0,261.0
242.0,118.0,540.0,311.0,256.0
410.0,146.0,328.0,311.0,465.0
259.0,132.0,365.0,486.0,549.0
457.0,67.0,573.0,190.0,284.0
307.0,108.0,553.0,155.0,436.0
193.0,112.0,496.0,191.0,284.0
307.0,121.0,514.0,83.0,98.0
392.0,106.0,228.0,283.0,367.0
500.0,13.0,572.0,337.0,454.0
520.0,91.0,621.0,83.0,419.0
464.0,146.0,801.0,184.0,0.0
619.0,82.0,576.0,349.0,454.0
307.0,121.0,442.0,138.0,401.0
410.0,168.0,540.0,294.0,97.0
307.0,100.0,524.0,195.0,296.0
206.0,102.0,245.0,469.0,568.0
256.0,140.0,334.0,155.0,308.0
164.0,102.0,567.0,123.0,232.0
417.0,197.0,245.0,145.0,463.0
184.0,76.0,514.0,626.0,124.0
411.0,86.0,496.0,411.0,530.0
473.0,88.0,438.0,315.0,376.0
251.0,135.0,371.0,121.0,469.0
292.0,107.0,525.0,439.0,468.0
252.0,18.0,275.0,300.0,358.0
266.0,193.0,56.0,359.0,400.0
447.0,125.0,509.0,288.0,431.0
244.0,126.0,361.0,189.0,191.0
252.0,121.0,506.0,353.0,587.0
337.0,98.0,334.0,361.0,606.0
157.0,125.0,347.0,328.0,245.0
508.0,76.0,419.0,275.0,394.0
184.0,115.0,585.0,349.0,282.0
262.0,101.0,553.0,297.0,298.0
469.0,82.0,364.0,275.0,377.0
312.0,106.0,402.0,94.0,347.0
392.0,84.0,819.0,622.0,587.0
539.0,121.0,509.0,83.0,530.0
333.0,100.0,250.0,518.0,264.0
193.0,90.0,384.0,408.0,427.0
395.0,91.0,448.0,220.0,298.0
326.0,90.0,411.0,242.0,53.0
508.0,149.0,351.0,306.0,225.0
491.0,156.0,626.0,219.0,282.0
701.0,132.0,450.0,155.0,191.0
692.0,206.0,513.0,469.0,434.0
394.0,256.0,228.0,316.0,308.0
183.0,116.0,364.0,335.0,302.0
425.0,106.0,660.0,38.0,225.0
522.0,108.0,366.0,265.0,434.0
0.0,950.0,366.0,166.0,268.0
370.0,140.0,368.0,370.0,592.0
411.0,118.0,505.0,371.0,456.0
494.0,138.0,361.0,93.0,98.0
425.0,92.0,509.0,424.0,347.0
410.0,121.0,448.0,219.0,341.0
183.0,73.0,265.0,318.0,515.0
373.0,140.0,378.0,249.0,284.0
292.0,121.0,422.0,390.0,517.0
244.0,40.0,540.0,184.0,208.0
331.0,73.0,363.0,123.0,255.0
252.0,184.0,448.0,247.0,320.0
152.0,80.0,705.0,390.0,523.0
359.0,40.0,442.0,168.0,476.0
237.0,108.0,686.0,424.0,536.0
157.0,80.0,543.0,276.0,420.0
448.0,91.0,347.0,999.0,306.0
241.0,206.0,468.0,195.0,468.0
465.0,86.0,484.0,286.0,252.0
237.0,113.0,534.0,432.0,401.0
464.0,93.0,540.0,504.0,582.0
458.0,106.0,265.0,308.0,358.0
506.0,76.0,448.0,486.0,490.0
237.0,161.0,399.0,249.0,358.0
434.0,76.0,0.0,449.0,490.0
395.0,126.0,398.0,518.0,456.0
238.0,200.0,819.0,155.0,217.0
292.0,130.0,322.0,219.0,536.0
297.0,203.0,384.0,262.0,65.0
394.0,57.0,534.0,515.0,475.0
206.0,97.0,386.0,184.0,264.0
164.0,86.0,539.0,275.0,199.0
339.0,115.0,363.0,289.0,282.0
417.0,106.0,806.0,145.0,587.0
190.0,80.0,541.0,353.0,454.0
370.0,999.0,476.0,283.0,245.0
504.0,95.0,726.0,283.0,420.0
339.0,161.0,512.0,262.0,419.0
206.0,109.0,572.0,356.0,534.0
469.0,114.0,310.0,595.0,512.0
297.0,107.0,361.0,353.0,292.0
326.0,44.0,660.0,184.0,53.0
339.0,104.0,192.0,43.0,268.0
469.0,106.0,490.0,300.0,395.0
447.0,58.0,442.0,316.0,469.0
506.0,138.0,363.0,220.0,499.0
563.0,168.0,489.0,424.0,284.0
458.0,113.0,431.0,386.0,310.0
237.0,70.0,574.0,308.0,536.0
364.0,86.0,361.0,182.0,504.0
9.0,106.0,496.0,226.0,418.0
690.0,110.0,364.0,191.0,463.0
497.0,193.0,361.0,276.0,452.0
190.0,106.0,379.0,328.0,306.0
206.0,89.0,512.0,359.0,300.0
542.0,115.0,506.0,359.0,419.0
159.0,132.0,405.0,424.0,469.0
395.0,93.0,512.0,226.0,401.0
259.0,73.0,363.0,153.0,225.0
262.0,90.0,735.0,426.0,502.0
425.0,156.0,30.0,223.0,302.0
312.0,110.0,442.0,184.0,223.0
206.0,203.0,398.0,263.0,419.0
746.0,134.0,660.0,337.0,493.0
364.0,126.0,410.0,177.0,271.0
362.0,136.0,585.0,220.0,335.0
519.0,168.0,419.0,361.0,419.0
692.0,177.0,496.0,311.0,377.0
251.0,105.0,511.0,283.0,431.0
448.0,100.0,610.0,501.0,611.0
238.0,129.0,496.0,94.0,376.0
508.0,248.0,578.0,0.0,0.0
295.0,121.0,429.0,153.0,175.0
206.0,109.0,442.0,38.0,549.0
262.0,80.0,334.0,441.0,257.0
488.0,58.0,379.0,178.0,228.0
425.0,168.0,524.0,182.0,531.0
425.0,108.0,806.0,43.0,97.0
464.0,102.0,509.0,333.0,221.0
434.0,121.0,256.0,647.0,498.0
480.0,175.0,748.0,189.0,391.0
206.0,159.0,334.0,184.0,245.0
392.0,136.0,275.0,93.0,512.0
619.0,146.0,512.0,426.0,292.0
307.0,97.0,748.0,129.0,465.0
467.0,38.0,419.0,297.0,306.0
508.0,169.0,135.0,63.0,268.0
473.0,126.0,135.0,384.0,456.0
344.0,102.0,468.0,288.0,255.0
242.0,133.0,686.0,113.0,568.0
480.0,76.0,525.0,220.0,263.0
365.0,91.0,93.0,146.0,261.0
519.0,115.0,695.0,353.0,502.0
630.0,57.0,448.0,504.0,456.0
392.0,87.0,256.0,286.0,591.0
424.0,106.0,660.0,94.0,232.0
373.0,106.0,567.0,430.0,306.0
361.0,200.0,489.0,315.0,376.0
241.0,249.0,574.0,411.0,404.0
392.0,108.0,490.0,155.0,587.0
690.0,124.0,576.0,370.0,475.0
431.0,256.0,819.0,626.0,404.0
508.0,170.0,340.0,343.0,446.0
425.0,114.0,484.0,121.0,255.0
206.0,194.0,436.0,347.0,465.0
508.0,140.0,256.0,601.0,504.0
465.0,96.0,526.0,424.0,628.0
241.0,105.0,660.0,333.0,335.0
455.0,90.0,402.0,155.0,502.0
449.0,194.0,267.0,296.0,418.0
516.0,44.0,660.0,226.0,454.0
236.0,139.0,402.0,249.0,263.0
192.0,195.0,567.0,518.0,612.0
192.0,106.0,512.0,515.0,407.0
373.0,113.0,438.0,241.0,367.0
295.0,132.0,280.0,311.0,468.0
473.0,58.0,411.0,390.0,384.0
252.0,950.0,556.0,319.0,318.0
307.0,169.0,443.0,306.0,292.0
497.0,140.0,484.0,386.0,571.0
542.0,247.0,660.0,626.0,515.0
339.0,105.0,567.0,344.0,449.0
447.0,100.0,192.0,220.0,255.0
585.0,115.0,389.0,359.0,468.0
513.0,107.0,256.0,155.0,310.0
488.0,183.0,365.0,426.0,465.0
294.0,38.0,361.0,249.0,499.0
251.0,109.0,514.0,410.0,419.0
241.0,108.0,482.0,336.0,490.0
469.0,90.0,234.0,178.0,98.0
191.0,116.0,351.0,232.0,257.0
242.0,125.0,501.0,359.0,628.0
373.0,129.0,411.0,311.0,569.0
413.0,91.0,405.0,525.0,358.0
361.0,135.0,361.0,626.0,195.0
308.0,0.0,223.0,443.0,427.0
513.0,134.0,438.0,439.0,391.0
246.0,262.0,534.0,390.0,490.0
519.0,104.0,334.0,286.0,332.0
373.0,82.0,575.0,408.0,591.0
236.0,125.0,524.0,315.0,332.0
434.0,113.0,170.0,311.0,453.0
315.0,86.0,442.0,718.0,271.0
456.0,999.0,511.0,196.0,420.0
152.0,97.0,460.0,146.0,257.0
365.0,91.0,460.0,491.0,0.0
238.0,209.0,540.0,518.0,536.0
256.0,147.0,393.0,370.0,424.0
278.0,138.0,328.0,182.0,292.0
434.0,66.0,488.0,461.0,404.0
411.0,111.0,525.0,316.0,406.0
502.0,18.0,512.0,349.0,465.0
434.0,130.0,430.0,384.0,405.0
344.0,200.0,574.0,443.0,498.0
332.0,140.0,228.0,121.0,98.0
508.0,91.0,361.0,177.0,268.0
542.0,100.0,421.0,336.0,469.0
410.0,139.0,327.0,441.0,499.0
236.0,203.0,384.0,268.0,395.0
692.0,159.0,365.0,316.0,284.0
469.0,132.0,322.0,347.0,421.0
539.0,116.0,56.0,308.0,25.0
216.0,168.0,399.0,501.0,419.0
364.0,193.0,361.0,432.0,333.0
447.0,124.0,351.0,168.0,284.0
411.0,139.0,490.0,491.0,536.0
364.0,71.0,509.0,370.0,465.0
193.0,200.0,340.0,178.0,553.0
193.0,100.0,553.0,155.0,468.0
373.0,73.0,453.0,275.0,367.0
361.0,113.0,429.0,223.0,228.0
184.0,73.0,340.0,284.0,530.0
164.0,44.0,505.0,678.0,503.0
252.0,118.0,512.0,263.0,377.0
285.0,79.0,322.0,276.0,431.0
392.0,168.0,705.0,525.0,418.0
491.0,44.0,322.0,189.0,221.0
201.0,14.0,431.0,622.0,580.0
505.0,145.0,466.0,411.0,569.0
502.0,73.0,512.0,218.0,503.0
209.0,116.0,135.0,411.0,245.0
539.0,82.0,347.0,318.0,999.0
307.0,999.0,621.0,343.0,395.0
395.0,126.0,419.0,432.0,407.0
266.0,195.0,234.0,333.0,456.0
273.0,40.0,872.0,411.0,553.0
339.0,105.0,342.0,359.0,332.0
690.0,146.0,573.0,226.0,404.0
232.0,106.0,576.0,371.0,434.0
424.0,106.0,386.0,333.0,339.0
297.0,95.0,410.0,223.0,245.0
191.0,93.0,385.0,315.0,441.0
464.0,58.0,785.0,316.0,499.0
0.0,36.0,525.0,223.0,282.0
236.0,198.0,378.0,94.0,418.0
178.0,133.0,686.0,242.0,346.0
300.0,170.0,484.0,315.0,223.0
354.0,87.0,525.0,99.0,284.0
410.0,106.0,621.0,283.0,306.0
238.0,109.0,322.0,328.0,407.0
329.0,40.0,357.0,110.0,367.0
246.0,134.0,23.0,268.0,221.0
251.0,146.0,371.0,315.0,245.0
246.0,139.0,399.0,390.0,517.0
228.0,68.0,476.0,132.0,531.0
232.0,58.0,361.0,491.0,468.0
206.0,106.0,574.0,226.0,268.0
434.0,40.0,438.0,335.0,476.0
500.0,96.0,393.0,40.0,456.0
288.0,175.0,417.0,286.0,421.0
692.0,53.0,999.0,414.0,420.0
236.0,134.0,621.0,306.0,65.0
500.0,126.0,436.0,390.0,502.0
295.0,58.0,510.0,304.0,123.0
256.0,102.0,581.0,353.0,424.0
228.0,90.0,379.0,110.0,411.0
329.0,102.0,429.0,184.0,232.0
457.0,126.0,872.0,335.0,427.0
390.0,139.0,539.0,330.0,264.0
262.0,105.0,661.0,306.0,298.0
478.0,82.0,999.0,275.0,493.0
395.0,123.0,265.0,304.0,223.0
522.0,121.0,764.0,289.0,232.0
252.0,99.0,164.0,94.0,271.0
361.0,113.0,328.0,220.0,419.0
320.0,9.0,328.0,333.0,406.0
506.0,140.0,302.0,195.0,245.0
563.0,121.0,228.0,411.0,449.0
455.0,124.0,567.0,333.0,228.0
478.0,126.0,660.0,93.0,456.0
184.0,133.0,658.0,430.0,498.0
172.0,107.0,525.0,318.0,465.0
692.0,102.0,482.0,308.0,569.0
344.0,118.0,442.0,501.0,320.0
692.0,146.0,539.0,316.0,407.0
392.0,97.0,405.0,311.0,395.0
364.0,102.0,574.0,69.0,195.0
190.0,86.0,389.0,289.0,175.0
447.0,154.0,389.0,196.0,592.0
473.0,249.0,572.0,518.0,587.0
191.0,197.0,496.0,306.0,335.0
256.0,90.0,582.0,304.0,419.0
339.0,82.0,426.0,166.0,255.0
191.0,121.0,661.0,217.0,282.0
425.0,14.0,405.0,286.0,384.0
434.0,110.0,30.0,424.0,549.0
307.0,58.0,619.0,335.0,221.0
574.0,209.0,228.0,283.0,284.0
413.0,138.0,525.0,408.0,320.0
504.0,107.0,328.0,595.0,476.0
152.0,198.0,534.0,441.0,446.0
278.0,97.0,228.0,289.0,499.0
296.0,97.0,581.0,40.0,123.0
184.0,248.0,447.0,190.0,245.0
238.0,62.0,677.0,94.0,358.0
354.0,110.0,334.0,469.0,612.0
765.0,106.0,385.0,390.0,256.0
569.0,102.0,386.0,411.0,438.0
403.0,120.0,421.0,595.0,221.0
159.0,156.0,526.0,782.0,332.0
238.0,105.0,510.0,40.0,517.0
172.0,44.0,726.0,333.0,306.0
395.0,171.0,496.0,449.0,611.0
395.0,71.0,114.0,146.0,523.0
448.0,58.0,223.0,625.0,434.0
251.0,73.0,505.0,441.0,434.0
497.0,66.0,188.0,113.0,100.0
157.0,140.0,384.0,432.0,587.0
89.0,156.0,365.0,356.0,411.0
425.0,200.0,438.0,595.0,517.0
424.0,92.0,267.0,121.0,284.0
295.0,135.0,581.0,218.0,284.0
285.0,115.0,410.0,328.0,427.0
241.0,58.0,351.0,40.0,530.0
329.0,73.0,511.0,106.0,468.0
574.0,209.0,192.0,349.0,419.0
339.0,52.0,638.0,123.0,376.0
636.0,87.0,0.0,223.0,252.0
259.0,40.0,363.0,311.0,405.0
381.0,223.0,524.0,145.0,229.0
159.0,88.0,490.0,268.0,420.0
481.0,65.0,443.0,275.0,515.0
292.0,73.0,398.0,294.0,569.0
275.0,256.0,619.0,217.0,306.0
455.0,92.0,389.0,145.0,406.0
690.0,115.0,540.0,270.0,225.0
241.0,247.0,377.0,359.0,346.0
252.0,207.0,430.0,647.0,499.0
370.0,135.0,556.0,63.0,452.0
178.0,198.0,368.0,226.0,318.0
252.0,170.0,560.0,432.0,424.0
447.0,57.0,192.0,184.0,588.0
184.0,209.0,621.0,217.0,389.0
333.0,85.0,512.0,257.0,389.0
449.0,169.0,496.0,0.0,98.0
395.0,123.0,135.0,315.0,468.0
190.0,104.0,398.0,432.0,591.0
425.0,134.0,421.0,294.0,530.0
504.0,184.0,364.0,356.0,310.0
190.0,98.0,398.0,289.0,390.0
337.0,86.0,484.0,268.0,292.0
111.0,97.0,328.0,97.0,150.0
403.0,0.0,399.0,220.0,353.0
237.0,38.0,660.0,361.0,257.0
478.0,175.0,578.0,449.0,427.0
326.0,223.0,505.0,622.0,310.0
619.0,106.0,541.0,249.0,341.0
339.0,219.0,576.0,414.0,424.0
307.0,76.0,660.0,315.0,150.0
373.0,248.0,450.0,337.0,465.0
638.0,51.0,695.0,227.0,419.0
365.0,118.0,686.0,83.0,517.0
644.0,71.0,490.0,335.0,346.0
237.0,248.0,554.0,424.0,252.0
326.0,140.0,334.0,384.0,284.0
326.0,102.0,450.0,414.0,606.0
301.0,118.0,505.0,426.0,549.0
285.0,58.0,501.0,196.0,302.0
159.0,198.0,164.0,257.0,499.0
488.0,118.0,448.0,304.0,498.0
392.0,118.0,572.0,678.0,611.0
252.0,200.0,582.0,430.0,469.0
373.0,184.0,334.0,424.0,504.0
252.0,133.0,164.0,69.0,310.0
506.0,100.0,447.0,491.0,333.0
295.0,58.0,573.0,424.0,530.0
184.0,147.0,256.0,359.0,482.0
542.0,194.0,384.0,333.0,517.0
400.0,146.0,554.0,359.0,517.0
259.0,108.0,340.0,333.0,310.0
569.0,100.0,267.0,999.0,320.0
296.0,124.0,315.0,408.0,446.0
206.0,132.0,450.0,333.0,469.0
431.0,73.0,553.0,218.0,300.0
585.0,73.0,419.0,469.0,523.0
191.0,134.0,421.0,192.0,358.0
392.0,195.0,438.0,182.0,536.0
184.0,95.0,228.0,192.0,264.0
448.0,40.0,603.0,562.0,406.0
292.0,97.0,660.0,226.0,255.0
455.0,100.0,386.0,337.0,482.0
370.0,93.0,574.0,191.0,392.0
502.0,88.0,430.0,155.0,419.0
434.0,138.0,223.0,220.0,306.0
159.0,106.0,302.0,219.0,498.0
252.0,102.0,488.0,43.0,284.0
434.0,132.0,398.0,286.0,401.0
308.0,70.0,660.0,232.0,530.0
410.0,149.0,448.0,300.0,411.0
333.0,112.0,512.0,518.0,335.0
294.0,86.0,862.0,297.0,214.0
315.0,109.0,429.0,308.0,264.0
520.0,90.0,525.0,268.0,611.0
236.0,170.0,496.0,288.0,296.0
278.0,184.0,417.0,336.0,434.0
519.0,115.0,466.0,353.0,398.0
178.0,92.0,496.0,430.0,453.0
457.0,177.0,510.0,491.0,611.0
292.0,101.0,364.0,469.0,536.0
364.0,58.0,228.0,106.0,353.0
471.0,52.0,538.0,308.0,367.0
237.0,146.0,438.0,121.0,221.0
244.0,71.0,361.0,408.0,568.0
519.0,102.0,135.0,94.0,195.0
315.0,66.0,543.0,353.0,511.0
563.0,143.0,677.0,283.0,264.0
296.0,109.0,556.0,200.0,420.0
434.0,115.0,660.0,469.0,424.0
300.0,247.0,188.0,268.0,517.0
457.0,108.0,448.0,191.0,367.0
300.0,98.0,357.0,625.0,476.0
410.0,101.0,677.0,109.0,25.0
410.0,58.0,626.0,318.0,384.0
508.0,44.0,361.0,288.0,395.0
297.0,66.0,386.0,94.0,233.0
238.0,170.0,453.0,184.0,392.0
183.0,102.0,506.0,113.0,580.0
390.0,106.0,402.0,191.0,255.0
504.0,93.0,334.0,192.0,53.0
326.0,67.0,514.0,515.0,0.0
506.0,79.0,265.0,458.0,504.0
410.0,195.0,339.0,126.0,146.0
201.0,106.0,695.0,223.0,221.0
403.0,99.0,430.0,515.0,587.0
228.0,14.0,660.0,424.0,318.0
425.0,116.0,619.0,347.0,465.0
295.0,102.0,226.0,349.0,320.0
332.0,106.0,660.0,486.0,517.0
563.0,132.0,489.0,647.0,53.0
409.0,90.0,541.0,182.0,263.0
184.0,106.0,585.0,333.0,463.0
644.0,112.0,448.0,315.0,517.0
413.0,65.0,442.0,424.0,308.0
464.0,126.0,513.0,518.0,498.0
488.0,118.0,357.0,595.0,493.0
425.0,198.0,357.0,232.0,332.0
183.0,53.0,357.0,999.0,999.0
373.0,134.0,265.0,184.0,255.0
242.0,108.0,385.0,430.0,606.0
411.0,209.0,511.0,328.0,256.0
392.0,249.0,192.0,449.0,553.0
184.0,90.0,572.0,315.0,333.0
542.0,44.0,819.0,168.0,531.0
478.0,73.0,361.0,219.0,264.0
289.0,45.0,450.0,441.0,431.0
178.0,138.0,450.0,318.0,191.0
765.0,209.0,442.0,601.0,523.0
301.0,82.0,361.0,196.0,456.0
506.0,200.0,363.0,94.0,208.0
295.0,106.0,342.0,226.0,191.0
307.0,53.0,377.0,192.0,282.0
467.0,198.0,442.0,449.0,530.0
242.0,219.0,334.0,426.0,419.0
157.0,93.0,429.0,182.0,98.0
395.0,100.0,448.0,121.0,255.0
431.0,108.0,524.0,182.0,544.0
668.0,66.0,582.0,283.0,327.0
291.0,86.0,448.0,311.0,588.0
333.0,102.0,364.0,443.0,612.0
326.0,112.0,377.0,504.0,419.0
473.0,112.0,610.0,69.0,363.0
400.0,84.0,448.0,343.0,504.0
638.0,256.0,315.0,283.0,404.0
238.0,115.0,626.0,411.0,475.0
242.0,67.0,581.0,330.0,392.0
434.0,207.0,501.0,353.0,517.0
297.0,58.0,453.0,336.0,465.0
373.0,44.0,389.0,83.0,390.0
320.0,96.0,513.0,184.0,261.0
417.0,146.0,265.0,288.0,523.0
256.0,89.0,275.0,315.0,452.0
473.0,106.0,573.0,184.0,341.0
241.0,134.0,525.0,241.0,332.0
183.0,53.0,328.0,333.0,453.0
409.0,146.0,422.0,414.0,549.0
630.0,115.0,801.0,601.0,232.0
506.0,18.0,999.0,283.0,187.0
539.0,71.0,398.0,601.0,263.0
413.0,112.0,785.0,284.0,347.0
409.0,73.0,526.0,408.0,225.0
251.0,159.0,514.0,316.0,486.0
300.0,118.0,510.0,311.0,504.0
288.0,112.0,509.0,353.0,515.0
927.0,93.0,310.0,337.0,214.0
539.0,80.0,476.0,426.0,490.0
252.0,248.0,573.0,294.0,431.0
242.0,126.0,567.0,166.0,293.0
425.0,87.0,397.0,190.0,284.0
152.0,102.0,660.0,249.0,517.0
183.0,100.0,543.0,308.0,232.0
491.0,96.0,540.0,195.0,225.0
370.0,106.0,438.0,123.0,191.0
246.0,135.0,735.0,223.0,263.0
417.0,247.0,419.0,168.0,302.0
392.0,134.0,862.0,130.0,214.0
339.0,154.0,361.0,344.0,549.0
273.0,109.0,505.0,262.0,252.0
636.0,65.0,422.0,93.0,97.0
400.0,53.0,364.0,192.0,268.0
488.0,95.0,315.0,625.0,538.0
434.0,120.0,603.0,315.0,390.0
337.0,66.0,677.0,242.0,308.0
242.0,249.0,442.0,247.0,406.0
409.0,40.0,448.0,226.0,436.0
373.0,120.0,660.0,333.0,468.0
542.0,138.0,402.0,343.0,534.0
494.0,118.0,386.0,411.0,306.0
431.0,195.0,23.0,311.0,384.0
395.0,84.0,226.0,625.0,531.0
480.0,118.0,453.0,265.0,406.0
392.0,106.0,402.0,226.0,434.0
191.0,73.0,541.0,178.0,298.0
332.0,118.0,442.0,601.0,592.0
178.0,58.0,377.0,184.0,302.0
315.0,194.0,228.0,110.0,419.0
478.0,105.0,764.0,284.0,327.0
563.0,138.0,574.0,449.0,298.0
354.0,134.0,328.0,579.0,544.0
395.0,139.0,448.0,217.0,431.0
209.0,123.0,575.0,247.0,358.0
395.0,168.0,619.0,218.0,407.0
390.0,91.0,340.0,304.0,306.0
339.0,134.0,170.0,123.0,419.0
500.0,115.0,512.0,304.0,293.0
157.0,170.0,726.0,371.0,228.0
362.0,107.0,621.0,296.0,195.0
464.0,146.0,509.0,226.0,293.0
522.0,67.0,525.0,300.0,436.0
159.0,156.0,430.0,83.0,502.0
291.0,106.0,735.0,304.0,221.0
288.0,134.0,661.0,275.0,395.0
300.0,115.0,448.0,424.0,612.0
238.0,126.0,468.0,361.0,446.0
333.0,140.0,506.0,501.0,419.0
373.0,171.0,417.0,474.0,475.0
201.0,130.0,554.0,284.0,475.0
409.0,154.0,638.0,94.0,358.0
392.0,256.0,505.0,94.0,195.0
636.0,120.0,695.0,265.0,214.0
337.0,109.0,658.0,202.0,419.0
291.0,132.0,509.0,191.0,252.0
159.0,140.0,496.0,337.0,191.0
417.0,58.0,328.0,218.0,515.0
307.0,195.0,442.0,458.0,517.0
519.0,53.0,468.0,349.0,407.0
184.0,87.0,576.0,424.0,515.0
392.0,82.0,56.0,306.0,511.0
392.0,115.0,488.0,626.0,530.0
244.0,96.0,582.0,306.0,503.0
434.0,106.0,512.0,384.0,591.0
292.0,114.0,582.0,191.0,469.0
448.0,115.0,496.0,515.0,217.0
481.0,143.0,512.0,283.0,580.0
307.0,209.0,393.0,275.0,511.0
395.0,118.0,389.0,97.0,214.0
413.0,177.0,621.0,333.0,124.0
480.0,100.0,575.0,226.0,264.0
410.0,168.0,389.0,195.0,493.0
288.0,67.0,540.0,424.0,465.0
307.0,76.0,417.0,343.0,728.0
456.0,223.0,574.0,353.0,434.0
701.0,73.0,574.0,283.0,498.0
337.0,209.0,525.0,359.0,569.0
692.0,132.0,351.0,156.0,257.0
471.0,111.0,310.0,110.0,278.0
504.0,132.0,785.0,232.0,293.0
425.0,209.0,429.0,411.0,332.0
278.0,200.0,286.0,333.0,296.0
307.0,169.0,322.0,97.0,298.0
365.0,97.0,872.0,390.0,618.0
457.0,85.0,322.0,286.0,296.0
619.0,193.0,366.0,639.0,531.0
508.0,126.0,366.0,300.0,404.0
256.0,171.0,567.0,474.0,376.0
471.0,102.0,541.0,311.0,498.0
184.0,118.0,256.0,386.0,327.0
395.0,118.0,573.0,296.0,534.0
619.0,66.0,999.0,311.0,446.0
337.0,38.0,250.0,424.0,463.0
237.0,198.0,280.0,337.0,208.0
425.0,108.0,366.0,601.0,346.0
252.0,79.0,661.0,432.0,612.0
288.0,102.0,357.0,579.0,419.0
331.0,108.0,512.0,390.0,453.0
337.0,73.0,357.0,109.0,228.0
410.0,13.0,509.0,486.0,256.0
89.0,58.0,114.0,110.0,233.0
400.0,102.0,660.0,286.0,367.0
491.0,116.0,393.0,190.0,293.0
447.0,118.0,443.0,366.0,300.0
690.0,107.0,488.0,275.0,591.0
339.0,126.0,402.0,109.0,389.0
644.0,111.0,553.0,94.0,404.0
206.0,66.0,570.0,226.0,292.0
209.0,105.0,534.0,370.0,436.0
434.0,132.0,764.0,316.0,339.0
111.0,121.0,164.0,335.0,468.0
157.0,125.0,357.0,284.0,421.0
0.0,132.0,419.0,336.0,418.0
513.0,86.0,496.0,283.0,544.0
999.0,109.0,660.0,270.0,611.0
458.0,132.0,512.0,153.0,97.0
431.0,58.0,450.0,226.0,300.0
481.0,67.0,610.0,300.0,499.0
262.0,106.0,334.0,441.0,512.0
390.0,108.0,368.0,315.0,310.0
395.0,66.0,509.0,190.0,306.0
469.0,115.0,554.0,196.0,569.0
431.0,159.0,438.0,361.0,475.0
190.0,198.0,315.0,226.0,167.0
644.0,97.0,574.0,129.0,503.0
471.0,118.0,188.0,217.0,392.0
411.0,53.0,429.0,146.0,223.0
232.0,58.0,525.0,178.0,214.0
497.0,67.0,357.0,336.0,395.0
183.0,102.0,310.0,218.0,264.0
0.0,100.0,384.0,40.0,256.0
458.0,95.0,386.0,311.0,341.0
89.0,203.0,431.0,518.0,695.0
539.0,73.0,302.0,319.0,420.0
252.0,100.0,256.0,268.0,384.0
333.0,89.0,448.0,356.0,98.0
312.0,58.0,660.0,265.0,150.0
361.0,68.0,419.0,356.0,728.0
491.0,40.0,417.0,262.0,495.0
519.0,88.0,363.0,232.0,228.0
307.0,102.0,397.0,296.0,284.0
242.0,146.0,567.0,486.0,465.0
297.0,118.0,286.0,189.0,282.0
392.0,125.0,581.0,528.0,588.0
425.0,13.0,328.0,268.0,255.0
467.0,135.0,489.0,601.0,523.0
488.0,67.0,322.0,297.0,389.0
394.0,90.0,785.0,283.0,150.0
448.0,80.0,357.0,294.0,358.0
237.0,109.0,23.0,109.0,300.0
0.0,52.0,275.0,63.0,150.0
480.0,90.0,431.0,601.0,503.0
193.0,132.0,322.0,223.0,592.0
291.0,91.0,677.0,268.0,495.0
569.0,106.0,658.0,275.0,358.0
395.0,96.0,585.0,217.0,333.0
178.0,194.0,661.0,270.0,411.0
390.0,91.0,570.0,316.0,531.0
206.0,102.0,386.0,43.0,97.0
252.0,132.0,228.0,337.0,195.0
411.0,67.0,686.0,195.0,320.0
252.0,86.0,436.0,622.0,503.0
297.0,102.0,368.0,328.0,264.0
206.0,120.0,226.0,504.0,530.0
326.0,93.0,357.0,219.0,233.0
400.0,118.0,384.0,94.0,167.0
409.0,40.0,442.0,288.0,318.0
520.0,100.0,361.0,579.0,504.0
692.0,138.0,402.0,220.0,303.0
395.0,145.0,560.0,284.0,512.0
447.0,132.0,280.0,126.0,303.0
152.0,193.0,23.0,97.0,411.0
409.0,91.0,512.0,109.0,569.0
506.0,70.0,489.0,386.0,392.0
183.0,139.0,448.0,353.0,392.0
172.0,51.0,0.0,94.0,124.0
315.0,193.0,399.0,426.0,511.0
999.0,102.0,525.0,390.0,468.0
190.0,107.0,509.0,359.0,463.0
329.0,118.0,514.0,297.0,255.0
508.0,139.0,660.0,190.0,327.0
9.0,66.0,334.0,40.0,257.0
448.0,108.0,410.0,458.0,284.0
241.0,118.0,748.0,154.0,225.0
392.0,71.0,226.0,390.0,282.0
333.0,138.0,429.0,286.0,418.0
390.0,116.0,512.0,130.0,98.0
390.0,126.0,488.0,411.0,302.0
505.0,132.0,364.0,247.0,456.0
236.0,67.0,23.0,155.0,391.0
506.0,140.0,496.0,424.0,411.0
395.0,73.0,575.0,43.0,353.0
361.0,85.0,496.0,249.0,421.0
392.0,247.0,188.0,154.0,530.0
236.0,85.0,419.0,335.0,228.0
0.0,102.0,228.0,109.0,228.0
149.0,132.0,280.0,69.0,377.0
266.0,170.0,398.0,426.0,449.0
500.0,156.0,322.0,166.0,123.0
502.0,121.0,448.0,595.0,499.0
504.0,67.0,386.0,504.0,263.0
333.0,249.0,322.0,123.0,695.0
308.0,247.0,339.0,411.0,167.0
425.0,125.0,429.0,113.0,214.0
307.0,175.0,748.0,189.0,341.0
192.0,121.0,468.0,308.0,358.0
471.0,146.0,361.0,262.0,553.0
668.0,146.0,621.0,338.0,515.0
542.0,66.0,572.0,226.0,100.0
362.0,107.0,509.0,202.0,284.0
296.0,36.0,339.0,297.0,454.0
455.0,200.0,496.0,123.0,346.0
251.0,53.0,506.0,121.0,611.0
395.0,248.0,581.0,219.0,438.0
339.0,209.0,543.0,132.0,221.0
344.0,44.0,735.0,411.0,486.0
291.0,58.0,511.0,288.0,389.0
206.0,90.0,378.0,184.0,232.0
569.0,130.0,686.0,275.0,175.0
201.0,139.0,512.0,390.0,400.0
638.0,90.0,379.0,411.0,469.0
409.0,106.0,265.0,232.0,225.0
308.0,139.0,489.0,192.0,263.0
425.0,82.0,512.0,217.0,454.0
400.0,100.0,357.0,390.0,476.0
244.0,138.0,365.0,349.0,441.0
331.0,90.0,726.0,296.0,282.0
315.0,93.0,421.0,284.0,449.0
392.0,87.0,460.0,958.0,284.0
458.0,138.0,575.0,347.0,332.0
237.0,109.0,819.0,333.0,453.0
337.0,262.0,660.0,528.0,536.0
636.0,256.0,417.0,316.0,263.0
467.0,107.0,361.0,333.0,468.0
508.0,14.0,334.0,449.0,517.0
339.0,113.0,574.0,424.0,400.0
252.0,138.0,660.0,411.0,282.0
392.0,115.0,450.0,318.0,427.0
275.0,123.0,368.0,424.0,517.0
157.0,97.0,488.0,316.0,278.0
409.0,36.0,430.0,268.0,588.0
504.0,14.0,310.0,441.0,504.0
278.0,138.0,510.0,121.0,195.0
262.0,146.0,322.0,356.0,438.0
294.0,73.0,524.0,441.0,512.0
157.0,133.0,438.0,218.0,504.0
425.0,82.0,501.0,43.0,245.0
190.0,102.0,365.0,94.0,434.0
999.0,108.0,490.0,390.0,490.0
390.0,159.0,442.0,501.0,493.0
520.0,106.0,164.0,129.0,580.0
449.0,194.0,366.0,232.0,531.0
508.0,102.0,223.0,132.0,245.0
326.0,66.0,512.0,414.0,591.0
300.0,67.0,429.0,121.0,53.0
413.0,149.0,250.0,184.0,587.0
644.0,135.0,334.0,469.0,377.0
999.0,171.0,658.0,390.0,384.0
480.0,118.0,660.0,625.0,327.0
630.0,140.0,573.0,93.0,406.0
315.0,207.0,513.0,192.0,225.0
164.0,209.0,368.0,311.0,233.0
262.0,76.0,402.0,195.0,217.0
262.0,143.0,638.0,178.0,223.0
500.0,104.0,476.0,562.0,591.0
542.0,247.0,695.0,337.0,407.0
464.0,106.0,339.0,443.0,191.0
191.0,146.0,361.0,384.0,502.0
183.0,106.0,351.0,145.0,263.0
413.0,200.0,576.0,184.0,456.0
434.0,108.0,378.0,113.0,232.0
458.0,58.0,567.0,524.0,303.0
504.0,57.0,245.0,262.0,523.0
373.0,36.0,748.0,518.0,318.0
289.0,247.0,496.0,474.0,418.0
506.0,146.0,748.0,414.0,310.0
395.0,13.0,365.0,190.0,263.0
668.0,95.0,554.0,504.0,587.0
307.0,73.0,322.0,356.0,421.0
252.0,147.0,385.0,265.0,465.0
206.0,91.0,575.0,268.0,511.0
246.0,209.0,582.0,196.0,263.0
395.0,105.0,328.0,353.0,97.0
425.0,200.0,226.0,626.0,255.0
638.0,52.0,223.0,384.0,454.0
237.0,209.0,660.0,283.0,468.0
542.0,58.0,377.0,130.0,225.0
999.0,197.0,510.0,191.0,421.0
464.0,73.0,442.0,99.0,333.0
556.0,138.0,334.0,93.0,332.0
296.0,248.0,419.0,81.0,517.0
332.0,79.0,114.0,296.0,268.0
193.0,44.0,543.0,129.0,517.0
236.0,88.0,511.0,283.0,225.0
638.0,87.0,660.0,424.0,191.0
395.0,38.0,361.0,626.0,261.0
236.0,113.0,603.0,223.0,263.0
238.0,95.0,567.0,262.0,124.0
364.0,87.0,468.0,192.0,339.0
520.0,110.0,573.0,121.0,395.0
390.0,200.0,430.0,155.0,264.0
332.0,113.0,386.0,288.0,255.0
458.0,65.0,421.0,424.0,292.0
395.0,38.0,340.0,177.0,499.0
410.0,219.0,368.0,289.0,591.0
563.0,40.0,393.0,528.0,420.0
159.0,101.0,411.0,83.0,395.0
425.0,135.0,223.0,93.0,233.0
159.0,97.0,188.0,262.0,187.0
746.0,100.0,426.0,411.0,503.0
403.0,102.0,512.0,190.0,282.0
574.0,96.0,460.0,330.0,261.0
456.0,97.0,361.0,200.0,263.0
164.0,129.0,448.0,344.0,453.0
216.0,89.0,302.0,283.0,263.0
506.0,134.0,426.0,347.0,191.0
361.0,40.0,526.0,315.0,530.0
480.0,87.0,438.0,288.0,441.0
190.0,118.0,223.0,424.0,438.0
390.0,82.0,410.0,678.0,588.0
354.0,129.0,661.0,196.0,389.0
516.0,209.0,525.0,353.0,298.0
278.0,40.0,619.0,319.0,421.0
467.0,249.0,525.0,338.0,883.0
505.0,66.0,410.0,284.0,232.0
494.0,95.0,661.0,306.0,310.0
164.0,135.0,426.0,390.0,544.0
417.0,207.0,188.0,424.0,536.0
307.0,71.0,540.0,333.0,582.0
395.0,58.0,405.0,337.0,394.0
434.0,193.0,327.0,294.0,531.0
464.0,65.0,506.0,370.0,569.0
392.0,101.0,334.0,328.0,229.0
999.0,104.0,468.0,486.0,523.0
392.0,108.0,364.0,289.0,587.0
238.0,0.0,509.0,626.0,367.0
206.0,184.0,567.0,449.0,453.0
480.0,118.0,574.0,156.0,438.0
481.0,146.0,585.0,338.0,490.0
237.0,132.0,553.0,414.0,421.0
395.0,96.0,256.0,286.0,333.0
403.0,53.0,512.0,349.0,405.0
508.0,85.0,322.0,349.0,431.0
478.0,121.0,496.0,625.0,534.0
192.0,193.0,567.0,226.0,308.0
0.0,0.0,862.0,232.0,298.0
411.0,108.0,801.0,268.0,498.0
242.0,132.0,450.0,94.0,292.0
159.0,97.0,302.0,218.0,271.0
425.0,105.0,334.0,426.0,452.0
232.0,106.0,379.0,469.0,587.0
291.0,106.0,525.0,525.0,571.0
508.0,100.0,626.0,608.0,553.0
465.0,82.0,460.0,43.0,65.0
395.0,126.0,402.0,411.0,531.0
270.0,67.0,442.0,390.0,335.0
467.0,168.0,411.0,361.0,454.0
457.0,139.0,619.0,353.0,530.0
434.0,107.0,397.0,97.0,515.0
337.0,203.0,364.0,297.0,592.0
320.0,85.0,660.0,486.0,495.0
190.0,145.0,489.0,370.0,306.0
410.0,58.0,801.0,958.0,588.0
307.0,130.0,512.0,182.0,517.0
500.0,108.0,363.0,257.0,282.0
636.0,145.0,489.0,525.0,256.0
315.0,90.0,389.0,311.0,407.0
292.0,106.0,384.0,595.0,475.0
457.0,87.0,347.0,439.0,502.0
344.0,129.0,525.0,223.0,376.0
449.0,171.0,410.0,296.0,544.0
354.0,82.0,322.0,223.0,588.0
425.0,87.0,525.0,283.0,587.0
301.0,143.0,448.0,155.0,217.0
307.0,92.0,534.0,432.0,530.0
184.0,102.0,567.0,288.0,310.0
522.0,999.0,576.0,411.0,395.0
326.0,125.0,453.0,371.0,482.0
569.0,67.0,310.0,219.0,367.0
370.0,115.0,398.0,318.0,217.0
292.0,70.0,310.0,318.0,223.0
690.0,98.0,361.0,145.0,446.0
294.0,106.0,476.0,153.0,588.0
288.0,198.0,466.0,315.0,523.0
206.0,138.0,488.0,335.0,453.0
333.0,14.0,267.0,226.0,389.0
89.0,193.0,505.0,218.0,358.0
409.0,140.0,188.0,333.0,568.0
488.0,177.0,228.0,525.0,482.0
390.0,66.0,228.0,626.0,588.0
690.0,90.0,525.0,306.0,298.0
516.0,109.0,363.0,330.0,468.0
467.0,67.0,366.0,469.0,306.0
259.0,108.0,490.0,154.0,25.0
320.0,106.0,512.0,275.0,335.0
149.0,73.0,398.0,232.0,392.0
252.0,101.0,393.0,518.0,400.0
359.0,102.0,496.0,353.0,515.0
394.0,101.0,410.0,81.0,146.0
465.0,91.0,573.0,155.0,427.0
256.0,120.0,286.0,622.0,332.0
569.0,147.0,365.0,384.0,482.0
563.0,73.0,368.0,308.0,571.0
266.0,115.0,572.0,195.0,53.0
636.0,67.0,436.0,153.0,427.0
471.0,140.0,660.0,390.0,332.0
455.0,66.0,265.0,156.0,228.0
291.0,209.0,431.0,296.0,495.0
425.0,99.0,245.0,474.0,549.0
237.0,65.0,23.0,184.0,332.0
0.0,73.0,660.0,40.0,264.0
292.0,44.0,509.0,384.0,498.0
392.0,247.0,540.0,333.0,318.0
574.0,110.0,574.0,126.0,257.0
275.0,132.0,339.0,263.0,229.0
184.0,132.0,310.0,155.0,431.0
291.0,99.0,660.0,361.0,452.0
365.0,126.0,357.0,300.0,306.0
344.0,125.0,267.0,424.0,495.0
326.0,248.0,677.0,126.0,221.0
458.0,114.0,405.0,424.0,536.0
159.0,115.0,361.0,123.0,225.0
502.0,44.0,267.0,177.0,376.0
278.0,147.0,93.0,424.0,264.0
288.0,183.0,539.0,195.0,582.0
362.0,113.0,514.0,195.0,264.0
513.0,145.0,0.0,353.0,333.0
400.0,169.0,496.0,474.0,100.0
329.0,184.0,357.0,318.0,424.0
448.0,146.0,442.0,155.0,255.0
237.0,86.0,460.0,625.0,569.0
542.0,57.0,430.0,678.0,454.0
464.0,171.0,429.0,38.0,225.0
192.0,121.0,764.0,226.0,495.0
301.0,109.0,226.0,439.0,390.0
252.0,140.0,357.0,595.0,588.0
251.0,120.0,567.0,155.0,498.0
636.0,51.0,526.0,275.0,377.0
320.0,96.0,573.0,461.0,353.0
270.0,76.0,574.0,335.0,420.0
520.0,248.0,422.0,110.0,229.0
307.0,57.0,543.0,166.0,517.0
478.0,121.0,363.0,195.0,332.0
236.0,102.0,538.0,491.0,612.0
307.0,58.0,448.0,336.0,401.0
394.0,200.0,384.0,262.0,245.0
411.0,76.0,361.0,441.0,367.0
246.0,102.0,748.0,297.0,468.0
289.0,256.0,234.0,177.0,292.0
390.0,146.0,322.0,386.0,333.0
392.0,57.0,450.0,184.0,427.0
312.0,68.0,448.0,195.0,367.0
209.0,247.0,539.0,155.0,264.0
390.0,124.0,226.0,262.0,0.0
297.0,40.0,509.0,337.0,456.0
494.0,108.0,256.0,146.0,263.0
542.0,90.0,534.0,69.0,225.0
455.0,109.0,361.0,121.0,404.0
508.0,106.0,538.0,424.0,300.0
373.0,0.0,705.0,304.0,255.0
206.0,76.0,872.0,441.0,517.0
270.0,106.0,603.0,93.0,486.0
522.0,91.0,447.0,414.0,195.0
630.0,90.0,466.0,311.0,530.0
296.0,146.0,334.0,155.0,628.0
390.0,38.0,361.0,97.0,482.0
184.0,193.0,429.0,311.0,530.0
464.0,89.0,399.0,595.0,303.0
448.0,95.0,340.0,263.0,245.0
184.0,209.0,361.0,275.0,296.0
395.0,999.0,389.0,286.0,582.0
455.0,200.0,250.0,126.0,195.0
502.0,168.0,512.0,336.0,232.0
585.0,36.0,357.0,306.0,293.0
497.0,14.0,496.0,218.0,256.0
339.0,52.0,575.0,178.0,493.0
307.0,86.0,484.0,308.0,257.0
400.0,126.0,505.0,262.0,284.0
690.0,102.0,496.0,145.0,407.0
508.0,110.0,397.0,333.0,612.0
395.0,66.0,30.0,182.0,284.0
434.0,156.0,368.0,99.0,187.0
574.0,110.0,509.0,241.0,292.0
178.0,169.0,525.0,361.0,346.0
410.0,118.0,575.0,626.0,395.0
291.0,93.0,315.0,38.0,187.0
339.0,132.0,448.0,178.0,418.0
999.0,135.0,677.0,132.0,282.0
302.0,89.0,540.0,109.0,225.0
448.0,73.0,419.0,247.0,530.0
471.0,249.0,417.0,999.0,999.0
392.0,132.0,366.0,275.0,530.0
307.0,130.0,573.0,283.0,339.0
242.0,18.0,426.0,441.0,569.0
339.0,36.0,328.0,316.0,332.0
644.0,200.0,554.0,196.0,278.0
262.0,134.0,448.0,330.0,482.0
467.0,62.0,554.0,226.0,401.0
238.0,87.0,436.0,97.0,517.0
292.0,194.0,286.0,304.0,468.0
500.0,100.0,509.0,94.0,530.0
411.0,134.0,509.0,219.0,504.0
636.0,106.0,302.0,242.0,377.0
0.0,67.0,735.0,168.0,456.0
307.0,132.0,93.0,190.0,303.0
473.0,91.0,872.0,232.0,421.0
574.0,104.0,572.0,110.0,367.0
480.0,58.0,389.0,562.0,591.0
190.0,106.0,447.0,123.0,245.0
431.0,90.0,576.0,178.0,391.0
390.0,195.0,286.0,40.0,124.0
184.0,115.0,543.0,449.0,468.0
644.0,124.0,334.0,223.0,296.0
216.0,114.0,556.0,474.0,568.0
315.0,138.0,514.0,184.0,284.0
329.0,132.0,378.0,200.0,591.0
297.0,209.0,510.0,99.0,424.0
370.0,106.0,402.0,639.0,456.0
409.0,67.0,422.0,353.0,549.0
244.0,126.0,581.0,469.0,511.0
183.0,62.0,351.0,242.0,298.0
392.0,36.0,510.0,424.0,391.0
456.0,112.0,819.0,153.0,175.0
395.0,107.0,764.0,249.0,187.0
458.0,93.0,567.0,595.0,538.0
471.0,114.0,638.0,219.0,332.0
508.0,129.0,234.0,283.0,503.0
508.0,108.0,448.0,178.0,284.0
373.0,121.0,340.0,504.0,284.0
425.0,106.0,553.0,338.0,400.0
183.0,93.0,484.0,146.0,400.0
508.0,53.0,422.0,443.0,502.0
539.0,99.0,386.0,276.0,434.0
285.0,70.0,226.0,109.0,320.0
295.0,102.0,405.0,316.0,221.0
425.0,109.0,417.0,154.0,245.0
701.0,118.0,476.0,525.0,534.0
927.0,100.0,764.0,275.0,97.0
395.0,84.0,363.0,145.0,223.0
228.0,106.0,339.0,333.0,499.0
395.0,86.0,23.0,166.0,284.0
542.0,66.0,509.0,626.0,606.0
242.0,93.0,658.0,263.0,296.0
425.0,193.0,417.0,191.0,320.0
394.0,134.0,426.0,154.0,376.0
361.0,102.0,334.0,178.0,271.0
288.0,57.0,371.0,94.0,568.0
307.0,105.0,389.0,430.0,530.0
302.0,102.0,540.0,424.0,400.0
504.0,101.0,361.0,441.0,394.0
242.0,171.0,378.0,449.0,390.0
504.0,126.0,660.0,330.0,606.0
392.0,134.0,250.0,304.0,401.0
520.0,146.0,364.0,458.0,515.0
491.0,79.0,660.0,524.0,628.0
478.0,71.0,442.0,361.0,568.0
183.0,209.0,357.0,294.0,502.0
364.0,88.0,505.0,366.0,427.0
392.0,138.0,411.0,284.0,449.0
331.0,76.0,164.0,191.0,223.0
434.0,133.0,405.0,528.0,97.0
333.0,14.0,512.0,359.0,191.0
236.0,108.0,378.0,311.0,431.0
392.0,40.0,560.0,192.0,256.0
266.0,115.0,576.0,226.0,333.0
296.0,132.0,514.0,328.0,530.0
244.0,102.0,357.0,284.0,335.0
467.0,113.0,572.0,370.0,453.0
464.0,66.0,585.0,43.0,419.0
278.0,66.0,357.0,411.0,384.0
505.0,154.0,267.0,366.0,587.0
236.0,223.0,660.0,184.0,504.0
508.0,203.0,410.0,94.0,191.0
159.0,58.0,748.0,304.0,303.0
262.0,66.0,315.0,129.0,431.0
513.0,109.0,660.0,223.0,367.0
288.0,73.0,361.0,306.0,495.0
183.0,109.0,482.0,219.0,530.0
339.0,169.0,466.0,579.0,264.0
425.0,106.0,576.0,284.0,434.0
395.0,87.0,398.0,40.0,229.0
289.0,58.0,334.0,647.0,346.0
465.0,99.0,431.0,184.0,498.0
701.0,91.0,402.0,344.0,523.0
159.0,105.0,379.0,283.0,453.0
0.0,0.0,540.0,361.0,495.0
252.0,79.0,417.0,366.0,476.0
164.0,96.0,686.0,349.0,449.0
494.0,65.0,572.0,241.0,303.0
539.0,84.0,496.0,601.0,468.0
392.0,112.0,661.0,275.0,341.0
270.0,104.0,334.0,40.0,232.0
307.0,84.0,513.0,145.0,486.0
206.0,105.0,554.0,226.0,530.0
294.0,104.0,397.0,94.0,123.0
312.0,66.0,510.0,518.0,225.0
465.0,114.0,363.0,178.0,332.0
434.0,90.0,438.0,178.0,208.0
236.0,143.0,534.0,315.0,335.0
326.0,171.0,567.0,424.0,300.0
425.0,140.0,361.0,361.0,728.0
206.0,107.0,661.0,191.0,400.0
395.0,53.0,361.0,366.0,468.0
508.0,93.0,315.0,178.0,217.0
301.0,134.0,660.0,286.0,150.0
301.0,102.0,431.0,518.0,531.0
425.0,138.0,398.0,458.0,271.0
424.0,177.0,245.0,283.0,452.0
395.0,135.0,450.0,639.0,475.0
365.0,58.0,468.0,311.0,587.0
457.0,96.0,574.0,337.0,490.0
390.0,101.0,524.0,289.0,98.0
206.0,209.0,448.0,296.0,284.0
520.0,168.0,443.0,262.0,401.0
456.0,76.0,735.0,999.0,999.0
289.0,140.0,585.0,126.0,469.0
332.0,93.0,228.0,426.0,441.0
373.0,71.0,378.0,625.0,591.0
242.0,116.0,398.0,504.0,438.0
228.0,100.0,361.0,311.0,404.0
542.0,106.0,310.0,525.0,611.0
297.0,147.0,525.0,408.0,407.0
262.0,106.0,509.0,284.0,391.0
289.0,209.0,443.0,262.0,587.0
308.0,138.0,280.0,184.0,310.0
692.0,102.0,361.0,469.0,587.0
504.0,168.0,265.0,218.0,245.0
448.0,106.0,361.0,349.0,531.0
295.0,194.0,322.0,390.0,498.0
508.0,147.0,399.0,156.0,318.0
425.0,108.0,371.0,154.0,523.0
337.0,79.0,621.0,268.0,391.0
497.0,100.0,567.0,353.0,511.0
410.0,183.0,626.0,343.0,332.0
270.0,118.0,280.0,121.0,232.0
465.0,40.0,501.0,166.0,256.0
362.0,113.0,114.0,337.0,419.0
288.0,198.0,460.0,182.0,394.0
471.0,113.0,234.0,344.0,534.0
542.0,193.0,386.0,262.0,502.0
297.0,168.0,872.0,166.0,587.0
488.0,104.0,525.0,343.0,512.0
542.0,113.0,610.0,99.0,65.0
159.0,106.0,322.0,283.0,271.0
409.0,109.0,398.0,458.0,618.0
164.0,95.0,573.0,366.0,320.0
410.0,51.0,342.0,129.0,256.0
927.0,95.0,393.0,595.0,531.0
464.0,129.0,660.0,335.0,502.0
395.0,85.0,164.0,337.0,503.0
344.0,124.0,785.0,166.0,282.0
519.0,132.0,402.0,217.0,278.0
361.0,116.0,567.0,343.0,333.0
469.0,113.0,265.0,99.0,25.0
288.0,108.0,448.0,315.0,530.0
563.0,85.0,543.0,182.0,256.0
266.0,154.0,419.0,178.0,282.0
425.0,84.0,512.0,330.0,456.0
183.0,129.0,365.0,294.0,530.0
362.0,85.0,466.0,40.0,25.0
206.0,90.0,489.0,311.0,523.0
425.0,247.0,489.0,130.0,292.0
410.0,99.0,525.0,182.0,512.0
329.0,112.0,686.0,166.0,228.0
184.0,88.0,397.0,414.0,264.0
516.0,68.0,398.0,121.0,256.0
183.0,18.0,553.0,94.0,495.0
410.0,175.0,164.0,202.0,282.0
329.0,283.0,695.0,359.0,431.0
184.0,198.0,999.0,123.0,300.0
457.0,126.0,397.0,94.0,223.0
302.0,121.0,560.0,304.0,282.0
251.0,97.0,496.0,283.0,406.0
447.0,88.0,554.0,283.0,353.0
506.0,132.0,30.0,132.0,515.0
395.0,169.0,513.0,384.0,612.0
701.0,67.0,389.0,424.0,612.0
296.0,206.0,430.0,226.0,454.0
522.0,110.0,334.0,336.0,98.0
381.0,207.0,429.0,390.0,463.0
362.0,249.0,501.0,304.0,419.0
308.0,95.0,379.0,426.0,469.0
425.0,132.0,377.0,315.0,395.0
320.0,219.0,405.0,430.0,538.0
191.0,999.0,574.0,333.0,571.0
289.0,159.0,496.0,300.0,167.0
409.0,249.0,450.0,283.0,284.0
337.0,146.0,619.0,284.0,332.0
457.0,106.0,686.0,486.0,569.0
275.0,58.0,570.0,286.0,146.0
425.0,88.0,365.0,184.0,308.0
520.0,121.0,509.0,518.0,395.0
456.0,100.0,999.0,525.0,398.0
455.0,53.0,429.0,275.0,256.0
464.0,130.0,328.0,353.0,490.0
447.0,283.0,378.0,294.0,332.0
332.0,89.0,540.0,178.0,335.0
295.0,146.0,364.0,366.0,465.0
206.0,110.0,339.0,218.0,504.0
467.0,118.0,442.0,601.0,490.0
191.0,950.0,572.0,366.0,454.0
497.0,100.0,23.0,304.0,391.0
297.0,130.0,512.0,113.0,271.0
409.0,45.0,410.0,424.0,588.0
488.0,40.0,509.0,318.0,292.0
256.0,135.0,541.0,304.0,441.0
425.0,106.0,468.0,154.0,398.0
373.0,90.0,384.0,486.0,498.0
270.0,73.0,378.0,283.0,284.0
237.0,170.0,490.0,191.0,221.0
410.0,96.0,223.0,283.0,503.0
574.0,108.0,431.0,296.0,303.0
467.0,145.0,567.0,336.0,187.0
246.0,115.0,526.0,263.0,123.0
111.0,175.0,410.0,486.0,453.0
434.0,80.0,256.0,626.0,463.0
172.0,57.0,468.0,626.0,405.0
373.0,14.0,256.0,411.0,418.0
354.0,112.0,368.0,315.0,293.0
251.0,248.0,398.0,333.0,298.0
502.0,102.0,764.0,109.0,229.0
365.0,62.0,482.0,318.0,284.0
307.0,13.0,525.0,275.0,503.0
206.0,108.0,581.0,97.0,175.0
329.0,93.0,310.0,294.0,418.0
0.0,124.0,402.0,408.0,308.0
467.0,79.0,328.0,330.0,538.0
456.0,135.0,539.0,306.0,363.0
390.0,52.0,23.0,601.0,434.0
394.0,124.0,402.0,276.0,424.0
491.0,106.0,399.0,443.0,228.0
508.0,156.0,513.0,595.0,401.0
295.0,86.0,385.0,518.0,199.0
447.0,256.0,377.0,441.0,538.0
193.0,248.0,431.0,81.0,284.0
354.0,110.0,570.0,154.0,367.0
488.0,107.0,482.0,156.0,401.0
292.0,154.0,524.0,126.0,217.0
636.0,249.0,250.0,129.0,284.0
344.0,203.0,334.0,349.0,367.0
9.0,138.0,379.0,316.0,515.0
425.0,71.0,347.0,622.0,628.0
339.0,76.0,339.0,223.0,421.0
183.0,194.0,363.0,349.0,264.0
471.0,169.0,785.0,999.0,999.0
236.0,140.0,357.0,626.0,591.0
504.0,87.0,603.0,196.0,268.0
238.0,223.0,226.0,647.0,284.0
409.0,84.0,361.0,0.0,195.0
425.0,58.0,421.0,311.0,434.0
241.0,86.0,660.0,283.0,191.0
505.0,113.0,351.0,189.0,221.0
190.0,161.0,661.0,109.0,53.0
457.0,97.0,525.0,469.0,282.0
251.0,112.0,585.0,315.0,405.0
244.0,999.0,626.0,343.0,395.0
500.0,76.0,509.0,330.0,695.0
206.0,145.0,540.0,286.0,390.0
563.0,107.0,135.0,262.0,504.0
520.0,40.0,999.0,504.0,628.0
201.0,40.0,567.0,306.0,400.0
359.0,106.0,513.0,518.0,523.0
244.0,121.0,661.0,461.0,587.0
361.0,146.0,364.0,220.0,389.0
542.0,57.0,513.0,268.0,310.0
359.0,36.0,581.0,311.0,367.0
431.0,106.0,361.0,166.0,335.0
252.0,102.0,431.0,306.0,503.0
465.0,184.0,351.0,129.0,302.0
238.0,102.0,411.0,622.0,549.0
506.0,86.0,429.0,284.0,398.0
209.0,115.0,402.0,626.0,523.0
183.0,107.0,421.0,130.0,298.0
505.0,170.0,525.0,190.0,261.0
668.0,132.0,534.0,347.0,228.0
262.0,105.0,442.0,283.0,588.0
425.0,109.0,430.0,155.0,214.0
237.0,140.0,431.0,232.0,463.0
184.0,70.0,560.0,220.0,284.0
288.0,198.0,575.0,81.0,571.0
478.0,52.0,556.0,601.0,499.0
337.0,90.0,366.0,284.0,300.0
206.0,100.0,442.0,426.0,453.0
192.0,121.0,429.0,343.0,268.0
315.0,89.0,525.0,430.0,569.0
241.0,132.0,505.0,97.0,175.0
236.0,219.0,399.0,249.0,341.0
339.0,143.0,357.0,217.0,264.0
999.0,106.0,726.0,69.0,65.0
478.0,89.0,735.0,270.0,424.0
403.0,108.0,315.0,411.0,358.0
403.0,76.0,539.0,304.0,339.0
259.0,90.0,393.0,283.0,523.0
638.0,73.0,340.0,411.0,523.0
434.0,87.0,364.0,300.0,391.0
505.0,118.0,574.0,330.0,25.0
478.0,108.0,526.0,223.0,292.0
275.0,247.0,447.0,275.0,436.0
457.0,76.0,582.0,486.0,553.0
449.0,68.0,386.0,595.0,499.0
494.0,99.0,560.0,361.0,332.0
491.0,140.0,543.0,40.0,0.0
184.0,118.0,328.0,304.0,517.0
417.0,177.0,393.0,227.0,225.0
297.0,107.0,476.0,99.0,271.0
999.0,115.0,496.0,155.0,282.0
89.0,248.0,543.0,518.0,475.0
256.0,82.0,417.0,227.0,263.0
149.0,132.0,23.0,353.0,377.0
425.0,18.0,567.0,626.0,611.0
251.0,106.0,575.0,297.0,332.0
449.0,102.0,399.0,275.0,377.0
193.0,113.0,339.0,622.0,217.0
458.0,209.0,448.0,443.0,229.0
457.0,107.0,223.0,156.0,245.0
270.0,95.0,442.0,344.0,588.0
373.0,116.0,417.0,306.0,264.0
494.0,121.0,402.0,219.0,296.0
488.0,102.0,453.0,200.0,523.0
508.0,105.0,385.0,297.0,468.0
456.0,123.0,393.0,347.0,346.0
191.0,138.0,556.0,40.0,292.0
251.0,65.0,603.0,275.0,468.0
295.0,110.0,347.0,371.0,502.0
300.0,116.0,361.0,296.0,394.0
403.0,209.0,578.0,359.0,453.0
289.0,108.0,556.0,315.0,401.0
390.0,146.0,572.0,432.0,389.0
238.0,98.0,603.0,182.0,436.0
395.0,14.0,385.0,40.0,146.0
209.0,138.0,538.0,286.0,468.0
292.0,248.0,361.0,189.0,123.0
390.0,209.0,442.0,356.0,468.0
465.0,147.0,570.0,608.0,728.0
690.0,209.0,540.0,608.0,530.0
508.0,110.0,572.0,121.0,284.0
390.0,14.0,621.0,286.0,592.0
192.0,121.0,334.0,232.0,124.0
464.0,247.0,327.0,284.0,395.0
252.0,132.0,806.0,330.0,278.0
508.0,102.0,574.0,123.0,333.0
273.0,53.0,567.0,311.0,582.0
478.0,132.0,431.0,330.0,454.0
301.0,112.0,581.0,449.0,404.0
149.0,0.0,402.0,424.0,490.0
294.0,194.0,442.0,315.0,233.0
157.0,58.0,496.0,276.0,327.0
89.0,14.0,361.0,288.0,568.0
361.0,107.0,342.0,195.0,449.0
289.0,97.0,534.0,154.0,502.0
390.0,124.0,512.0,474.0,587.0
191.0,140.0,371.0,411.0,511.0
638.0,9.0,543.0,286.0,424.0
556.0,96.0,340.0,168.0,264.0
270.0,45.0,661.0,432.0,453.0
409.0,51.0,525.0,94.0,225.0
411.0,102.0,570.0,999.0,999.0
326.0,207.0,509.0,81.0,225.0
765.0,53.0,576.0,306.0,335.0
395.0,86.0,429.0,93.0,538.0
644.0,140.0,384.0,286.0,486.0
152.0,58.0,450.0,411.0,264.0
364.0,51.0,23.0,411.0,536.0
520.0,109.0,431.0,166.0,208.0
409.0,40.0,429.0,410.0,490.0
297.0,139.0,234.0,328.0,427.0
295.0,203.0,506.0,304.0,293.0
361.0,198.0,686.0,297.0,300.0
413.0,36.0,364.0,525.0,405.0
392.0,76.0,660.0,562.0,517.0
275.0,107.0,525.0,93.0,300.0
315.0,66.0,429.0,63.0,0.0
190.0,110.0,538.0,189.0,534.0
473.0,58.0,638.0,195.0,347.0
491.0,109.0,541.0,525.0,446.0
505.0,136.0,560.0,195.0,232.0
241.0,108.0,385.0,411.0,618.0
289.0,95.0,661.0,333.0,468.0
201.0,120.0,365.0,113.0,571.0
183.0,104.0,543.0,191.0,225.0
302.0,999.0,806.0,524.0,517.0
395.0,200.0,322.0,191.0,424.0
339.0,96.0,234.0,518.0,454.0
0.0,200.0,695.0,168.0,264.0
157.0,161.0,512.0,304.0,332.0
434.0,110.0,426.0,283.0,339.0
395.0,90.0,361.0,43.0,284.0
395.0,209.0,405.0,361.0,523.0
326.0,105.0,419.0,359.0,499.0
638.0,115.0,442.0,283.0,384.0
206.0,121.0,576.0,283.0,341.0
216.0,79.0,361.0,146.0,327.0
373.0,223.0,999.0,999.0,999.0
497.0,91.0,447.0,219.0,418.0
425.0,118.0,371.0,318.0,434.0
294.0,73.0,448.0,121.0,568.0
392.0,110.0,328.0,335.0,454.0
539.0,105.0,421.0,262.0,588.0
244.0,105.0,385.0,296.0,517.0
192.0,203.0,539.0,218.0,469.0
520.0,110.0,430.0,424.0,553.0
183.0,130.0,267.0,219.0,271.0
999.0,200.0,488.0,347.0,268.0
395.0,133.0,448.0,414.0,411.0
927.0,18.0,443.0,518.0,580.0
413.0,143.0,327.0,121.0,306.0
301.0,58.0,660.0,219.0,367.0
291.0,110.0,234.0,195.0,271.0
469.0,45.0,429.0,501.0,300.0
447.0,106.0,0.0,390.0,353.0
456.0,51.0,339.0,525.0,612.0
690.0,120.0,170.0,449.0,611.0
259.0,125.0,576.0,601.0,502.0
506.0,118.0,405.0,306.0,332.0
364.0,102.0,234.0,94.0,468.0
152.0,134.0,228.0,311.0,530.0
295.0,147.0,695.0,184.0,332.0
392.0,123.0,468.0,154.0,232.0
252.0,105.0,585.0,501.0,327.0
297.0,169.0,448.0,371.0,358.0
457.0,113.0,525.0,315.0,298.0
241.0,116.0,411.0,390.0,568.0
373.0,58.0,366.0,168.0,420.0
395.0,126.0,328.0,132.0,252.0
288.0,109.0,426.0,265.0,256.0
289.0,73.0,525.0,308.0,453.0
473.0,104.0,351.0,94.0,124.0
619.0,132.0,513.0,304.0,391.0
331.0,132.0,660.0,306.0,512.0
294.0,146.0,660.0,123.0,53.0
329.0,97.0,334.0,424.0,404.0
362.0,132.0,512.0,223.0,333.0
390.0,200.0,385.0,647.0,606.0
449.0,146.0,819.0,146.0,549.0
394.0,101.0,334.0,486.0,503.0
256.0,102.0,411.0,153.0,618.0
0.0,38.0,570.0,336.0,569.0
469.0,143.0,575.0,195.0,245.0
246.0,67.0,582.0,501.0,284.0
522.0,82.0,30.0,294.0,384.0
692.0,130.0,421.0,146.0,256.0
394.0,97.0,339.0,294.0,395.0
339.0,88.0,426.0,411.0,306.0
354.0,108.0,429.0,601.0,436.0
508.0,256.0,512.0,283.0,476.0
295.0,118.0,872.0,154.0,167.0
471.0,80.0,575.0,81.0,98.0
370.0,66.0,677.0,504.0,257.0
312.0,100.0,801.0,38.0,256.0
425.0,195.0,422.0,286.0,332.0
373.0,111.0,357.0,196.0,544.0
252.0,106.0,164.0,284.0,392.0
516.0,138.0,256.0,525.0,504.0
381.0,36.0,447.0,289.0,123.0
237.0,111.0,384.0,315.0,427.0
9.0,223.0,365.0,525.0,534.0
331.0,108.0,695.0,177.0,376.0
519.0,90.0,541.0,718.0,493.0
111.0,88.0,510.0,223.0,333.0
542.0,156.0,509.0,275.0,308.0
491.0,200.0,621.0,432.0,618.0
434.0,132.0,342.0,218.0,611.0
395.0,90.0,340.0,306.0,407.0
320.0,52.0,567.0,296.0,300.0
520.0,89.0,543.0,146.0,284.0
307.0,104.0,223.0,579.0,392.0
178.0,57.0,410.0,338.0,493.0
307.0,106.0,379.0,132.0,401.0
668.0,85.0,357.0,191.0,465.0
192.0,102.0,429.0,288.0,475.0
494.0,198.0,526.0,275.0,571.0
291.0,195.0,422.0,370.0,264.0
425.0,102.0,342.0,353.0,531.0
359.0,206.0,488.0,242.0,400.0
491.0,112.0,512.0,263.0,502.0
370.0,125.0,511.0,226.0,320.0
285.0,121.0,267.0,182.0,476.0
491.0,132.0,385.0,130.0,530.0
701.0,115.0,361.0,316.0,367.0
308.0,132.0,525.0,283.0,199.0
164.0,106.0,510.0,177.0,217.0
458.0,104.0,339.0,300.0,310.0
251.0,138.0,496.0,411.0,320.0
464.0,90.0,402.0,337.0,498.0
542.0,51.0,448.0,356.0,256.0
354.0,115.0,660.0,430.0,292.0
410.0,113.0,567.0,424.0,476.0
201.0,130.0,567.0,999.0,999.0
457.0,248.0,801.0,356.0,400.0
296.0,115.0,543.0,286.0,284.0
337.0,106.0,429.0,191.0,300.0
315.0,66.0,482.0,347.0,318.0
337.0,85.0,484.0,93.0,468.0
455.0,82.0,541.0,242.0,293.0
508.0,73.0,310.0,353.0,456.0
320.0,102.0,512.0,524.0,503.0
692.0,209.0,525.0,311.0,453.0
242.0,120.0,512.0,94.0,97.0
409.0,86.0,506.0,155.0,588.0
237.0,115.0,442.0,390.0,517.0
152.0,104.0,361.0,424.0,530.0
403.0,118.0,567.0,408.0,341.0
644.0,0.0,764.0,146.0,100.0
252.0,71.0,626.0,491.0,482.0
307.0,193.0,385.0,247.0,469.0
206.0,140.0,361.0,424.0,427.0
241.0,116.0,366.0,338.0,333.0
464.0,125.0,543.0,349.0,495.0
266.0,85.0,342.0,184.0,264.0
434.0,95.0,450.0,999.0,298.0
183.0,67.0,540.0,999.0,999.0
344.0,121.0,509.0,93.0,452.0
244.0,70.0,476.0,390.0,468.0
206.0,105.0,490.0,184.0,303.0
636.0,138.0,419.0,359.0,97.0
410.0,999.0,525.0,275.0,398.0
152.0,79.0,686.0,121.0,187.0
409.0,82.0,801.0,353.0,420.0
409.0,107.0,514.0,113.0,187.0
300.0,106.0,512.0,200.0,252.0
410.0,102.0,490.0,132.0,332.0
246.0,134.0,384.0,343.0,232.0
332.0,209.0,405.0,297.0,394.0
275.0,104.0,327.0,223.0,407.0
270.0,66.0,363.0,106.0,252.0
395.0,139.0,23.0,390.0,536.0
232.0,96.0,361.0,308.0,404.0
339.0,97.0,540.0,223.0,504.0
190.0,129.0,402.0,347.0,449.0
238.0,101.0,334.0,294.0,298.0
300.0,132.0,543.0,249.0,523.0
502.0,193.0,575.0,83.0,335.0
539.0,73.0,226.0,94.0,308.0
431.0,100.0,114.0,275.0,392.0
668.0,194.0,170.0,336.0,389.0
392.0,58.0,411.0,359.0,463.0
89.0,168.0,578.0,328.0,438.0
294.0,107.0,539.0,268.0,498.0
206.0,138.0,265.0,366.0,400.0
365.0,120.0,357.0,347.0,468.0
508.0,118.0,135.0,315.0,424.0
505.0,58.0,322.0,443.0,517.0
159.0,134.0,265.0,288.0,569.0
307.0,106.0,438.0,311.0,256.0
164.0,90.0,862.0,40.0,217.0
296.0,106.0,490.0,999.0,695.0
539.0,51.0,534.0,241.0,292.0
458.0,126.0,512.0,227.0,394.0
638.0,175.0,364.0,94.0,0.0
690.0,999.0,484.0,191.0,214.0
467.0,194.0,429.0,579.0,530.0
508.0,73.0,450.0,190.0,187.0
295.0,58.0,265.0,129.0,420.0
206.0,207.0,419.0,217.0,587.0
425.0,88.0,361.0,262.0,199.0
563.0,109.0,339.0,226.0,306.0
244.0,62.0,397.0,443.0,504.0
392.0,58.0,582.0,678.0,418.0
292.0,105.0,567.0,424.0,303.0
294.0,68.0,610.0,518.0,531.0
403.0,139.0,543.0,94.0,475.0
300.0,45.0,661.0,411.0,271.0
307.0,138.0,357.0,308.0,530.0
359.0,67.0,310.0,390.0,536.0
506.0,104.0,506.0,426.0,728.0
270.0,80.0,368.0,43.0,384.0
241.0,107.0,525.0,263.0,333.0
409.0,203.0,764.0,330.0,392.0
273.0,140.0,621.0,308.0,517.0
434.0,200.0,226.0,289.0,264.0
513.0,108.0,501.0,268.0,569.0
455.0,171.0,490.0,93.0,225.0
434.0,125.0,411.0,263.0,353.0
410.0,183.0,567.0,337.0,332.0
638.0,108.0,447.0,0.0,303.0
307.0,203.0,386.0,262.0,327.0
455.0,118.0,275.0,366.0,421.0
425.0,87.0,399.0,123.0,587.0
354.0,102.0,526.0,424.0,495.0
392.0,89.0,226.0,153.0,310.0
469.0,206.0,540.0,155.0,261.0
488.0,156.0,524.0,353.0,568.0
542.0,58.0,567.0,184.0,411.0
522.0,170.0,510.0,525.0,490.0
201.0,132.0,575.0,223.0,465.0
390.0,248.0,378.0,132.0,223.0
339.0,76.0,389.0,343.0,456.0
424.0,14.0,619.0,439.0,523.0
494.0,140.0,402.0,318.0,404.0
315.0,111.0,660.0,296.0,300.0
425.0,136.0,0.0,132.0,363.0
320.0,107.0,524.0,343.0,225.0
228.0,132.0,430.0,366.0,468.0
563.0,102.0,610.0,196.0,284.0
331.0,193.0,328.0,262.0,454.0
331.0,118.0,686.0,247.0,582.0
364.0,105.0,553.0,242.0,358.0
400.0,58.0,764.0,262.0,512.0
149.0,13.0,476.0,335.0,418.0
505.0,96.0,450.0,311.0,341.0
339.0,97.0,543.0,315.0,282.0
390.0,113.0,170.0,257.0,318.0
469.0,130.0,275.0,469.0,611.0
295.0,92.0,660.0,315.0,431.0
278.0,40.0,250.0,528.0,98.0
410.0,97.0,660.0,218.0,404.0
395.0,58.0,514.0,449.0,523.0
585.0,71.0,363.0,336.0,407.0
331.0,109.0,363.0,146.0,261.0
206.0,110.0,398.0,337.0,257.0
504.0,138.0,361.0,515.0,221.0
574.0,184.0,267.0,316.0,245.0
241.0,200.0,660.0,353.0,376.0
296.0,110.0,526.0,184.0,390.0
273.0,58.0,525.0,189.0,150.0
193.0,93.0,466.0,359.0,475.0
392.0,82.0,695.0,40.0,256.0
447.0,40.0,443.0,315.0,407.0
301.0,145.0,534.0,283.0,167.0
339.0,100.0,436.0,217.0,245.0
297.0,147.0,660.0,424.0,401.0
270.0,135.0,582.0,443.0,512.0
431.0,86.0,476.0,304.0,549.0
294.0,183.0,436.0,94.0,150.0
164.0,66.0,482.0,275.0,256.0
237.0,108.0,389.0,504.0,591.0
506.0,106.0,450.0,318.0,406.0
184.0,97.0,357.0,318.0,282.0
392.0,118.0,450.0,424.0,296.0
491.0,106.0,572.0,491.0,531.0
927.0,76.0,578.0,262.0,628.0
457.0,125.0,453.0,319.0,376.0
467.0,106.0,677.0,283.0,421.0
331.0,207.0,351.0,504.0,187.0
409.0,132.0,581.0,300.0,421.0
506.0,95.0,256.0,249.0,582.0
285.0,95.0,488.0,439.0,306.0
516.0,84.0,554.0,411.0,333.0
237.0,108.0,621.0,337.0,282.0
519.0,90.0,389.0,524.0,582.0
400.0,132.0,572.0,263.0,523.0
302.0,121.0,466.0,132.0,282.0
232.0,140.0,368.0,226.0,446.0
520.0,118.0,660.0,223.0,255.0
701.0,200.0,334.0,426.0,612.0
241.0,133.0,315.0,639.0,571.0
668.0,113.0,660.0,410.0,538.0
395.0,197.0,582.0,439.0,420.0
395.0,209.0,442.0,486.0,468.0
242.0,102.0,192.0,622.0,292.0
425.0,107.0,398.0,430.0,296.0
183.0,171.0,226.0,432.0,592.0
494.0,133.0,267.0,242.0,511.0
191.0,73.0,705.0,286.0,504.0
337.0,89.0,489.0,370.0,225.0
206.0,118.0,340.0,242.0,346.0
270.0,156.0,540.0,338.0,511.0
465.0,65.0,398.0,410.0,531.0
149.0,71.0,302.0,318.0,282.0
246.0,177.0,245.0,361.0,167.0
927.0,133.0,576.0,130.0,271.0
471.0,51.0,999.0,223.0,523.0
395.0,67.0,490.0,343.0,453.0
692.0,110.0,170.0,999.0,999.0
542.0,118.0,327.0,626.0,612.0
410.0,57.0,509.0,288.0,531.0
320.0,110.0,368.0,263.0,124.0
481.0,102.0,280.0,308.0,199.0
520.0,111.0,484.0,328.0,419.0
362.0,198.0,660.0,263.0,427.0
206.0,113.0,328.0,336.0,391.0
315.0,93.0,378.0,384.0,503.0
292.0,102.0,164.0,130.0,353.0
481.0,40.0,339.0,469.0,504.0
500.0,106.0,496.0,155.0,347.0
690.0,70.0,443.0,296.0,255.0
296.0,104.0,410.0,318.0,427.0
326.0,66.0,417.0,678.0,611.0
506.0,126.0,526.0,195.0,502.0
285.0,118.0,501.0,359.0,419.0
149.0,90.0,365.0,275.0,353.0
259.0,138.0,328.0,338.0,390.0
448.0,96.0,226.0,297.0,538.0
295.0,93.0,357.0,504.0,486.0
183.0,58.0,431.0,486.0,490.0
332.0,73.0,801.0,223.0,284.0
238.0,104.0,322.0,315.0,225.0
183.0,87.0,431.0,270.0,0.0
307.0,193.0,275.0,177.0,245.0
424.0,161.0,267.0,678.0,515.0
505.0,207.0,448.0,268.0,452.0
690.0,118.0,448.0,166.0,332.0
172.0,106.0,582.0,333.0,476.0
390.0,207.0,658.0,601.0,424.0
236.0,112.0,327.0,155.0,469.0
392.0,67.0,328.0,288.0,517.0
359.0,106.0,638.0,121.0,476.0
362.0,106.0,466.0,121.0,221.0
469.0,102.0,442.0,94.0,175.0
206.0,115.0,114.0,109.0,418.0
307.0,102.0,286.0,191.0,214.0
458.0,161.0,0.0,524.0,296.0
458.0,159.0,560.0,297.0,214.0
478.0,106.0,322.0,518.0,293.0
288.0,110.0,506.0,601.0,449.0
252.0,68.0,572.0,132.0,124.0
238.0,105.0,164.0,129.0,167.0
242.0,96.0,442.0,344.0,452.0
473.0,133.0,582.0,192.0,320.0
242.0,118.0,476.0,344.0,606.0
308.0,108.0,735.0,353.0,544.0
481.0,38.0,534.0,353.0,367.0
434.0,71.0,512.0,99.0,263.0
410.0,73.0,573.0,153.0,293.0
373.0,169.0,490.0,335.0,282.0
359.0,115.0,525.0,318.0,367.0
417.0,73.0,410.0,311.0,538.0
465.0,109.0,512.0,184.0,232.0
289.0,52.0,135.0,249.0,339.0
184.0,140.0,379.0,315.0,611.0
246.0,97.0,275.0,319.0,310.0
329.0,71.0,572.0,515.0,419.0
262.0,121.0,512.0,639.0,628.0
424.0,108.0,638.0,93.0,225.0
326.0,121.0,538.0,262.0,376.0
370.0,87.0,322.0,123.0,252.0
183.0,115.0,0.0,311.0,25.0
394.0,91.0,512.0,443.0,582.0
307.0,93.0,328.0,200.0,341.0
392.0,140.0,512.0,370.0,452.0
455.0,106.0,365.0,353.0,418.0
690.0,96.0,541.0,626.0,394.0
242.0,146.0,429.0,515.0,618.0
296.0,84.0,509.0,474.0,284.0
502.0,161.0,389.0,184.0,264.0
457.0,44.0,402.0,579.0,384.0
746.0,145.0,540.0,154.0,332.0
339.0,73.0,429.0,276.0,465.0
339.0,58.0,510.0,0.0,427.0
307.0,113.0,328.0,595.0,618.0
320.0,256.0,339.0,474.0,499.0
183.0,95.0,524.0,300.0,217.0
252.0,102.0,429.0,154.0,517.0
542.0,67.0,340.0,595.0,223.0
320.0,91.0,735.0,81.0,245.0
395.0,107.0,582.0,289.0,420.0
307.0,247.0,365.0,370.0,245.0
295.0,105.0,585.0,226.0,302.0
295.0,168.0,267.0,308.0,420.0
638.0,950.0,442.0,504.0,341.0
491.0,247.0,429.0,283.0,225.0
473.0,168.0,405.0,370.0,284.0
183.0,247.0,397.0,275.0,398.0
365.0,92.0,567.0,106.0,65.0
296.0,138.0,363.0,333.0,333.0
201.0,109.0,543.0,469.0,232.0
504.0,114.0,576.0,242.0,332.0
488.0,112.0,366.0,275.0,333.0
464.0,82.0,658.0,625.0,695.0
244.0,169.0,514.0,93.0,199.0
473.0,87.0,443.0,579.0,591.0
471.0,198.0,357.0,270.0,530.0
295.0,66.0,484.0,97.0,465.0
302.0,209.0,488.0,424.0,400.0
312.0,106.0,398.0,304.0,434.0
236.0,97.0,490.0,410.0,580.0
275.0,248.0,447.0,353.0,400.0
471.0,146.0,543.0,166.0,256.0
332.0,95.0,509.0,121.0,502.0
183.0,247.0,496.0,562.0,569.0
447.0,106.0,310.0,318.0,97.0
331.0,140.0,389.0,458.0,499.0
184.0,145.0,421.0,359.0,504.0
390.0,53.0,872.0,424.0,504.0
362.0,147.0,410.0,443.0,511.0
539.0,126.0,538.0,153.0,531.0
270.0,129.0,334.0,223.0,407.0
449.0,209.0,695.0,83.0,271.0
516.0,106.0,361.0,353.0,389.0
296.0,139.0,621.0,424.0,504.0
285.0,90.0,525.0,333.0,407.0
237.0,109.0,397.0,94.0,300.0
294.0,168.0,661.0,469.0,530.0
292.0,249.0,554.0,491.0,405.0
359.0,134.0,567.0,678.0,376.0
504.0,113.0,448.0,275.0,476.0
373.0,53.0,410.0,286.0,296.0
339.0,71.0,490.0,353.0,421.0
237.0,116.0,357.0,347.0,465.0
500.0,102.0,512.0,432.0,339.0
392.0,66.0,327.0,218.0,468.0
241.0,139.0,302.0,430.0,476.0
516.0,110.0,543.0,311.0,465.0
315.0,67.0,0.0,304.0,245.0
252.0,82.0,448.0,626.0,468.0
500.0,44.0,560.0,411.0,490.0
312.0,110.0,525.0,504.0,517.0
999.0,90.0,397.0,343.0,123.0
392.0,71.0,578.0,94.0,306.0
337.0,90.0,512.0,154.0,411.0
449.0,73.0,361.0,145.0,407.0
193.0,135.0,368.0,304.0,394.0
236.0,96.0,524.0,217.0,225.0
252.0,206.0,30.0,109.0,571.0
252.0,249.0,393.0,316.0,264.0
424.0,58.0,328.0,359.0,476.0
516.0,73.0,748.0,99.0,97.0
425.0,91.0,245.0,123.0,346.0
297.0,207.0,431.0,189.0,300.0
159.0,95.0,506.0,106.0,150.0
585.0,58.0,438.0,121.0,611.0
400.0,110.0,328.0,304.0,195.0
668.0,109.0,426.0,353.0,463.0
259.0,132.0,496.0,268.0,407.0
392.0,111.0,543.0,83.0,300.0
692.0,108.0,509.0,132.0,25.0
232.0,68.0,785.0,220.0,591.0
508.0,79.0,526.0,518.0,346.0
542.0,146.0,638.0,106.0,199.0
469.0,67.0,660.0,226.0,376.0
458.0,100.0,371.0,315.0,553.0
333.0,138.0,267.0,359.0,332.0
295.0,53.0,422.0,518.0,252.0
301.0,110.0,429.0,390.0,582.0
9.0,76.0,539.0,335.0,389.0
331.0,115.0,534.0,113.0,517.0
465.0,146.0,525.0,154.0,256.0
159.0,170.0,389.0,579.0,534.0
409.0,51.0,339.0,190.0,225.0
447.0,86.0,365.0,93.0,476.0
308.0,200.0,365.0,304.0,339.0
690.0,67.0,397.0,275.0,195.0
690.0,184.0,371.0,283.0,320.0
506.0,146.0,578.0,311.0,517.0
500.0,58.0,603.0,268.0,228.0
270.0,999.0,748.0,411.0,523.0
395.0,124.0,361.0,432.0,499.0
315.0,66.0,540.0,426.0,25.0
411.0,126.0,426.0,335.0,225.0
228.0,106.0,192.0,220.0,390.0
246.0,203.0,334.0,524.0,553.0
332.0,168.0,476.0,999.0,493.0
522.0,76.0,511.0,296.0,191.0
362.0,121.0,540.0,275.0,98.0
392.0,97.0,513.0,155.0,308.0
413.0,102.0,422.0,626.0,569.0
690.0,93.0,514.0,424.0,353.0
471.0,126.0,660.0,126.0,221.0
434.0,76.0,393.0,217.0,245.0
424.0,113.0,188.0,126.0,571.0
519.0,100.0,660.0,441.0,502.0
449.0,209.0,411.0,390.0,232.0
465.0,45.0,114.0,268.0,293.0
238.0,140.0,422.0,622.0,504.0
434.0,113.0,114.0,177.0,278.0
206.0,107.0,328.0,625.0,503.0
296.0,92.0,411.0,262.0,392.0
252.0,113.0,484.0,414.0,453.0
288.0,58.0,364.0,338.0,223.0
765.0,73.0,426.0,289.0,284.0
278.0,100.0,192.0,155.0,292.0
765.0,169.0,402.0,414.0,503.0
295.0,118.0,466.0,94.0,538.0
192.0,138.0,365.0,297.0,569.0
395.0,93.0,361.0,242.0,232.0
308.0,67.0,365.0,126.0,308.0
332.0,249.0,619.0,306.0,530.0
488.0,109.0,488.0,283.0,463.0
252.0,106.0,677.0,130.0,389.0
458.0,88.0,357.0,333.0,592.0
183.0,118.0,538.0,130.0,398.0
481.0,65.0,228.0,356.0,367.0
359.0,168.0,496.0,449.0,175.0
434.0,124.0,385.0,469.0,482.0
424.0,134.0,402.0,132.0,298.0
409.0,203.0,361.0,110.0,264.0
636.0,999.0,574.0,268.0,400.0
520.0,97.0,385.0,625.0,606.0
569.0,106.0,397.0,622.0,502.0
344.0,44.0,490.0,449.0,498.0
241.0,58.0,511.0,315.0,618.0
370.0,135.0,327.0,126.0,407.0
206.0,89.0,397.0,40.0,123.0
569.0,171.0,398.0,184.0,453.0
447.0,193.0,496.0,370.0,588.0
478.0,111.0,361.0,294.0,531.0
364.0,135.0,560.0,94.0,308.0
425.0,97.0,513.0,504.0,367.0
164.0,200.0,342.0,94.0,284.0
288.0,89.0,603.0,469.0,536.0
111.0,120.0,581.0,200.0,353.0
332.0,73.0,357.0,343.0,0.0
329.0,171.0,384.0,524.0,456.0
241.0,102.0,30.0,337.0,401.0
927.0,66.0,265.0,414.0,499.0
500.0,71.0,334.0,223.0,256.0
390.0,107.0,385.0,242.0,341.0
746.0,71.0,371.0,333.0,517.0
332.0,58.0,764.0,430.0,531.0
465.0,161.0,322.0,386.0,434.0
291.0,57.0,328.0,217.0,310.0
251.0,159.0,442.0,126.0,391.0
275.0,207.0,322.0,311.0,407.0
424.0,140.0,328.0,525.0,303.0
413.0,112.0,525.0,138.0,252.0
668.0,118.0,553.0,192.0,339.0
574.0,168.0,339.0,189.0,268.0
630.0,62.0,626.0,411.0,695.0
192.0,140.0,328.0,371.0,293.0
302.0,110.0,448.0,217.0,245.0
411.0,105.0,496.0,196.0,512.0
458.0,90.0,340.0,333.0,498.0
344.0,154.0,572.0,337.0,469.0
497.0,159.0,328.0,276.0,278.0
244.0,118.0,250.0,227.0,333.0
206.0,66.0,512.0,191.0,384.0
244.0,132.0,514.0,283.0,499.0
390.0,108.0,327.0,338.0,582.0
183.0,92.0,513.0,647.0,618.0
638.0,106.0,460.0,283.0,418.0
242.0,132.0,368.0,486.0,503.0
288.0,200.0,556.0,129.0,306.0
455.0,139.0,377.0,219.0,256.0
364.0,168.0,114.0,217.0,320.0
373.0,76.0,453.0,40.0,255.0
636.0,87.0,509.0,318.0,588.0
488.0,113.0,280.0,286.0,446.0
542.0,121.0,610.0,283.0,347.0
236.0,206.0,267.0,411.0,517.0
630.0,105.0,363.0,504.0,456.0
638.0,97.0,785.0,153.0,298.0
332.0,108.0,501.0,386.0,468.0
344.0,85.0,443.0,608.0,530.0
668.0,36.0,638.0,249.0,353.0
307.0,523.0,164.0,441.0,549.0
266.0,86.0,327.0,424.0,534.0
242.0,96.0,357.0,625.0,420.0
409.0,130.0,660.0,486.0,453.0
395.0,105.0,448.0,263.0,592.0
410.0,100.0,357.0,318.0,453.0
320.0,58.0,442.0,275.0,123.0
252.0,118.0,448.0,304.0,449.0
172.0,115.0,378.0,130.0,256.0
513.0,146.0,442.0,318.0,486.0
465.0,120.0,228.0,390.0,456.0
307.0,134.0,509.0,226.0,306.0
332.0,93.0,365.0,154.0,264.0
184.0,106.0,621.0,275.0,618.0
191.0,40.0,448.0,168.0,517.0
480.0,9.0,426.0,166.0,123.0
491.0,146.0,377.0,386.0,418.0
9.0,82.0,496.0,146.0,332.0
157.0,200.0,226.0,219.0,252.0
307.0,107.0,429.0,113.0,263.0
373.0,140.0,567.0,424.0,517.0
425.0,53.0,453.0,241.0,553.0
256.0,76.0,322.0,306.0,463.0
251.0,45.0,489.0,192.0,363.0
701.0,73.0,554.0,328.0,394.0
266.0,95.0,397.0,270.0,407.0
447.0,154.0,267.0,63.0,465.0
236.0,66.0,525.0,109.0,208.0
308.0,36.0,575.0,328.0,284.0
312.0,76.0,280.0,608.0,53.0
508.0,102.0,385.0,328.0,453.0
312.0,156.0,328.0,328.0,339.0
413.0,129.0,482.0,63.0,225.0
513.0,140.0,448.0,195.0,256.0
410.0,71.0,543.0,283.0,228.0
542.0,92.0,379.0,283.0,284.0
927.0,90.0,819.0,226.0,327.0
508.0,135.0,363.0,343.0,367.0
434.0,109.0,514.0,361.0,303.0
636.0,99.0,378.0,192.0,124.0
302.0,169.0,334.0,286.0,530.0
478.0,85.0,280.0,184.0,264.0
259.0,90.0,419.0,156.0,175.0
458.0,106.0,443.0,328.0,225.0
410.0,124.0,422.0,263.0,245.0
644.0,193.0,342.0,678.0,395.0
469.0,143.0,567.0,283.0,228.0
506.0,67.0,626.0,265.0,592.0
447.0,102.0,378.0,595.0,421.0
636.0,209.0,411.0,226.0,384.0
434.0,124.0,525.0,353.0,465.0
469.0,106.0,578.0,338.0,530.0
563.0,66.0,267.0,338.0,391.0
630.0,106.0,389.0,184.0,606.0
191.0,138.0,806.0,284.0,300.0
520.0,106.0,385.0,223.0,341.0
331.0,45.0,334.0,359.0,476.0
417.0,120.0,501.0,304.0,256.0
157.0,110.0,23.0,106.0,549.0
270.0,66.0,419.0,192.0,544.0
237.0,154.0,429.0,424.0,582.0
364.0,101.0,228.0,319.0,268.0
292.0,108.0,496.0,178.0,282.0
455.0,106.0,192.0,349.0,454.0
481.0,71.0,764.0,424.0,367.0
508.0,58.0,581.0,192.0,431.0
508.0,118.0,567.0,371.0,534.0
184.0,170.0,192.0,515.0,511.0
692.0,90.0,554.0,308.0,424.0
201.0,85.0,417.0,443.0,353.0
390.0,168.0,340.0,311.0,406.0
241.0,129.0,328.0,390.0,493.0
394.0,145.0,496.0,113.0,191.0
434.0,143.0,576.0,430.0,427.0
373.0,104.0,430.0,184.0,252.0
425.0,67.0,327.0,83.0,97.0
505.0,132.0,567.0,430.0,587.0
206.0,200.0,429.0,410.0,571.0
216.0,147.0,448.0,411.0,490.0
504.0,138.0,23.0,184.0,333.0
395.0,116.0,660.0,626.0,503.0
236.0,66.0,192.0,283.0,341.0
516.0,115.0,135.0,353.0,394.0
252.0,105.0,543.0,524.0,419.0
201.0,85.0,450.0,132.0,100.0
373.0,58.0,695.0,333.0,446.0
228.0,197.0,448.0,106.0,271.0
206.0,132.0,339.0,474.0,282.0
256.0,116.0,576.0,99.0,208.0
246.0,109.0,534.0,486.0,612.0
425.0,105.0,570.0,275.0,427.0
373.0,108.0,402.0,424.0,456.0
447.0,159.0,785.0,110.0,499.0
370.0,125.0,534.0,126.0,233.0
574.0,66.0,538.0,156.0,245.0
644.0,66.0,453.0,217.0,332.0
307.0,121.0,509.0,83.0,486.0
289.0,200.0,872.0,318.0,392.0
302.0,76.0,250.0,333.0,530.0
409.0,102.0,188.0,336.0,463.0
359.0,154.0,543.0,343.0,406.0
216.0,66.0,384.0,315.0,530.0
307.0,145.0,361.0,518.0,490.0
465.0,80.0,660.0,344.0,517.0
320.0,79.0,603.0,306.0,292.0
638.0,91.0,496.0,38.0,268.0
315.0,107.0,509.0,501.0,446.0
297.0,121.0,512.0,353.0,587.0
464.0,90.0,488.0,318.0,449.0
392.0,118.0,574.0,110.0,282.0
434.0,58.0,364.0,242.0,389.0
585.0,95.0,342.0,504.0,549.0
373.0,108.0,402.0,154.0,167.0
542.0,109.0,357.0,262.0,465.0
295.0,206.0,540.0,328.0,523.0
494.0,950.0,526.0,182.0,493.0
480.0,101.0,402.0,316.0,504.0
927.0,130.0,280.0,184.0,282.0
275.0,132.0,410.0,155.0,284.0
449.0,53.0,438.0,306.0,390.0
344.0,195.0,572.0,311.0,310.0
266.0,132.0,357.0,226.0,333.0
238.0,113.0,726.0,226.0,419.0
417.0,100.0,538.0,154.0,123.0
522.0,197.0,538.0,223.0,495.0
494.0,62.0,556.0,247.0,390.0
278.0,90.0,466.0,371.0,499.0
296.0,110.0,328.0,525.0,569.0
638.0,184.0,578.0,286.0,228.0
413.0,106.0,570.0,311.0,406.0
381.0,76.0,658.0,501.0,502.0
252.0,79.0,512.0,63.0,530.0
478.0,96.0,436.0,344.0,278.0
410.0,194.0,660.0,195.0,332.0
630.0,118.0,505.0,286.0,255.0
237.0,145.0,310.0,491.0,391.0
410.0,195.0,357.0,458.0,587.0
481.0,126.0,419.0,126.0,453.0
502.0,133.0,275.0,384.0,223.0
636.0,207.0,192.0,247.0,302.0
183.0,107.0,572.0,311.0,465.0
500.0,248.0,364.0,123.0,341.0
157.0,82.0,384.0,223.0,318.0
434.0,118.0,512.0,579.0,591.0
184.0,135.0,806.0,132.0,292.0
275.0,124.0,514.0,319.0,404.0
638.0,132.0,468.0,304.0,302.0
89.0,13.0,385.0,192.0,582.0
331.0,115.0,280.0,353.0,568.0
307.0,102.0,581.0,249.0,335.0
502.0,71.0,619.0,625.0,569.0
252.0,76.0,748.0,647.0,582.0
425.0,97.0,402.0,99.0,308.0
149.0,104.0,540.0,335.0,582.0
307.0,159.0,378.0,328.0,394.0
288.0,100.0,361.0,109.0,531.0
494.0,71.0,512.0,283.0,406.0
329.0,65.0,448.0,349.0,335.0
500.0,80.0,135.0,601.0,358.0
354.0,96.0,429.0,297.0,612.0
556.0,106.0,421.0,353.0,310.0
216.0,90.0,280.0,192.0,0.0
184.0,58.0,541.0,218.0,446.0
434.0,82.0,443.0,304.0,419.0
392.0,124.0,496.0,241.0,591.0
999.0,133.0,512.0,63.0,167.0
457.0,73.0,525.0,439.0,264.0
395.0,175.0,621.0,241.0,229.0
464.0,197.0,430.0,223.0,486.0
294.0,93.0,402.0,338.0,398.0
184.0,262.0,476.0,311.0,568.0
516.0,146.0,496.0,283.0,419.0
473.0,97.0,363.0,315.0,339.0
183.0,100.0,322.0,145.0,214.0
638.0,133.0,514.0,297.0,394.0
275.0,248.0,582.0,219.0,245.0
159.0,107.0,0.0,184.0,282.0
365.0,198.0,466.0,359.0,517.0
159.0,134.0,443.0,182.0,449.0
467.0,132.0,512.0,353.0,392.0
365.0,70.0,574.0,286.0,367.0
183.0,129.0,426.0,270.0,418.0
522.0,183.0,422.0,268.0,427.0
237.0,90.0,511.0,286.0,490.0
522.0,198.0,576.0,353.0,427.0
395.0,125.0,524.0,333.0,395.0
216.0,132.0,525.0,283.0,389.0
302.0,249.0,421.0,491.0,591.0
465.0,146.0,436.0,337.0,446.0
332.0,106.0,192.0,110.0,261.0
619.0,106.0,582.0,410.0,569.0
480.0,120.0,686.0,40.0,53.0
690.0,124.0,460.0,94.0,278.0
228.0,134.0,539.0,249.0,318.0
644.0,223.0,364.0,504.0,515.0
390.0,175.0,660.0,338.0,469.0
542.0,184.0,560.0,219.0,332.0
331.0,105.0,573.0,343.0,332.0
307.0,102.0,448.0,304.0,278.0
252.0,129.0,560.0,286.0,353.0
644.0,110.0,267.0,782.0,517.0
184.0,107.0,460.0,218.0,223.0
252.0,71.0,512.0,283.0,363.0
362.0,92.0,534.0,361.0,446.0
467.0,0.0,361.0,110.0,282.0
236.0,97.0,93.0,408.0,404.0
574.0,14.0,488.0,110.0,232.0
246.0,79.0,476.0,43.0,245.0
563.0,200.0,405.0,195.0,335.0
262.0,87.0,442.0,247.0,199.0
307.0,67.0,501.0,226.0,392.0
252.0,200.0,363.0,227.0,376.0
206.0,138.0,430.0,153.0,221.0
506.0,97.0,554.0,296.0,465.0
690.0,113.0,541.0,146.0,282.0
331.0,118.0,543.0,304.0,271.0
392.0,209.0,361.0,504.0,592.0
556.0,140.0,509.0,268.0,531.0
585.0,140.0,510.0,525.0,454.0
542.0,140.0,361.0,424.0,333.0
508.0,168.0,405.0,297.0,424.0
149.0,73.0,538.0,110.0,100.0
506.0,102.0,250.0,192.0,282.0
326.0,194.0,447.0,286.0,367.0
216.0,138.0,506.0,595.0,469.0
478.0,132.0,575.0,424.0,531.0
275.0,96.0,361.0,524.0,591.0
409.0,139.0,310.0,343.0,208.0
434.0,91.0,371.0,469.0,395.0
320.0,102.0,429.0,99.0,282.0
409.0,121.0,626.0,528.0,406.0
542.0,102.0,506.0,155.0,256.0
413.0,118.0,442.0,424.0,482.0
365.0,14.0,581.0,335.0,427.0
370.0,95.0,543.0,297.0,228.0
448.0,107.0,419.0,202.0,263.0
500.0,132.0,510.0,275.0,367.0
206.0,44.0,764.0,182.0,523.0
471.0,110.0,496.0,458.0,389.0
359.0,106.0,509.0,411.0,591.0
315.0,82.0,748.0,242.0,303.0
465.0,109.0,322.0,126.0,233.0
494.0,132.0,361.0,304.0,339.0
320.0,111.0,448.0,441.0,255.0
455.0,97.0,0.0,241.0,420.0
339.0,91.0,402.0,469.0,549.0
285.0,91.0,448.0,226.0,390.0
480.0,132.0,801.0,491.0,523.0
295.0,184.0,539.0,184.0,504.0
464.0,102.0,501.0,226.0,257.0
409.0,145.0,525.0,226.0,454.0
373.0,52.0,999.0,184.0,264.0
373.0,133.0,496.0,241.0,401.0
273.0,87.0,347.0,83.0,318.0
320.0,133.0,429.0,311.0,296.0
228.0,87.0,610.0,43.0,278.0
201.0,65.0,23.0,286.0,390.0
339.0,106.0,578.0,155.0,284.0
585.0,108.0,379.0,424.0,292.0
434.0,87.0,351.0,625.0,999.0
329.0,132.0,234.0,999.0,999.0
417.0,88.0,510.0,338.0,406.0
183.0,40.0,361.0,289.0,407.0
638.0,168.0,484.0,40.0,502.0
0.0,102.0,660.0,94.0,332.0
292.0,40.0,378.0,129.0,150.0
251.0,13.0,421.0,595.0,452.0
519.0,109.0,429.0,184.0,534.0
390.0,140.0,619.0,38.0,268.0
458.0,168.0,328.0,94.0,411.0
285.0,66.0,448.0,217.0,191.0
285.0,177.0,626.0,308.0,475.0
494.0,73.0,340.0,226.0,389.0
471.0,121.0,448.0,284.0,191.0
157.0,57.0,539.0,411.0,523.0
505.0,132.0,226.0,424.0,544.0
411.0,248.0,526.0,330.0,390.0
690.0,126.0,363.0,132.0,419.0
458.0,58.0,339.0,184.0,453.0
152.0,53.0,368.0,622.0,569.0
469.0,112.0,265.0,263.0,346.0
542.0,82.0,357.0,449.0,398.0
241.0,115.0,576.0,182.0,284.0
302.0,91.0,30.0,469.0,612.0
206.0,101.0,819.0,353.0,431.0
191.0,71.0,368.0,316.0,332.0
636.0,91.0,342.0,123.0,208.0
157.0,114.0,371.0,504.0,195.0
206.0,96.0,342.0,178.0,225.0
390.0,195.0,361.0,639.0,504.0
630.0,71.0,509.0,155.0,199.0
539.0,13.0,448.0,344.0,256.0
500.0,121.0,402.0,296.0,353.0
238.0,106.0,660.0,353.0,591.0
409.0,106.0,567.0,283.0,252.0
237.0,198.0,223.0,109.0,225.0
520.0,90.0,582.0,110.0,353.0
275.0,999.0,468.0,97.0,123.0
516.0,999.0,384.0,184.0,453.0
236.0,76.0,378.0,311.0,538.0
354.0,107.0,30.0,474.0,569.0
159.0,97.0,365.0,333.0,310.0
690.0,110.0,572.0,424.0,523.0
209.0,140.0,556.0,286.0,389.0
425.0,79.0,567.0,43.0,268.0
636.0,112.0,328.0,178.0,229.0
152.0,130.0,170.0,461.0,475.0
302.0,207.0,819.0,130.0,406.0
403.0,125.0,228.0,311.0,341.0
390.0,115.0,448.0,424.0,618.0
431.0,147.0,363.0,286.0,695.0
456.0,115.0,621.0,595.0,503.0
289.0,108.0,496.0,184.0,292.0
516.0,82.0,340.0,504.0,580.0
431.0,193.0,806.0,106.0,512.0
201.0,125.0,442.0,525.0,367.0
395.0,197.0,385.0,469.0,257.0
307.0,133.0,267.0,311.0,406.0
359.0,113.0,582.0,0.0,0.0
89.0,146.0,442.0,304.0,310.0
373.0,90.0,368.0,432.0,434.0
500.0,132.0,538.0,242.0,377.0
252.0,138.0,402.0,296.0,394.0
295.0,90.0,705.0,330.0,284.0
417.0,107.0,525.0,93.0,214.0
448.0,101.0,419.0,424.0,341.0
241.0,134.0,430.0,294.0,318.0
320.0,118.0,482.0,218.0,303.0
184.0,52.0,421.0,343.0,490.0
315.0,106.0,280.0,300.0,208.0
392.0,108.0,334.0,297.0,284.0
209.0,57.0,554.0,202.0,346.0
467.0,95.0,554.0,184.0,310.0
362.0,177.0,539.0,384.0,498.0
417.0,98.0,421.0,226.0,568.0
354.0,149.0,489.0,154.0,300.0
241.0,73.0,347.0,129.0,531.0
191.0,171.0,286.0,223.0,377.0
270.0,92.0,556.0,414.0,553.0
297.0,91.0,705.0,268.0,454.0
273.0,97.0,402.0,286.0,419.0
395.0,87.0,574.0,518.0,498.0
411.0,139.0,339.0,223.0,284.0
467.0,147.0,398.0,294.0,252.0
500.0,102.0,361.0,283.0,353.0
164.0,168.0,442.0,275.0,592.0
228.0,40.0,525.0,97.0,208.0
563.0,73.0,476.0,275.0,263.0
644.0,106.0,328.0,315.0,199.0
508.0,184.0,554.0,449.0,465.0
373.0,58.0,543.0,504.0,695.0
563.0,66.0,328.0,524.0,391.0
273.0,146.0,328.0,40.0,146.0
585.0,102.0,357.0,353.0,427.0
425.0,76.0,572.0,410.0,503.0
244.0,203.0,677.0,168.0,456.0
300.0,71.0,363.0,384.0,256.0
273.0,44.0,363.0,155.0,405.0
619.0,80.0,488.0,315.0,407.0
471.0,96.0,398.0,315.0,404.0
431.0,67.0,438.0,129.0,256.0
542.0,118.0,256.0,353.0,310.0
178.0,89.0,443.0,328.0,611.0
395.0,134.0,567.0,156.0,271.0
301.0,138.0,397.0,316.0,530.0
294.0,102.0,442.0,94.0,100.0
927.0,70.0,342.0,155.0,511.0
505.0,107.0,234.0,304.0,568.0
241.0,105.0,661.0,328.0,404.0
473.0,133.0,419.0,411.0,582.0
425.0,102.0,419.0,97.0,293.0
364.0,146.0,660.0,336.0,530.0
178.0,108.0,638.0,43.0,420.0
252.0,76.0,540.0,424.0,606.0
410.0,123.0,509.0,304.0,463.0
425.0,90.0,357.0,486.0,367.0
390.0,106.0,506.0,424.0,419.0
395.0,97.0,490.0,289.0,347.0
278.0,90.0,426.0,190.0,284.0
331.0,73.0,448.0,353.0,293.0
251.0,91.0,379.0,366.0,332.0
285.0,206.0,453.0,262.0,300.0
520.0,92.0,393.0,38.0,223.0
307.0,52.0,429.0,349.0,571.0
465.0,90.0,450.0,328.0,284.0
539.0,115.0,677.0,595.0,544.0
690.0,106.0,339.0,146.0,284.0
373.0,38.0,488.0,155.0,424.0
638.0,118.0,578.0,263.0,530.0
362.0,112.0,543.0,608.0,538.0
455.0,126.0,357.0,121.0,569.0
216.0,129.0,56.0,361.0,454.0
927.0,62.0,484.0,410.0,436.0
500.0,135.0,514.0,356.0,523.0
183.0,135.0,581.0,370.0,592.0
491.0,130.0,726.0,219.0,335.0
449.0,91.0,541.0,126.0,25.0
434.0,950.0,541.0,311.0,523.0
237.0,247.0,443.0,123.0,531.0
337.0,132.0,422.0,40.0,452.0
252.0,143.0,801.0,296.0,530.0
522.0,113.0,361.0,439.0,376.0
504.0,58.0,570.0,441.0,530.0
312.0,90.0,384.0,106.0,469.0
636.0,133.0,484.0,518.0,611.0
252.0,53.0,806.0,249.0,284.0
270.0,193.0,806.0,432.0,420.0
242.0,73.0,677.0,328.0,568.0
504.0,130.0,572.0,330.0,504.0
273.0,115.0,397.0,639.0,446.0
259.0,79.0,496.0,43.0,221.0
252.0,161.0,363.0,353.0,424.0
333.0,111.0,436.0,319.0,292.0
630.0,118.0,448.0,94.0,175.0
456.0,86.0,526.0,106.0,341.0
455.0,146.0,442.0,525.0,523.0
395.0,130.0,560.0,608.0,475.0
425.0,136.0,280.0,294.0,221.0
326.0,57.0,538.0,0.0,0.0
172.0,108.0,442.0,501.0,531.0
159.0,79.0,705.0,306.0,341.0
478.0,40.0,575.0,223.0,339.0
178.0,105.0,560.0,268.0,384.0
183.0,200.0,386.0,528.0,517.0
465.0,134.0,512.0,196.0,536.0
619.0,18.0,581.0,146.0,255.0
228.0,108.0,705.0,353.0,263.0
556.0,121.0,340.0,138.0,298.0
392.0,159.0,438.0,347.0,327.0
395.0,283.0,135.0,999.0,353.0
320.0,57.0,286.0,304.0,395.0
539.0,100.0,267.0,109.0,391.0
216.0,86.0,539.0,283.0,438.0
244.0,200.0,310.0,218.0,332.0
542.0,93.0,398.0,153.0,367.0
395.0,197.0,509.0,217.0,335.0
692.0,102.0,509.0,43.0,256.0
159.0,146.0,357.0,349.0,456.0
365.0,102.0,512.0,311.0,298.0
395.0,109.0,539.0,311.0,411.0
455.0,139.0,365.0,178.0,225.0
392.0,120.0,223.0,390.0,390.0
252.0,203.0,610.0,94.0,65.0
508.0,106.0,556.0,63.0,282.0
506.0,999.0,443.0,226.0,406.0
288.0,108.0,567.0,296.0,175.0
326.0,132.0,315.0,184.0,332.0
409.0,40.0,363.0,0.0,195.0
184.0,107.0,385.0,411.0,438.0
390.0,121.0,436.0,184.0,347.0
183.0,121.0,421.0,283.0,407.0
292.0,65.0,361.0,195.0,214.0
183.0,100.0,315.0,458.0,419.0
291.0,139.0,365.0,306.0,195.0
291.0,108.0,573.0,782.0,606.0
469.0,58.0,575.0,93.0,284.0
359.0,206.0,575.0,408.0,389.0
409.0,51.0,361.0,43.0,233.0
307.0,73.0,361.0,138.0,728.0
354.0,62.0,315.0,195.0,263.0
494.0,95.0,448.0,330.0,606.0
337.0,67.0,256.0,130.0,465.0
178.0,106.0,340.0,168.0,252.0
927.0,168.0,419.0,189.0,223.0
542.0,133.0,999.0,153.0,252.0
252.0,98.0,496.0,226.0,531.0
522.0,249.0,862.0,227.0,333.0
520.0,145.0,93.0,283.0,363.0
448.0,108.0,447.0,353.0,465.0
184.0,109.0,340.0,647.0,531.0
315.0,170.0,450.0,275.0,454.0
563.0,91.0,410.0,410.0,544.0
447.0,156.0,468.0,601.0,571.0
0.0,129.0,496.0,262.0,419.0
457.0,139.0,610.0,63.0,300.0
701.0,135.0,570.0,319.0,498.0
242.0,40.0,453.0,275.0,400.0
256.0,98.0,286.0,386.0,728.0
278.0,84.0,726.0,386.0,591.0
238.0,207.0,526.0,579.0,582.0
256.0,80.0,576.0,430.0,221.0
542.0,106.0,448.0,166.0,420.0
413.0,53.0,705.0,316.0,482.0
513.0,107.0,603.0,249.0,268.0
999.0,115.0,421.0,94.0,123.0
434.0,86.0,567.0,262.0,25.0
508.0,58.0,393.0,579.0,400.0
516.0,193.0,661.0,219.0,391.0
390.0,256.0,512.0,283.0,53.0
395.0,13.0,567.0,647.0,503.0
320.0,138.0,419.0,335.0,436.0
465.0,184.0,393.0,109.0,53.0
326.0,88.0,505.0,625.0,530.0
504.0,118.0,543.0,178.0,407.0
539.0,138.0,448.0,390.0,452.0
259.0,262.0,265.0,40.0,335.0
456.0,108.0,603.0,337.0,534.0
508.0,168.0,275.0,424.0,588.0
424.0,138.0,267.0,200.0,229.0
252.0,184.0,512.0,458.0,544.0
522.0,116.0,735.0,129.0,571.0
504.0,53.0,364.0,528.0,394.0
289.0,73.0,442.0,275.0,395.0
164.0,71.0,256.0,106.0,411.0
481.0,168.0,245.0,458.0,419.0
329.0,132.0,572.0,491.0,454.0
497.0,110.0,310.0,491.0,536.0
505.0,115.0,572.0,270.0,404.0
344.0,51.0,328.0,38.0,100.0
508.0,171.0,496.0,426.0,419.0
238.0,154.0,365.0,579.0,728.0
569.0,126.0,405.0,138.0,225.0
111.0,113.0,567.0,359.0,511.0
301.0,40.0,0.0,241.0,333.0
464.0,106.0,399.0,319.0,517.0
206.0,118.0,567.0,318.0,98.0
701.0,89.0,677.0,426.0,482.0
252.0,93.0,538.0,333.0,407.0
190.0,108.0,539.0,336.0,358.0
312.0,206.0,322.0,639.0,544.0
259.0,177.0,164.0,38.0,221.0
392.0,115.0,234.0,622.0,523.0
228.0,76.0,570.0,294.0,499.0
927.0,102.0,686.0,190.0,320.0
504.0,112.0,603.0,370.0,523.0
457.0,110.0,489.0,304.0,436.0
508.0,109.0,56.0,276.0,358.0
365.0,184.0,538.0,191.0,424.0
209.0,66.0,582.0,608.0,468.0
574.0,114.0,429.0,338.0,353.0
302.0,51.0,23.0,608.0,407.0
417.0,140.0,0.0,268.0,320.0
516.0,149.0,496.0,319.0,310.0
504.0,171.0,514.0,344.0,536.0
238.0,118.0,368.0,515.0,398.0
206.0,86.0,489.0,344.0,465.0
216.0,115.0,421.0,491.0,282.0
395.0,145.0,572.0,219.0,390.0
252.0,99.0,785.0,958.0,298.0
467.0,87.0,250.0,518.0,587.0
157.0,84.0,366.0,226.0,264.0
201.0,106.0,496.0,223.0,296.0
585.0,99.0,342.0,192.0,264.0
447.0,67.0,553.0,184.0,263.0
469.0,147.0,402.0,155.0,421.0
403.0,130.0,378.0,195.0,544.0
251.0,36.0,748.0,336.0,284.0
425.0,66.0,234.0,294.0,332.0
480.0,106.0,250.0,40.0,268.0
508.0,124.0,228.0,424.0,419.0
193.0,108.0,572.0,501.0,468.0
152.0,118.0,436.0,0.0,434.0
364.0,248.0,417.0,647.0,592.0
701.0,145.0,114.0,220.0,255.0
556.0,206.0,496.0,411.0,411.0
488.0,107.0,660.0,639.0,569.0
381.0,248.0,512.0,432.0,476.0
467.0,171.0,785.0,411.0,335.0
192.0,67.0,363.0,430.0,465.0
206.0,73.0,686.0,217.0,395.0
252.0,68.0,505.0,469.0,452.0
184.0,106.0,302.0,625.0,517.0
765.0,118.0,357.0,106.0,195.0
228.0,132.0,575.0,518.0,469.0
619.0,97.0,429.0,275.0,346.0
458.0,87.0,267.0,347.0,538.0
410.0,121.0,334.0,359.0,264.0
149.0,66.0,525.0,595.0,418.0
337.0,200.0,661.0,155.0,441.0
465.0,73.0,361.0,315.0,391.0
456.0,200.0,496.0,297.0,25.0
502.0,106.0,436.0,336.0,391.0
467.0,143.0,572.0,356.0,449.0
394.0,57.0,660.0,69.0,25.0
410.0,132.0,574.0,335.0,530.0
403.0,92.0,576.0,286.0,363.0
292.0,108.0,429.0,518.0,98.0
395.0,121.0,660.0,276.0,293.0
569.0,0.0,328.0,501.0,228.0
668.0,112.0,328.0,319.0,427.0
520.0,99.0,386.0,328.0,512.0
373.0,102.0,610.0,97.0,97.0
300.0,65.0,363.0,184.0,400.0
184.0,0.0,417.0,458.0,339.0
447.0,110.0,686.0,195.0,606.0
458.0,58.0,114.0,155.0,407.0
201.0,105.0,164.0,424.0,245.0
216.0,248.0,506.0,99.0,217.0
410.0,200.0,541.0,318.0,419.0
193.0,247.0,328.0,192.0,187.0
403.0,101.0,540.0,782.0,306.0
392.0,40.0,509.0,242.0,347.0
395.0,169.0,30.0,347.0,580.0
228.0,132.0,340.0,97.0,282.0
291.0,106.0,572.0,155.0,476.0
569.0,108.0,543.0,153.0,264.0
273.0,102.0,540.0,458.0,318.0
542.0,248.0,228.0,177.0,392.0
392.0,154.0,509.0,38.0,582.0
519.0,101.0,377.0,262.0,517.0
331.0,87.0,575.0,333.0,419.0
488.0,53.0,286.0,338.0,452.0
157.0,136.0,748.0,184.0,187.0
638.0,73.0,340.0,219.0,512.0
506.0,51.0,377.0,311.0,232.0
329.0,168.0,496.0,469.0,463.0
458.0,110.0,384.0,370.0,515.0
520.0,130.0,402.0,426.0,446.0
508.0,132.0,509.0,220.0,100.0
149.0,132.0,819.0,265.0,406.0
457.0,62.0,512.0,121.0,268.0
480.0,125.0,819.0,123.0,65.0
409.0,108.0,574.0,223.0,367.0
262.0,106.0,448.0,200.0,405.0
619.0,149.0,402.0,336.0,434.0
455.0,85.0,621.0,410.0,530.0
513.0,99.0,806.0,40.0,363.0
291.0,177.0,658.0,178.0,221.0
288.0,108.0,410.0,424.0,411.0
289.0,262.0,245.0,227.0,199.0
339.0,96.0,421.0,109.0,400.0
337.0,223.0,509.0,138.0,65.0
362.0,71.0,581.0,220.0,536.0
209.0,80.0,490.0,178.0,320.0
394.0,53.0,554.0,69.0,217.0
413.0,13.0,328.0,275.0,255.0
329.0,67.0,567.0,69.0,367.0
455.0,101.0,245.0,275.0,436.0
569.0,126.0,572.0,190.0,332.0
424.0,106.0,556.0,113.0,123.0
491.0,109.0,0.0,306.0,320.0
307.0,283.0,872.0,106.0,97.0
252.0,45.0,315.0,155.0,256.0
431.0,38.0,419.0,315.0,282.0
312.0,118.0,30.0,474.0,282.0
505.0,111.0,806.0,390.0,482.0
390.0,102.0,686.0,308.0,229.0
456.0,140.0,188.0,347.0,538.0
236.0,110.0,334.0,275.0,454.0
266.0,100.0,496.0,639.0,268.0
520.0,44.0,619.0,297.0,407.0
505.0,84.0,431.0,366.0,419.0
201.0,120.0,660.0,286.0,367.0
288.0,98.0,801.0,347.0,438.0
241.0,102.0,541.0,155.0,695.0
259.0,105.0,506.0,424.0,504.0
373.0,140.0,484.0,217.0,611.0
471.0,106.0,496.0,99.0,97.0
520.0,88.0,365.0,153.0,628.0
209.0,138.0,256.0,284.0,199.0
392.0,118.0,442.0,166.0,284.0
506.0,14.0,442.0,296.0,394.0
320.0,102.0,512.0,155.0,452.0
236.0,145.0,164.0,284.0,298.0
242.0,145.0,339.0,130.0,228.0
192.0,97.0,438.0,361.0,98.0
409.0,95.0,431.0,156.0,264.0
251.0,70.0,538.0,315.0,454.0
464.0,73.0,660.0,316.0,406.0
246.0,52.0,576.0,306.0,333.0
471.0,106.0,540.0,242.0,523.0
285.0,126.0,512.0,424.0,569.0
216.0,184.0,192.0,361.0,427.0
392.0,132.0,322.0,319.0,531.0
392.0,71.0,660.0,562.0,618.0
172.0,124.0,436.0,81.0,310.0
308.0,999.0,438.0,390.0,367.0
241.0,107.0,511.0,184.0,300.0
410.0,132.0,506.0,333.0,499.0
448.0,130.0,512.0,184.0,233.0
392.0,175.0,366.0,424.0,728.0
289.0,38.0,603.0,130.0,225.0
505.0,146.0,256.0,525.0,434.0
292.0,36.0,543.0,288.0,320.0
542.0,197.0,429.0,335.0,523.0
520.0,207.0,539.0,145.0,223.0
149.0,134.0,368.0,220.0,284.0
307.0,90.0,361.0,337.0,225.0
395.0,102.0,351.0,200.0,229.0
288.0,248.0,351.0,276.0,502.0
256.0,115.0,342.0,192.0,419.0
301.0,113.0,402.0,227.0,367.0
256.0,146.0,315.0,353.0,453.0
252.0,102.0,512.0,184.0,256.0
373.0,113.0,785.0,333.0,233.0
392.0,88.0,275.0,226.0,530.0
417.0,40.0,322.0,411.0,515.0
183.0,110.0,748.0,286.0,580.0
395.0,139.0,512.0,337.0,434.0
400.0,118.0,450.0,223.0,568.0
619.0,71.0,686.0,155.0,486.0
370.0,209.0,572.0,999.0,695.0
152.0,112.0,554.0,608.0,538.0
465.0,135.0,250.0,155.0,228.0
273.0,90.0,510.0,336.0,582.0
542.0,108.0,488.0,190.0,296.0
252.0,129.0,525.0,265.0,549.0
458.0,138.0,510.0,155.0,264.0
285.0,58.0,256.0,153.0,486.0
508.0,38.0,621.0,93.0,191.0
178.0,91.0,572.0,43.0,191.0
508.0,129.0,442.0,424.0,335.0
999.0,138.0,286.0,289.0,465.0
329.0,133.0,363.0,132.0,252.0
307.0,106.0,705.0,83.0,195.0
392.0,115.0,460.0,424.0,571.0
329.0,132.0,114.0,311.0,320.0
275.0,115.0,188.0,166.0,469.0
409.0,86.0,438.0,189.0,503.0
294.0,140.0,402.0,410.0,418.0
192.0,109.0,328.0,275.0,377.0
542.0,109.0,638.0,562.0,418.0
339.0,118.0,567.0,145.0,214.0
354.0,106.0,357.0,286.0,225.0
425.0,125.0,661.0,424.0,25.0
630.0,147.0,514.0,486.0,530.0
458.0,108.0,328.0,315.0,339.0
295.0,207.0,447.0,129.0,517.0
508.0,0.0,135.0,283.0,318.0
373.0,70.0,482.0,94.0,628.0
668.0,999.0,339.0,625.0,503.0
630.0,71.0,23.0,94.0,536.0
434.0,248.0,466.0,524.0,453.0
434.0,209.0,393.0,121.0,123.0
513.0,51.0,384.0,226.0,256.0
262.0,53.0,442.0,265.0,233.0
302.0,58.0,366.0,43.0,398.0
285.0,106.0,234.0,608.0,405.0
333.0,140.0,638.0,353.0,268.0
411.0,66.0,661.0,349.0,420.0
288.0,58.0,342.0,361.0,434.0
508.0,134.0,340.0,113.0,332.0
508.0,110.0,621.0,356.0,318.0
300.0,73.0,361.0,113.0,434.0
473.0,105.0,585.0,647.0,728.0
513.0,68.0,379.0,315.0,335.0
465.0,84.0,524.0,130.0,493.0
157.0,96.0,402.0,262.0,628.0
746.0,96.0,489.0,268.0,441.0
488.0,121.0,135.0,182.0,268.0
297.0,108.0,543.0,524.0,504.0
111.0,156.0,506.0,270.0,419.0
471.0,102.0,510.0,129.0,419.0
326.0,93.0,322.0,93.0,150.0
392.0,126.0,429.0,430.0,284.0
431.0,111.0,556.0,218.0,284.0
295.0,200.0,340.0,270.0,390.0
417.0,198.0,419.0,311.0,446.0
390.0,111.0,578.0,257.0,580.0
417.0,66.0,576.0,217.0,571.0
394.0,110.0,748.0,192.0,333.0
516.0,82.0,223.0,153.0,298.0
471.0,110.0,509.0,154.0,146.0
297.0,106.0,484.0,410.0,377.0
241.0,110.0,363.0,316.0,407.0
294.0,76.0,442.0,94.0,146.0
373.0,120.0,514.0,474.0,498.0
192.0,98.0,506.0,93.0,146.0
519.0,126.0,447.0,155.0,261.0
392.0,97.0,322.0,249.0,728.0
291.0,13.0,378.0,289.0,310.0
183.0,200.0,573.0,226.0,327.0
373.0,193.0,334.0,63.0,97.0
206.0,70.0,661.0,242.0,268.0
502.0,73.0,573.0,195.0,293.0
201.0,85.0,379.0,424.0,221.0
556.0,82.0,801.0,328.0,476.0
344.0,108.0,385.0,639.0,199.0
392.0,106.0,0.0,283.0,302.0
291.0,93.0,397.0,191.0,341.0
242.0,170.0,578.0,469.0,549.0
392.0,66.0,0.0,129.0,223.0
288.0,139.0,426.0,304.0,391.0
183.0,52.0,429.0,146.0,124.0
270.0,57.0,363.0,318.0,418.0
692.0,89.0,573.0,177.0,167.0
152.0,262.0,223.0,625.0,695.0
238.0,101.0,658.0,501.0,498.0
307.0,136.0,429.0,515.0,580.0
359.0,203.0,554.0,625.0,264.0
242.0,209.0,322.0,469.0,420.0
413.0,106.0,764.0,94.0,100.0
413.0,89.0,999.0,518.0,517.0
373.0,13.0,361.0,283.0,296.0
206.0,102.0,351.0,232.0,346.0
164.0,66.0,567.0,109.0,499.0
242.0,133.0,610.0,178.0,257.0
308.0,198.0,575.0,184.0,261.0
192.0,91.0,378.0,414.0,411.0
411.0,73.0,448.0,337.0,571.0
636.0,67.0,567.0,525.0,536.0
455.0,91.0,621.0,469.0,454.0
448.0,73.0,541.0,424.0,255.0
392.0,84.0,436.0,518.0,536.0
241.0,118.0,585.0,284.0,318.0
392.0,248.0,442.0,283.0,217.0
424.0,145.0,315.0,443.0,208.0
184.0,88.0,448.0,129.0,465.0
467.0,85.0,393.0,491.0,282.0
256.0,13.0,436.0,69.0,441.0
184.0,96.0,576.0,424.0,384.0
332.0,139.0,450.0,359.0,468.0
190.0,136.0,361.0,289.0,420.0
638.0,98.0,603.0,306.0,612.0
339.0,99.0,411.0,184.0,407.0
999.0,114.0,496.0,249.0,296.0
516.0,90.0,512.0,311.0,261.0
409.0,108.0,524.0,333.0,493.0
481.0,109.0,512.0,275.0,208.0
425.0,88.0,511.0,200.0,335.0
296.0,58.0,748.0,424.0,434.0
288.0,118.0,402.0,109.0,264.0
331.0,76.0,489.0,81.0,582.0
480.0,102.0,582.0,190.0,263.0
636.0,97.0,245.0,99.0,618.0
301.0,168.0,677.0,113.0,98.0
504.0,110.0,357.0,286.0,434.0
337.0,71.0,506.0,304.0,264.0
332.0,200.0,226.0,344.0,568.0
478.0,36.0,575.0,155.0,544.0
519.0,106.0,357.0,304.0,284.0
449.0,82.0,572.0,43.0,441.0
480.0,132.0,660.0,336.0,582.0
411.0,249.0,226.0,226.0,347.0
464.0,126.0,513.0,93.0,233.0
308.0,138.0,334.0,504.0,580.0
491.0,36.0,540.0,608.0,318.0
381.0,209.0,422.0,306.0,453.0
504.0,110.0,621.0,195.0,454.0
488.0,76.0,402.0,353.0,465.0
183.0,100.0,402.0,262.0,495.0
339.0,183.0,250.0,439.0,282.0
431.0,89.0,525.0,424.0,394.0
193.0,99.0,357.0,195.0,592.0
331.0,135.0,819.0,315.0,568.0
556.0,130.0,368.0,491.0,282.0
480.0,66.0,443.0,154.0,167.0
457.0,106.0,364.0,343.0,271.0
259.0,262.0,393.0,999.0,999.0
425.0,95.0,365.0,639.0,728.0
164.0,73.0,489.0,461.0,465.0
193.0,168.0,511.0,315.0,421.0
252.0,135.0,513.0,218.0,310.0
183.0,67.0,496.0,344.0,476.0
395.0,110.0,429.0,283.0,327.0
410.0,70.0,363.0,441.0,580.0
409.0,100.0,417.0,63.0,544.0
467.0,82.0,364.0,257.0,367.0
409.0,92.0,379.0,156.0,530.0
556.0,198.0,256.0,315.0,515.0
241.0,115.0,275.0,308.0,358.0
522.0,209.0,525.0,328.0,463.0
149.0,67.0,327.0,525.0,308.0
242.0,96.0,541.0,333.0,390.0
206.0,106.0,188.0,424.0,296.0
266.0,101.0,397.0,353.0,495.0
320.0,126.0,188.0,353.0,544.0
192.0,85.0,364.0,304.0,221.0
339.0,106.0,365.0,408.0,536.0
270.0,106.0,393.0,344.0,503.0
471.0,177.0,364.0,458.0,493.0
500.0,89.0,466.0,226.0,549.0
400.0,106.0,366.0,370.0,353.0
288.0,193.0,442.0,153.0,544.0
465.0,283.0,540.0,318.0,549.0
434.0,184.0,366.0,191.0,419.0
478.0,102.0,402.0,316.0,476.0
471.0,104.0,342.0,344.0,421.0
574.0,110.0,553.0,155.0,436.0
300.0,118.0,484.0,189.0,245.0
417.0,44.0,114.0,81.0,245.0
193.0,76.0,581.0,184.0,341.0
400.0,71.0,524.0,83.0,490.0
192.0,90.0,496.0,196.0,421.0
473.0,104.0,512.0,138.0,346.0
241.0,92.0,567.0,311.0,468.0
206.0,183.0,661.0,469.0,538.0
400.0,114.0,999.0,353.0,441.0
331.0,105.0,453.0,294.0,284.0
400.0,118.0,525.0,349.0,347.0
542.0,108.0,695.0,999.0,999.0
326.0,70.0,429.0,196.0,335.0
364.0,93.0,405.0,184.0,208.0
193.0,89.0,621.0,227.0,98.0
296.0,95.0,410.0,126.0,587.0
373.0,999.0,322.0,284.0,490.0
307.0,193.0,114.0,999.0,611.0
574.0,102.0,543.0,132.0,225.0
542.0,209.0,397.0,129.0,124.0
326.0,132.0,585.0,156.0,264.0
447.0,9.0,226.0,38.0,517.0
619.0,110.0,450.0,226.0,332.0
183.0,91.0,660.0,349.0,517.0
289.0,999.0,448.0,296.0,367.0
508.0,100.0,30.0,678.0,232.0
339.0,115.0,543.0,220.0,306.0
395.0,52.0,496.0,439.0,517.0
701.0,102.0,514.0,220.0,150.0
315.0,109.0,361.0,306.0,353.0
392.0,108.0,512.0,424.0,515.0
473.0,58.0,540.0,286.0,341.0
308.0,115.0,764.0,424.0,419.0
390.0,97.0,525.0,263.0,490.0
209.0,91.0,397.0,469.0,511.0
395.0,105.0,505.0,153.0,232.0
190.0,95.0,572.0,145.0,284.0
331.0,132.0,322.0,294.0,449.0
278.0,57.0,511.0,335.0,538.0
619.0,115.0,785.0,408.0,225.0
332.0,67.0,554.0,458.0,463.0
373.0,106.0,448.0,328.0,332.0
270.0,86.0,421.0,304.0,424.0
488.0,149.0,447.0,94.0,195.0
252.0,197.0,419.0,202.0,419.0
332.0,249.0,328.0,99.0,221.0
278.0,80.0,443.0,191.0,421.0
395.0,113.0,660.0,182.0,333.0
302.0,90.0,327.0,304.0,534.0
506.0,168.0,245.0,83.0,292.0
206.0,105.0,170.0,38.0,391.0
473.0,107.0,567.0,40.0,499.0
425.0,66.0,512.0,226.0,571.0
434.0,98.0,188.0,424.0,538.0
152.0,249.0,438.0,190.0,53.0
506.0,118.0,334.0,154.0,97.0
542.0,91.0,223.0,386.0,333.0
295.0,118.0,322.0,622.0,420.0
569.0,82.0,660.0,113.0,65.0
505.0,96.0,328.0,333.0,401.0
297.0,53.0,357.0,284.0,367.0
289.0,203.0,490.0,311.0,418.0
192.0,115.0,234.0,184.0,261.0
246.0,256.0,735.0,155.0,282.0
209.0,102.0,328.0,283.0,394.0
295.0,105.0,556.0,184.0,534.0
216.0,203.0,135.0,283.0,341.0
410.0,73.0,223.0,232.0,233.0
431.0,66.0,339.0,353.0,465.0
502.0,102.0,872.0,353.0,465.0
395.0,66.0,496.0,308.0,391.0
339.0,92.0,228.0,524.0,588.0
413.0,73.0,361.0,223.0,404.0
302.0,108.0,280.0,286.0,401.0
331.0,133.0,448.0,328.0,395.0
574.0,116.0,192.0,344.0,296.0
556.0,95.0,585.0,294.0,332.0
172.0,13.0,514.0,353.0,454.0
447.0,95.0,567.0,283.0,511.0
111.0,118.0,453.0,515.0,453.0
216.0,96.0,302.0,275.0,284.0
192.0,99.0,735.0,347.0,517.0
395.0,90.0,384.0,217.0,332.0
289.0,114.0,357.0,337.0,549.0
184.0,96.0,429.0,501.0,515.0
425.0,197.0,540.0,337.0,306.0
542.0,96.0,250.0,184.0,591.0
337.0,195.0,402.0,191.0,282.0
469.0,120.0,393.0,242.0,271.0
216.0,106.0,570.0,155.0,452.0
522.0,106.0,574.0,384.0,347.0
497.0,283.0,322.0,361.0,404.0
359.0,106.0,581.0,184.0,612.0
585.0,58.0,429.0,361.0,553.0
480.0,106.0,610.0,262.0,278.0
307.0,45.0,339.0,276.0,536.0
285.0,168.0,429.0,200.0,531.0
638.0,118.0,188.0,414.0,449.0
193.0,44.0,534.0,504.0,25.0
381.0,175.0,170.0,155.0,268.0
424.0,136.0,448.0,297.0,347.0
494.0,71.0,188.0,297.0,339.0
192.0,13.0,572.0,328.0,453.0
297.0,102.0,862.0,311.0,225.0
392.0,71.0,328.0,411.0,499.0
395.0,130.0,411.0,94.0,124.0
505.0,106.0,361.0,283.0,256.0
395.0,193.0,250.0,270.0,420.0
370.0,107.0,660.0,155.0,245.0
209.0,161.0,510.0,195.0,261.0
285.0,139.0,363.0,328.0,278.0
312.0,118.0,405.0,94.0,232.0
574.0,138.0,361.0,608.0,468.0
569.0,0.0,389.0,283.0,347.0
381.0,108.0,726.0,94.0,503.0
392.0,58.0,322.0,626.0,465.0
359.0,53.0,572.0,219.0,308.0
449.0,58.0,509.0,262.0,482.0
339.0,92.0,509.0,304.0,499.0
308.0,100.0,660.0,155.0,553.0
390.0,97.0,334.0,109.0,264.0
467.0,76.0,377.0,223.0,306.0
252.0,209.0,801.0,359.0,214.0
244.0,108.0,405.0,333.0,320.0
458.0,193.0,514.0,390.0,465.0
373.0,171.0,328.0,338.0,400.0
480.0,262.0,402.0,449.0,475.0
502.0,91.0,366.0,311.0,0.0
242.0,102.0,442.0,94.0,245.0
191.0,57.0,361.0,223.0,124.0
502.0,62.0,573.0,390.0,456.0
242.0,105.0,56.0,155.0,261.0
373.0,40.0,342.0,184.0,225.0
302.0,87.0,489.0,40.0,263.0
159.0,102.0,442.0,247.0,298.0
329.0,999.0,553.0,315.0,175.0
190.0,86.0,30.0,330.0,456.0
192.0,110.0,490.0,289.0,536.0
471.0,193.0,426.0,353.0,517.0
508.0,999.0,581.0,38.0,257.0
302.0,58.0,371.0,335.0,427.0
506.0,14.0,448.0,166.0,424.0
542.0,106.0,328.0,191.0,476.0
425.0,113.0,347.0,335.0,999.0
395.0,0.0,510.0,155.0,217.0
574.0,67.0,397.0,177.0,256.0
333.0,110.0,466.0,184.0,264.0
394.0,105.0,327.0,458.0,504.0
228.0,104.0,430.0,226.0,332.0
497.0,93.0,267.0,220.0,282.0
183.0,106.0,393.0,130.0,256.0
297.0,40.0,999.0,361.0,404.0
266.0,87.0,0.0,94.0,498.0
417.0,198.0,327.0,123.0,195.0
354.0,82.0,488.0,608.0,454.0
359.0,114.0,539.0,182.0,282.0
206.0,93.0,524.0,528.0,883.0
395.0,118.0,280.0,223.0,282.0
294.0,108.0,417.0,168.0,167.0
275.0,159.0,265.0,390.0,419.0
497.0,93.0,489.0,130.0,434.0
332.0,139.0,541.0,297.0,384.0
424.0,132.0,429.0,601.0,404.0
244.0,76.0,286.0,153.0,232.0
636.0,13.0,164.0,390.0,446.0
0.0,82.0,422.0,491.0,499.0
252.0,84.0,422.0,333.0,538.0
434.0,126.0,442.0,411.0,454.0
193.0,95.0,484.0,333.0,499.0
206.0,106.0,361.0,286.0,468.0
295.0,138.0,328.0,43.0,292.0
193.0,57.0,484.0,343.0,530.0
392.0,219.0,447.0,359.0,618.0
424.0,161.0,543.0,196.0,582.0
488.0,140.0,398.0,411.0,493.0
0.0,96.0,570.0,226.0,332.0
206.0,76.0,377.0,361.0,486.0
999.0,107.0,357.0,426.0,298.0
294.0,200.0,554.0,83.0,98.0
300.0,105.0,385.0,110.0,146.0
409.0,70.0,30.0,190.0,292.0
390.0,87.0,315.0,106.0,284.0
270.0,58.0,539.0,286.0,256.0
394.0,169.0,466.0,154.0,298.0
690.0,168.0,585.0,647.0,523.0
400.0,109.0,476.0,184.0,271.0
354.0,101.0,661.0,283.0,504.0
638.0,82.0,806.0,270.0,436.0
373.0,170.0,250.0,622.0,225.0
312.0,67.0,626.0,424.0,441.0
285.0,67.0,510.0,97.0,255.0
471.0,101.0,322.0,284.0,476.0
270.0,67.0,506.0,227.0,217.0
294.0,109.0,366.0,626.0,229.0
373.0,79.0,429.0,132.0,229.0
192.0,106.0,340.0,424.0,523.0
252.0,115.0,543.0,94.0,468.0
473.0,9.0,488.0,155.0,588.0
256.0,219.0,512.0,184.0,377.0
296.0,130.0,442.0,515.0,571.0
111.0,209.0,339.0,366.0,261.0
542.0,138.0,554.0,356.0,468.0
312.0,134.0,496.0,333.0,332.0
339.0,73.0,450.0,366.0,611.0
542.0,73.0,417.0,315.0,398.0
149.0,91.0,56.0,601.0,475.0
237.0,73.0,385.0,370.0,530.0
636.0,156.0,426.0,335.0,395.0
465.0,108.0,365.0,595.0,588.0
409.0,73.0,410.0,178.0,367.0
307.0,140.0,512.0,335.0,384.0
206.0,138.0,342.0,283.0,523.0
392.0,159.0,286.0,371.0,418.0
289.0,86.0,621.0,515.0,523.0
149.0,107.0,357.0,232.0,367.0
395.0,118.0,453.0,625.0,401.0
307.0,134.0,361.0,316.0,320.0
184.0,184.0,365.0,275.0,339.0
206.0,51.0,539.0,504.0,300.0
519.0,112.0,621.0,411.0,456.0
183.0,170.0,328.0,361.0,465.0
312.0,82.0,573.0,275.0,53.0
252.0,38.0,265.0,296.0,146.0
508.0,129.0,405.0,129.0,282.0
424.0,200.0,361.0,424.0,468.0
434.0,249.0,514.0,155.0,421.0
390.0,102.0,484.0,335.0,465.0
508.0,140.0,496.0,121.0,320.0
266.0,194.0,621.0,335.0,302.0
563.0,82.0,342.0,300.0,453.0
206.0,139.0,525.0,458.0,495.0
294.0,209.0,512.0,200.0,475.0
251.0,97.0,448.0,353.0,434.0
236.0,183.0,398.0,195.0,376.0
434.0,107.0,806.0,126.0,531.0
339.0,111.0,398.0,390.0,499.0
424.0,138.0,327.0,458.0,504.0
291.0,66.0,389.0,337.0,421.0
331.0,0.0,496.0,424.0,419.0
329.0,121.0,386.0,639.0,146.0
201.0,93.0,496.0,426.0,195.0
411.0,139.0,447.0,275.0,446.0
183.0,125.0,315.0,311.0,495.0
410.0,171.0,363.0,501.0,475.0
308.0,132.0,399.0,486.0,568.0
89.0,106.0,436.0,353.0,486.0
278.0,112.0,389.0,223.0,341.0
339.0,146.0,505.0,121.0,199.0
519.0,118.0,377.0,232.0,391.0
395.0,90.0,512.0,678.0,208.0
183.0,171.0,582.0,297.0,376.0
522.0,183.0,402.0,318.0,282.0
0.0,91.0,514.0,461.0,427.0
275.0,132.0,801.0,242.0,264.0
315.0,67.0,447.0,200.0,446.0
519.0,90.0,660.0,353.0,612.0
241.0,134.0,489.0,284.0,454.0
246.0,52.0,726.0,625.0,268.0
403.0,207.0,366.0,443.0,476.0
471.0,139.0,442.0,226.0,469.0
464.0,126.0,361.0,408.0,394.0
288.0,146.0,30.0,195.0,264.0
292.0,73.0,164.0,390.0,571.0
216.0,206.0,245.0,337.0,284.0
497.0,120.0,245.0,311.0,406.0
362.0,109.0,543.0,275.0,223.0
400.0,110.0,524.0,178.0,223.0
480.0,134.0,539.0,166.0,310.0
262.0,87.0,339.0,184.0,284.0
455.0,100.0,377.0,333.0,530.0
410.0,111.0,488.0,99.0,292.0
455.0,121.0,514.0,297.0,229.0
390.0,44.0,363.0,424.0,515.0
494.0,53.0,819.0,347.0,252.0
516.0,93.0,170.0,424.0,453.0
410.0,161.0,541.0,184.0,150.0
465.0,132.0,543.0,333.0,284.0
478.0,88.0,328.0,338.0,419.0
307.0,67.0,328.0,154.0,282.0
159.0,99.0,411.0,515.0,580.0
505.0,93.0,567.0,223.0,420.0
184.0,9.0,302.0,154.0,257.0
307.0,248.0,322.0,247.0,229.0
500.0,85.0,488.0,276.0,418.0
288.0,66.0,340.0,296.0,476.0
410.0,101.0,453.0,390.0,431.0
410.0,71.0,351.0,311.0,482.0
364.0,73.0,541.0,223.0,405.0
574.0,154.0,448.0,182.0,463.0
765.0,66.0,525.0,562.0,175.0
244.0,126.0,748.0,390.0,512.0
434.0,96.0,510.0,276.0,293.0
292.0,52.0,525.0,608.0,523.0
252.0,169.0,429.0,999.0,530.0
262.0,134.0,573.0,501.0,544.0
288.0,132.0,540.0,390.0,363.0
164.0,44.0,450.0,220.0,271.0
456.0,106.0,686.0,121.0,233.0
297.0,106.0,430.0,121.0,544.0
403.0,86.0,399.0,501.0,523.0
300.0,248.0,379.0,601.0,292.0
403.0,105.0,554.0,359.0,544.0
505.0,71.0,556.0,338.0,398.0
516.0,118.0,448.0,579.0,536.0
508.0,14.0,488.0,718.0,503.0
519.0,118.0,999.0,300.0,389.0
159.0,198.0,785.0,109.0,999.0
508.0,53.0,572.0,189.0,389.0
644.0,14.0,509.0,81.0,123.0
467.0,68.0,450.0,106.0,384.0
344.0,197.0,442.0,126.0,300.0
252.0,86.0,399.0,276.0,456.0
417.0,91.0,496.0,579.0,421.0
434.0,66.0,468.0,370.0,446.0
395.0,95.0,453.0,283.0,284.0
244.0,118.0,429.0,353.0,419.0
556.0,132.0,511.0,220.0,341.0
467.0,73.0,256.0,424.0,454.0
390.0,87.0,410.0,275.0,534.0
193.0,105.0,526.0,366.0,475.0
520.0,102.0,334.0,145.0,228.0
241.0,107.0,686.0,474.0,232.0
520.0,13.0,361.0,226.0,531.0
569.0,87.0,573.0,83.0,217.0
638.0,87.0,801.0,318.0,407.0
497.0,132.0,554.0,311.0,298.0
164.0,73.0,442.0,283.0,517.0
302.0,123.0,429.0,319.0,327.0
630.0,96.0,496.0,424.0,512.0
354.0,134.0,379.0,156.0,308.0
183.0,102.0,638.0,297.0,530.0
491.0,66.0,364.0,94.0,232.0
516.0,169.0,426.0,168.0,146.0
425.0,132.0,506.0,283.0,404.0
273.0,70.0,574.0,219.0,282.0
326.0,101.0,496.0,449.0,404.0
394.0,118.0,490.0,226.0,208.0
184.0,109.0,275.0,311.0,395.0
999.0,194.0,322.0,226.0,264.0
373.0,40.0,365.0,359.0,407.0
519.0,82.0,573.0,443.0,536.0
392.0,136.0,334.0,182.0,420.0
266.0,96.0,448.0,622.0,530.0
425.0,132.0,397.0,283.0,347.0
497.0,126.0,660.0,525.0,453.0
434.0,76.0,339.0,43.0,53.0
390.0,100.0,506.0,315.0,271.0
315.0,88.0,340.0,579.0,530.0
307.0,105.0,351.0,283.0,517.0
289.0,102.0,448.0,184.0,384.0
508.0,90.0,526.0,311.0,394.0
288.0,126.0,339.0,371.0,512.0
288.0,40.0,364.0,166.0,284.0
410.0,40.0,603.0,304.0,482.0
410.0,139.0,496.0,319.0,347.0
307.0,109.0,506.0,265.0,549.0
480.0,108.0,377.0,121.0,257.0
390.0,96.0,347.0,123.0,728.0
236.0,184.0,328.0,286.0,298.0
417.0,98.0,510.0,424.0,229.0
690.0,93.0,735.0,328.0,284.0
400.0,58.0,540.0,226.0,264.0
448.0,51.0,393.0,414.0,587.0
183.0,106.0,496.0,424.0,446.0
504.0,120.0,726.0,184.0,263.0
308.0,91.0,402.0,113.0,332.0
395.0,62.0,525.0,525.0,517.0
238.0,100.0,540.0,311.0,225.0
701.0,110.0,385.0,226.0,476.0
232.0,58.0,421.0,129.0,229.0
359.0,121.0,245.0,81.0,475.0
183.0,87.0,660.0,524.0,271.0
354.0,18.0,505.0,304.0,400.0
395.0,73.0,541.0,0.0,475.0
381.0,206.0,581.0,286.0,367.0
297.0,101.0,512.0,153.0,493.0
373.0,93.0,170.0,191.0,400.0
300.0,38.0,417.0,524.0,517.0
344.0,209.0,448.0,220.0,255.0
242.0,114.0,417.0,219.0,353.0
395.0,102.0,872.0,268.0,411.0
692.0,80.0,448.0,200.0,453.0
178.0,138.0,389.0,426.0,503.0
447.0,68.0,436.0,361.0,530.0
259.0,71.0,488.0,226.0,318.0
241.0,97.0,448.0,562.0,618.0
251.0,121.0,582.0,491.0,530.0
329.0,76.0,0.0,184.0,456.0
192.0,57.0,582.0,247.0,282.0
270.0,118.0,748.0,232.0,420.0
359.0,135.0,660.0,121.0,263.0
464.0,82.0,366.0,315.0,391.0
390.0,107.0,226.0,504.0,530.0
390.0,85.0,575.0,190.0,271.0
504.0,67.0,526.0,524.0,482.0
456.0,184.0,574.0,184.0,411.0
201.0,124.0,250.0,263.0,411.0
238.0,100.0,585.0,336.0,482.0
354.0,45.0,419.0,146.0,124.0
542.0,102.0,525.0,184.0,419.0
278.0,100.0,695.0,474.0,569.0
520.0,115.0,512.0,289.0,398.0
425.0,126.0,422.0,94.0,419.0
513.0,170.0,524.0,390.0,405.0
638.0,132.0,286.0,109.0,245.0
636.0,73.0,512.0,424.0,534.0
172.0,86.0,438.0,336.0,503.0
354.0,115.0,638.0,145.0,232.0
522.0,113.0,417.0,328.0,530.0
302.0,207.0,226.0,217.0,327.0
332.0,121.0,726.0,384.0,332.0
449.0,80.0,512.0,370.0,264.0
296.0,209.0,567.0,300.0,195.0
410.0,68.0,447.0,166.0,389.0
491.0,38.0,658.0,242.0,419.0
480.0,88.0,377.0,486.0,591.0
425.0,96.0,448.0,263.0,257.0
692.0,123.0,322.0,226.0,419.0
411.0,107.0,509.0,195.0,405.0
332.0,100.0,328.0,318.0,530.0
339.0,105.0,226.0,347.0,468.0
638.0,102.0,384.0,113.0,98.0
344.0,161.0,223.0,344.0,569.0
390.0,86.0,430.0,384.0,628.0
295.0,118.0,429.0,411.0,284.0
183.0,156.0,328.0,304.0,549.0
504.0,219.0,322.0,247.0,446.0
157.0,91.0,328.0,424.0,517.0
361.0,102.0,405.0,458.0,728.0
184.0,102.0,572.0,130.0,146.0
296.0,126.0,366.0,300.0,339.0
497.0,80.0,363.0,330.0,493.0
480.0,118.0,438.0,486.0,376.0
373.0,91.0,405.0,328.0,419.0
410.0,138.0,267.0,242.0,53.0
361.0,102.0,234.0,226.0,245.0
519.0,198.0,576.0,424.0,465.0
630.0,132.0,405.0,370.0,363.0
344.0,110.0,334.0,316.0,332.0
619.0,107.0,496.0,449.0,544.0
522.0,121.0,621.0,81.0,298.0
513.0,207.0,322.0,315.0,384.0
508.0,53.0,556.0,265.0,146.0
480.0,102.0,610.0,184.0,523.0
241.0,110.0,397.0,249.0,495.0
395.0,102.0,570.0,226.0,418.0
288.0,171.0,322.0,359.0,530.0
251.0,247.0,419.0,177.0,332.0
157.0,129.0,539.0,284.0,390.0
301.0,102.0,570.0,356.0,588.0
458.0,90.0,366.0,333.0,453.0
400.0,206.0,397.0,333.0,419.0
520.0,58.0,188.0,275.0,318.0
238.0,109.0,539.0,443.0,531.0
500.0,124.0,543.0,449.0,534.0
266.0,168.0,695.0,220.0,531.0
191.0,68.0,170.0,184.0,441.0
373.0,950.0,448.0,241.0,394.0
237.0,110.0,265.0,275.0,278.0
464.0,132.0,357.0,168.0,406.0
413.0,13.0,385.0,458.0,503.0
424.0,111.0,436.0,306.0,465.0
291.0,130.0,448.0,525.0,420.0
354.0,140.0,378.0,461.0,367.0
508.0,40.0,429.0,288.0,358.0
236.0,206.0,419.0,528.0,363.0
365.0,66.0,361.0,168.0,298.0
262.0,108.0,188.0,200.0,392.0
184.0,146.0,170.0,146.0,499.0
502.0,58.0,567.0,284.0,523.0
365.0,102.0,56.0,390.0,395.0
206.0,206.0,660.0,308.0,411.0
331.0,52.0,402.0,361.0,293.0
191.0,97.0,364.0,318.0,493.0
508.0,110.0,513.0,83.0,256.0
381.0,209.0,0.0,622.0,475.0
447.0,112.0,567.0,336.0,592.0
339.0,168.0,363.0,286.0,523.0
237.0,138.0,322.0,518.0,612.0
409.0,108.0,505.0,200.0,332.0
312.0,80.0,686.0,337.0,298.0
152.0,134.0,543.0,330.0,452.0
237.0,134.0,410.0,178.0,282.0
252.0,40.0,393.0,196.0,53.0
157.0,130.0,538.0,155.0,256.0
505.0,96.0,509.0,196.0,476.0
296.0,67.0,351.0,195.0,332.0
344.0,113.0,421.0,196.0,401.0
237.0,90.0,572.0,99.0,264.0
301.0,108.0,512.0,106.0,591.0
413.0,113.0,460.0,424.0,695.0
701.0,105.0,554.0,518.0,476.0
542.0,92.0,421.0,411.0,476.0
464.0,115.0,660.0,306.0,465.0
232.0,124.0,328.0,189.0,531.0
201.0,126.0,328.0,153.0,476.0
365.0,145.0,170.0,359.0,407.0
259.0,110.0,512.0,184.0,225.0
424.0,107.0,334.0,328.0,394.0
209.0,249.0,482.0,424.0,97.0
362.0,132.0,575.0,315.0,191.0
232.0,247.0,322.0,411.0,486.0
206.0,200.0,347.0,426.0,517.0
164.0,209.0,572.0,283.0,454.0
424.0,97.0,540.0,276.0,225.0
465.0,90.0,364.0,226.0,261.0
395.0,90.0,366.0,154.0,278.0
395.0,146.0,226.0,315.0,367.0
447.0,73.0,114.0,304.0,98.0
184.0,91.0,397.0,491.0,569.0
373.0,0.0,509.0,356.0,53.0
111.0,116.0,512.0,625.0,296.0
297.0,38.0,505.0,328.0,534.0
236.0,106.0,526.0,336.0,0.0
471.0,161.0,510.0,155.0,468.0
252.0,118.0,567.0,595.0,475.0
409.0,90.0,361.0,200.0,302.0
701.0,88.0,541.0,257.0,332.0
206.0,40.0,448.0,439.0,100.0
149.0,110.0,188.0,294.0,453.0
542.0,156.0,575.0,178.0,284.0
373.0,135.0,512.0,625.0,523.0
252.0,71.0,575.0,424.0,421.0
574.0,134.0,328.0,81.0,282.0
692.0,200.0,442.0,408.0,124.0
395.0,91.0,398.0,626.0,523.0
519.0,108.0,514.0,223.0,123.0
149.0,100.0,442.0,371.0,531.0
172.0,133.0,512.0,347.0,523.0
190.0,90.0,525.0,343.0,569.0
89.0,249.0,363.0,504.0,296.0
307.0,107.0,496.0,308.0,454.0
289.0,80.0,540.0,525.0,463.0
424.0,113.0,658.0,83.0,252.0
638.0,159.0,135.0,524.0,441.0
395.0,106.0,402.0,191.0,376.0
354.0,123.0,399.0,504.0,347.0
359.0,247.0,310.0,411.0,511.0
307.0,98.0,250.0,155.0,302.0
256.0,112.0,511.0,411.0,469.0
164.0,91.0,567.0,469.0,377.0
307.0,96.0,526.0,190.0,363.0
201.0,123.0,540.0,782.0,511.0
307.0,116.0,315.0,300.0,418.0
241.0,40.0,660.0,94.0,264.0
111.0,200.0,572.0,220.0,217.0
410.0,136.0,543.0,83.0,391.0
184.0,71.0,447.0,156.0,257.0
296.0,102.0,135.0,515.0,282.0
262.0,92.0,578.0,190.0,284.0
294.0,45.0,250.0,155.0,225.0
241.0,70.0,525.0,106.0,233.0
361.0,107.0,509.0,155.0,398.0
259.0,198.0,539.0,294.0,418.0
373.0,86.0,442.0,515.0,493.0
192.0,85.0,386.0,191.0,405.0
539.0,62.0,334.0,562.0,261.0
244.0,113.0,429.0,294.0,264.0
506.0,248.0,540.0,608.0,449.0
244.0,125.0,365.0,192.0,271.0
392.0,71.0,660.0,347.0,482.0
320.0,107.0,188.0,226.0,302.0
425.0,200.0,417.0,109.0,517.0
410.0,70.0,541.0,226.0,530.0
275.0,110.0,543.0,94.0,232.0
157.0,106.0,806.0,275.0,465.0
297.0,40.0,660.0,257.0,469.0
259.0,154.0,429.0,294.0,618.0
152.0,100.0,506.0,129.0,263.0
307.0,129.0,431.0,518.0,530.0
252.0,223.0,385.0,220.0,468.0
191.0,120.0,574.0,333.0,424.0
488.0,92.0,619.0,192.0,394.0
563.0,104.0,164.0,296.0,438.0
237.0,93.0,368.0,126.0,493.0
425.0,71.0,660.0,335.0,391.0
164.0,147.0,735.0,0.0,0.0
172.0,146.0,450.0,43.0,293.0
457.0,120.0,490.0,424.0,591.0
448.0,106.0,574.0,145.0,452.0
291.0,79.0,322.0,275.0,436.0
344.0,140.0,501.0,439.0,503.0
307.0,45.0,234.0,184.0,465.0
252.0,132.0,541.0,308.0,418.0
520.0,73.0,357.0,106.0,0.0
262.0,97.0,509.0,110.0,264.0
424.0,73.0,366.0,283.0,0.0
644.0,80.0,431.0,283.0,97.0
480.0,40.0,378.0,424.0,367.0
251.0,108.0,402.0,226.0,100.0
184.0,209.0,610.0,311.0,418.0
246.0,82.0,256.0,336.0,493.0
522.0,88.0,245.0,432.0,284.0
364.0,129.0,582.0,319.0,434.0
746.0,149.0,363.0,286.0,431.0
289.0,140.0,511.0,81.0,255.0
238.0,195.0,322.0,192.0,97.0
184.0,73.0,405.0,318.0,363.0
508.0,95.0,626.0,316.0,427.0
395.0,106.0,621.0,155.0,332.0
251.0,121.0,363.0,308.0,406.0
434.0,109.0,0.0,294.0,232.0
326.0,140.0,484.0,110.0,252.0
157.0,102.0,514.0,344.0,530.0
332.0,86.0,525.0,227.0,549.0
746.0,0.0,361.0,40.0,208.0
425.0,108.0,512.0,132.0,332.0
361.0,120.0,686.0,110.0,434.0
262.0,125.0,361.0,241.0,256.0
184.0,102.0,340.0,184.0,512.0
291.0,106.0,575.0,424.0,476.0
467.0,92.0,429.0,353.0,419.0
294.0,45.0,512.0,518.0,580.0
191.0,115.0,476.0,296.0,367.0
390.0,102.0,379.0,218.0,97.0
273.0,118.0,386.0,284.0,232.0
339.0,171.0,512.0,283.0,392.0
9.0,126.0,610.0,196.0,394.0
411.0,143.0,585.0,718.0,256.0
184.0,101.0,567.0,333.0,493.0
191.0,0.0,575.0,286.0,124.0
417.0,125.0,488.0,370.0,517.0
275.0,95.0,23.0,43.0,284.0
184.0,140.0,448.0,219.0,407.0
192.0,132.0,361.0,276.0,421.0
619.0,126.0,377.0,343.0,225.0
692.0,71.0,581.0,718.0,264.0
329.0,139.0,170.0,315.0,438.0
999.0,100.0,460.0,275.0,421.0
539.0,118.0,379.0,43.0,302.0
690.0,132.0,357.0,288.0,268.0
395.0,115.0,567.0,129.0,256.0
505.0,136.0,334.0,97.0,446.0
159.0,96.0,695.0,647.0,531.0
251.0,118.0,501.0,284.0,150.0
241.0,95.0,490.0,286.0,424.0
395.0,121.0,365.0,333.0,398.0
434.0,110.0,660.0,275.0,404.0
295.0,73.0,361.0,189.0,544.0
209.0,195.0,660.0,189.0,65.0
206.0,134.0,585.0,202.0,292.0
191.0,108.0,250.0,449.0,469.0
232.0,108.0,361.0,284.0,339.0
411.0,156.0,265.0,200.0,282.0
395.0,70.0,256.0,223.0,263.0
636.0,193.0,501.0,316.0,549.0
392.0,177.0,735.0,353.0,268.0
329.0,109.0,328.0,184.0,228.0
585.0,68.0,524.0,625.0,592.0
403.0,73.0,514.0,366.0,517.0
326.0,114.0,286.0,257.0,438.0
333.0,193.0,402.0,182.0,335.0
395.0,106.0,567.0,286.0,571.0
259.0,90.0,322.0,311.0,449.0
636.0,132.0,496.0,330.0,420.0
480.0,80.0,310.0,595.0,611.0
478.0,156.0,573.0,200.0,98.0
288.0,203.0,361.0,93.0,377.0
307.0,102.0,460.0,286.0,475.0
542.0,45.0,553.0,94.0,404.0
522.0,86.0,429.0,130.0,191.0
619.0,147.0,466.0,330.0,306.0
278.0,108.0,23.0,625.0,436.0
392.0,115.0,575.0,284.0,582.0
236.0,115.0,524.0,328.0,346.0
574.0,66.0,510.0,184.0,469.0
471.0,168.0,328.0,297.0,0.0
644.0,138.0,585.0,384.0,420.0
300.0,193.0,436.0,353.0,468.0
465.0,90.0,417.0,469.0,512.0
288.0,105.0,114.0,330.0,191.0
539.0,67.0,347.0,110.0,384.0
361.0,248.0,192.0,486.0,229.0
668.0,118.0,315.0,94.0,419.0
563.0,79.0,482.0,145.0,389.0
392.0,120.0,328.0,184.0,232.0
270.0,85.0,397.0,288.0,544.0
320.0,999.0,310.0,333.0,427.0
449.0,138.0,328.0,296.0,419.0
307.0,198.0,626.0,190.0,376.0
244.0,38.0,506.0,94.0,221.0
364.0,79.0,513.0,349.0,465.0
244.0,184.0,660.0,106.0,97.0
506.0,115.0,543.0,283.0,0.0
403.0,147.0,286.0,338.0,389.0
329.0,146.0,410.0,336.0,392.0
206.0,118.0,275.0,626.0,534.0
238.0,105.0,357.0,718.0,53.0
331.0,86.0,538.0,191.0,284.0
999.0,138.0,638.0,999.0,571.0
278.0,86.0,442.0,361.0,420.0
241.0,194.0,443.0,94.0,225.0
411.0,123.0,560.0,366.0,229.0
206.0,249.0,525.0,297.0,223.0
456.0,71.0,511.0,265.0,495.0
480.0,102.0,385.0,286.0,318.0
508.0,100.0,999.0,223.0,391.0
209.0,58.0,328.0,461.0,97.0
447.0,86.0,357.0,93.0,175.0
447.0,95.0,872.0,126.0,225.0
410.0,106.0,322.0,81.0,225.0
259.0,58.0,496.0,218.0,264.0
508.0,98.0,509.0,386.0,268.0
294.0,140.0,525.0,411.0,476.0
270.0,95.0,489.0,190.0,456.0
183.0,115.0,422.0,289.0,332.0
434.0,112.0,322.0,390.0,498.0
455.0,86.0,450.0,283.0,320.0
209.0,184.0,442.0,424.0,398.0
251.0,100.0,526.0,38.0,187.0
308.0,110.0,188.0,217.0,53.0
294.0,105.0,386.0,241.0,225.0
262.0,115.0,135.0,311.0,475.0
339.0,102.0,267.0,81.0,292.0
241.0,149.0,524.0,94.0,100.0
296.0,89.0,660.0,410.0,612.0
373.0,105.0,448.0,579.0,538.0
232.0,139.0,328.0,430.0,502.0
206.0,85.0,365.0,353.0,358.0
308.0,71.0,525.0,330.0,252.0
241.0,44.0,363.0,283.0,606.0
504.0,90.0,466.0,241.0,223.0
236.0,115.0,421.0,110.0,225.0
491.0,106.0,539.0,284.0,346.0
392.0,66.0,0.0,226.0,327.0
252.0,106.0,361.0,99.0,187.0
410.0,140.0,575.0,441.0,284.0
149.0,106.0,431.0,146.0,225.0
500.0,67.0,525.0,99.0,394.0
574.0,62.0,538.0,40.0,97.0
307.0,76.0,245.0,353.0,463.0
390.0,118.0,322.0,155.0,411.0
394.0,249.0,275.0,336.0,454.0
354.0,91.0,422.0,296.0,400.0
192.0,132.0,514.0,330.0,123.0
434.0,147.0,328.0,424.0,217.0
506.0,98.0,509.0,336.0,482.0
244.0,71.0,686.0,132.0,167.0
746.0,209.0,234.0,335.0,452.0
692.0,198.0,489.0,182.0,223.0
361.0,70.0,429.0,153.0,264.0
192.0,198.0,574.0,359.0,332.0
326.0,90.0,488.0,288.0,332.0
395.0,168.0,543.0,190.0,389.0
301.0,183.0,357.0,361.0,346.0
183.0,209.0,342.0,153.0,264.0
488.0,68.0,510.0,432.0,449.0
193.0,68.0,340.0,515.0,469.0
184.0,138.0,660.0,146.0,582.0
237.0,249.0,525.0,184.0,98.0
692.0,92.0,371.0,283.0,392.0
410.0,100.0,429.0,349.0,511.0
333.0,113.0,573.0,168.0,214.0
473.0,120.0,443.0,262.0,391.0
152.0,14.0,363.0,316.0,347.0
464.0,73.0,512.0,297.0,318.0
508.0,106.0,466.0,311.0,398.0
296.0,950.0,539.0,486.0,549.0
159.0,91.0,556.0,94.0,97.0
295.0,108.0,570.0,318.0,530.0
494.0,110.0,512.0,263.0,530.0
184.0,91.0,385.0,192.0,245.0
425.0,101.0,328.0,200.0,167.0
692.0,105.0,280.0,491.0,591.0
488.0,66.0,322.0,330.0,124.0
184.0,159.0,506.0,518.0,332.0
206.0,70.0,619.0,579.0,523.0
332.0,93.0,509.0,333.0,419.0
337.0,134.0,453.0,338.0,453.0
999.0,121.0,431.0,217.0,517.0
506.0,203.0,512.0,232.0,469.0
488.0,113.0,582.0,328.0,195.0
237.0,149.0,398.0,449.0,465.0
390.0,102.0,538.0,333.0,418.0
448.0,109.0,506.0,337.0,347.0
469.0,52.0,405.0,126.0,300.0
457.0,130.0,660.0,999.0,999.0
392.0,999.0,342.0,241.0,424.0
502.0,102.0,223.0,515.0,569.0
337.0,9.0,540.0,518.0,300.0
296.0,134.0,399.0,361.0,411.0
297.0,97.0,490.0,625.0,221.0
307.0,9.0,228.0,168.0,261.0
157.0,118.0,677.0,109.0,221.0
488.0,91.0,581.0,283.0,391.0
266.0,200.0,574.0,168.0,100.0
410.0,200.0,490.0,94.0,25.0
159.0,109.0,361.0,275.0,390.0
424.0,262.0,540.0,43.0,229.0
288.0,123.0,364.0,190.0,292.0
417.0,102.0,525.0,304.0,553.0
209.0,207.0,448.0,304.0,333.0
364.0,118.0,735.0,97.0,245.0
395.0,159.0,581.0,218.0,256.0
410.0,146.0,450.0,782.0,434.0
457.0,109.0,448.0,132.0,475.0
395.0,68.0,327.0,371.0,536.0
365.0,256.0,610.0,81.0,167.0
630.0,193.0,405.0,359.0,449.0
395.0,53.0,378.0,249.0,400.0
300.0,125.0,513.0,154.0,347.0
285.0,132.0,399.0,333.0,469.0
410.0,71.0,385.0,390.0,469.0
505.0,67.0,578.0,184.0,255.0
390.0,114.0,431.0,223.0,486.0
458.0,100.0,365.0,328.0,454.0
746.0,139.0,540.0,249.0,468.0
192.0,209.0,384.0,43.0,592.0
469.0,18.0,399.0,414.0,512.0
289.0,67.0,460.0,263.0,549.0
513.0,209.0,328.0,315.0,367.0
297.0,90.0,534.0,353.0,208.0
362.0,115.0,999.0,333.0,465.0
192.0,86.0,572.0,94.0,377.0
275.0,70.0,399.0,318.0,438.0
395.0,102.0,572.0,491.0,530.0
326.0,107.0,525.0,306.0,419.0
206.0,86.0,164.0,283.0,476.0
364.0,161.0,0.0,283.0,332.0
242.0,111.0,581.0,43.0,436.0
465.0,86.0,378.0,411.0,499.0
458.0,194.0,534.0,353.0,282.0
0.0,18.0,265.0,337.0,306.0
178.0,102.0,570.0,311.0,441.0
563.0,13.0,402.0,639.0,569.0
491.0,93.0,250.0,311.0,468.0
456.0,168.0,402.0,318.0,395.0
425.0,90.0,30.0,359.0,318.0
292.0,91.0,379.0,138.0,427.0
191.0,109.0,357.0,146.0,332.0
506.0,113.0,488.0,300.0,339.0
668.0,135.0,429.0,130.0,225.0
520.0,62.0,496.0,424.0,591.0
502.0,70.0,735.0,424.0,419.0
644.0,124.0,322.0,335.0,390.0
392.0,45.0,30.0,63.0,293.0
480.0,95.0,726.0,189.0,223.0
184.0,121.0,280.0,386.0,401.0
252.0,121.0,379.0,337.0,293.0
458.0,147.0,513.0,168.0,245.0
619.0,105.0,429.0,333.0,493.0
361.0,79.0,419.0,219.0,268.0
297.0,123.0,419.0,195.0,306.0
252.0,197.0,164.0,608.0,612.0
417.0,183.0,385.0,217.0,495.0
542.0,102.0,377.0,344.0,335.0
241.0,168.0,806.0,284.0,517.0
409.0,247.0,466.0,426.0,523.0
409.0,58.0,265.0,155.0,232.0
241.0,45.0,572.0,311.0,419.0
370.0,9.0,448.0,333.0,146.0
456.0,203.0,361.0,426.0,284.0
209.0,45.0,422.0,38.0,530.0
638.0,102.0,364.0,426.0,0.0
275.0,262.0,999.0,43.0,175.0
190.0,92.0,398.0,126.0,150.0
392.0,118.0,23.0,491.0,511.0
392.0,132.0,363.0,138.0,264.0
516.0,124.0,448.0,217.0,264.0
152.0,95.0,603.0,241.0,407.0
206.0,108.0,534.0,249.0,517.0
464.0,104.0,468.0,525.0,549.0
410.0,109.0,328.0,449.0,511.0
542.0,86.0,256.0,196.0,424.0
183.0,135.0,250.0,166.0,298.0
999.0,209.0,347.0,283.0,512.0
504.0,86.0,862.0,109.0,225.0
455.0,107.0,286.0,123.0,612.0
370.0,40.0,334.0,247.0,223.0
520.0,146.0,540.0,424.0,531.0
275.0,209.0,188.0,223.0,298.0
390.0,88.0,525.0,443.0,346.0
434.0,120.0,438.0,177.0,523.0
520.0,106.0,466.0,333.0,284.0
394.0,118.0,363.0,223.0,454.0
504.0,13.0,328.0,249.0,454.0
455.0,79.0,431.0,241.0,377.0
469.0,62.0,339.0,190.0,175.0
237.0,73.0,377.0,304.0,486.0
278.0,108.0,357.0,192.0,303.0
434.0,105.0,526.0,458.0,469.0
329.0,115.0,357.0,223.0,401.0
464.0,99.0,385.0,138.0,284.0
469.0,44.0,429.0,647.0,568.0
464.0,100.0,514.0,474.0,536.0
295.0,183.0,488.0,424.0,263.0
289.0,66.0,538.0,424.0,454.0
619.0,110.0,489.0,414.0,580.0
172.0,0.0,431.0,469.0,465.0
471.0,248.0,342.0,168.0,100.0
395.0,116.0,275.0,93.0,306.0
465.0,115.0,660.0,449.0,427.0
295.0,82.0,442.0,311.0,421.0
157.0,107.0,540.0,182.0,592.0
252.0,116.0,386.0,562.0,504.0
307.0,86.0,357.0,94.0,195.0
262.0,107.0,543.0,177.0,333.0
266.0,84.0,361.0,486.0,495.0
331.0,73.0,476.0,361.0,427.0
252.0,126.0,543.0,304.0,571.0
410.0,102.0,582.0,315.0,999.0
410.0,120.0,582.0,268.0,264.0
473.0,99.0,512.0,353.0,284.0
458.0,177.0,361.0,242.0,282.0
556.0,140.0,999.0,247.0,456.0
434.0,76.0,862.0,94.0,427.0
520.0,177.0,135.0,335.0,530.0
409.0,68.0,726.0,268.0,389.0
516.0,168.0,226.0,192.0,404.0
237.0,106.0,512.0,283.0,303.0
273.0,62.0,572.0,424.0,553.0
364.0,168.0,581.0,283.0,228.0
228.0,109.0,538.0,263.0,411.0
488.0,136.0,327.0,328.0,628.0
556.0,100.0,226.0,275.0,282.0
307.0,146.0,543.0,443.0,504.0
184.0,248.0,361.0,275.0,531.0
241.0,71.0,114.0,146.0,245.0
241.0,90.0,443.0,200.0,97.0
447.0,87.0,448.0,126.0,195.0
465.0,90.0,223.0,241.0,232.0
395.0,170.0,23.0,182.0,284.0
373.0,104.0,512.0,40.0,389.0
201.0,114.0,364.0,184.0,282.0
447.0,247.0,398.0,242.0,582.0
291.0,193.0,543.0,126.0,332.0
434.0,62.0,422.0,226.0,257.0
456.0,88.0,23.0,347.0,400.0
301.0,125.0,553.0,306.0,468.0
183.0,125.0,398.0,296.0,571.0
192.0,110.0,250.0,622.0,495.0
0.0,71.0,250.0,353.0,490.0
630.0,121.0,429.0,263.0,335.0
519.0,106.0,226.0,121.0,228.0
111.0,80.0,872.0,353.0,100.0
297.0,168.0,267.0,390.0,390.0
294.0,96.0,256.0,97.0,123.0
183.0,87.0,386.0,275.0,390.0
520.0,68.0,621.0,625.0,612.0
241.0,97.0,819.0,154.0,268.0
765.0,71.0,389.0,359.0,463.0
409.0,71.0,468.0,268.0,318.0
480.0,112.0,510.0,129.0,150.0
206.0,139.0,735.0,328.0,229.0
326.0,108.0,460.0,333.0,175.0
337.0,65.0,534.0,414.0,611.0
190.0,90.0,705.0,294.0,284.0
275.0,67.0,677.0,353.0,411.0
237.0,106.0,726.0,286.0,517.0
448.0,159.0,490.0,283.0,502.0
266.0,248.0,363.0,414.0,421.0
297.0,136.0,539.0,288.0,441.0
457.0,76.0,764.0,286.0,454.0
434.0,108.0,447.0,304.0,465.0
183.0,118.0,541.0,223.0,284.0
690.0,96.0,578.0,343.0,427.0
291.0,168.0,466.0,275.0,252.0
497.0,98.0,419.0,601.0,100.0
238.0,121.0,661.0,110.0,97.0
491.0,104.0,660.0,371.0,523.0
417.0,38.0,438.0,196.0,268.0
295.0,197.0,581.0,226.0,999.0
765.0,108.0,357.0,130.0,468.0
241.0,97.0,114.0,347.0,419.0
190.0,170.0,574.0,501.0,503.0
449.0,206.0,573.0,83.0,53.0
464.0,106.0,363.0,121.0,53.0
395.0,223.0,438.0,283.0,406.0
361.0,86.0,511.0,288.0,332.0
332.0,13.0,540.0,461.0,407.0
296.0,149.0,286.0,718.0,400.0
400.0,106.0,385.0,275.0,346.0
344.0,58.0,543.0,486.0,592.0
252.0,120.0,489.0,347.0,400.0
362.0,98.0,512.0,518.0,394.0
333.0,58.0,543.0,430.0,256.0
191.0,95.0,512.0,132.0,486.0
278.0,105.0,364.0,284.0,401.0
478.0,101.0,476.0,217.0,318.0
246.0,146.0,385.0,109.0,401.0
361.0,102.0,366.0,371.0,503.0
636.0,124.0,468.0,43.0,167.0
411.0,132.0,357.0,328.0,434.0
480.0,168.0,431.0,319.0,400.0
390.0,71.0,489.0,525.0,530.0
241.0,135.0,450.0,430.0,468.0
417.0,0.0,361.0,284.0,303.0
364.0,121.0,280.0,353.0,395.0
569.0,168.0,575.0,311.0,517.0
190.0,123.0,228.0,184.0,303.0
370.0,109.0,658.0,223.0,310.0
395.0,106.0,442.0,528.0,257.0
449.0,200.0,619.0,330.0,353.0
259.0,132.0,250.0,343.0,469.0
488.0,57.0,377.0,168.0,225.0
365.0,99.0,603.0,304.0,332.0
638.0,82.0,448.0,315.0,400.0
259.0,85.0,328.0,328.0,419.0
585.0,138.0,506.0,311.0,228.0
690.0,65.0,575.0,315.0,999.0
381.0,136.0,496.0,232.0,452.0
395.0,197.0,695.0,286.0,268.0
359.0,45.0,384.0,275.0,517.0
508.0,91.0,443.0,353.0,549.0
425.0,249.0,525.0,226.0,293.0
206.0,18.0,511.0,286.0,257.0
209.0,76.0,489.0,349.0,452.0
409.0,262.0,801.0,443.0,592.0
178.0,134.0,513.0,190.0,150.0
556.0,169.0,448.0,155.0,233.0
506.0,154.0,560.0,226.0,490.0
164.0,133.0,513.0,311.0,264.0
522.0,85.0,539.0,515.0,233.0
410.0,99.0,361.0,129.0,225.0
455.0,194.0,448.0,601.0,341.0
457.0,71.0,541.0,411.0,618.0
494.0,100.0,512.0,265.0,377.0
395.0,136.0,365.0,262.0,452.0
390.0,76.0,543.0,166.0,421.0
289.0,193.0,386.0,338.0,591.0
480.0,121.0,496.0,333.0,456.0
159.0,134.0,402.0,121.0,333.0
409.0,104.0,170.0,257.0,146.0
504.0,114.0,357.0,311.0,284.0
216.0,171.0,581.0,333.0,303.0
246.0,147.0,512.0,223.0,228.0
395.0,115.0,539.0,138.0,167.0
425.0,73.0,448.0,370.0,438.0
395.0,66.0,496.0,306.0,612.0
457.0,73.0,862.0,196.0,530.0
478.0,168.0,135.0,356.0,449.0
157.0,133.0,361.0,315.0,298.0
491.0,113.0,164.0,109.0,225.0
410.0,102.0,361.0,154.0,255.0
522.0,67.0,322.0,311.0,531.0
469.0,112.0,567.0,275.0,493.0
410.0,66.0,361.0,579.0,407.0
0.0,138.0,442.0,639.0,427.0
184.0,116.0,328.0,202.0,229.0
410.0,82.0,638.0,390.0,419.0
329.0,106.0,677.0,386.0,582.0
473.0,135.0,514.0,43.0,225.0
333.0,79.0,660.0,190.0,367.0
504.0,58.0,361.0,166.0,284.0
392.0,90.0,431.0,424.0,612.0
410.0,171.0,339.0,639.0,493.0
434.0,140.0,361.0,191.0,306.0
301.0,146.0,496.0,300.0,394.0
9.0,168.0,453.0,306.0,465.0
295.0,209.0,0.0,304.0,503.0
390.0,107.0,574.0,333.0,549.0
302.0,115.0,361.0,106.0,468.0
331.0,98.0,361.0,336.0,100.0
259.0,154.0,393.0,129.0,225.0
308.0,58.0,377.0,328.0,587.0
373.0,80.0,442.0,184.0,292.0
172.0,247.0,379.0,328.0,257.0
331.0,106.0,361.0,359.0,284.0
307.0,66.0,361.0,595.0,569.0
289.0,102.0,328.0,315.0,569.0
192.0,110.0,488.0,528.0,592.0
339.0,79.0,468.0,288.0,271.0
291.0,101.0,512.0,286.0,367.0
390.0,106.0,572.0,359.0,332.0
425.0,193.0,328.0,94.0,436.0
395.0,145.0,512.0,196.0,390.0
294.0,134.0,525.0,155.0,618.0
344.0,102.0,188.0,156.0,195.0
111.0,102.0,509.0,223.0,419.0
275.0,197.0,999.0,265.0,199.0
456.0,67.0,429.0,443.0,504.0
434.0,112.0,377.0,366.0,401.0
0.0,206.0,429.0,263.0,318.0
252.0,98.0,357.0,268.0,376.0
244.0,143.0,397.0,371.0,390.0
307.0,256.0,748.0,304.0,504.0
246.0,93.0,512.0,359.0,452.0
395.0,102.0,658.0,443.0,436.0
504.0,51.0,384.0,432.0,517.0
542.0,76.0,443.0,286.0,401.0
505.0,139.0,556.0,318.0,327.0
285.0,98.0,735.0,306.0,208.0
478.0,138.0,245.0,218.0,175.0
361.0,140.0,275.0,469.0,398.0
337.0,90.0,93.0,286.0,395.0
242.0,193.0,302.0,311.0,419.0
297.0,121.0,398.0,190.0,363.0
333.0,104.0,490.0,353.0,463.0
434.0,76.0,610.0,330.0,468.0
337.0,118.0,386.0,217.0,296.0
638.0,86.0,226.0,192.0,427.0
409.0,106.0,228.0,782.0,123.0
505.0,198.0,421.0,336.0,523.0
0.0,113.0,393.0,390.0,320.0
331.0,107.0,862.0,311.0,367.0
193.0,115.0,393.0,330.0,421.0
297.0,124.0,540.0,353.0,463.0
392.0,99.0,524.0,223.0,569.0
569.0,40.0,265.0,424.0,531.0
448.0,138.0,188.0,343.0,469.0
262.0,249.0,340.0,202.0,318.0
516.0,219.0,999.0,333.0,150.0
410.0,132.0,170.0,265.0,225.0
209.0,71.0,513.0,97.0,264.0
361.0,124.0,328.0,223.0,195.0
329.0,200.0,468.0,353.0,123.0
395.0,132.0,351.0,347.0,498.0
505.0,58.0,505.0,315.0,446.0
409.0,109.0,819.0,63.0,333.0
409.0,177.0,534.0,353.0,264.0
364.0,98.0,357.0,241.0,452.0
315.0,86.0,534.0,94.0,187.0
411.0,138.0,378.0,145.0,146.0
417.0,168.0,806.0,306.0,446.0
464.0,66.0,540.0,337.0,468.0
301.0,93.0,512.0,411.0,530.0
542.0,90.0,626.0,441.0,453.0
394.0,138.0,363.0,241.0,405.0
425.0,146.0,572.0,443.0,452.0
241.0,86.0,322.0,410.0,611.0
359.0,256.0,226.0,328.0,571.0
295.0,13.0,484.0,304.0,303.0
447.0,93.0,334.0,177.0,228.0
563.0,14.0,419.0,524.0,278.0
241.0,132.0,245.0,338.0,499.0
206.0,58.0,603.0,192.0,257.0
563.0,170.0,93.0,518.0,502.0
500.0,73.0,460.0,311.0,468.0
508.0,97.0,567.0,390.0,580.0
232.0,58.0,514.0,275.0,427.0
390.0,106.0,819.0,110.0,195.0
392.0,71.0,999.0,343.0,475.0
184.0,115.0,581.0,318.0,404.0
184.0,106.0,541.0,217.0,421.0
333.0,102.0,509.0,97.0,25.0
288.0,132.0,135.0,283.0,421.0
291.0,183.0,534.0,330.0,469.0
370.0,91.0,0.0,304.0,332.0
400.0,76.0,402.0,518.0,523.0
294.0,106.0,560.0,504.0,475.0
315.0,90.0,170.0,491.0,530.0
542.0,40.0,286.0,353.0,320.0
291.0,40.0,510.0,138.0,499.0
508.0,96.0,361.0,284.0,453.0
409.0,118.0,476.0,474.0,469.0
359.0,104.0,660.0,315.0,405.0
236.0,36.0,490.0,156.0,256.0
193.0,53.0,806.0,219.0,282.0
252.0,132.0,402.0,192.0,53.0
542.0,98.0,417.0,390.0,502.0
417.0,45.0,397.0,223.0,175.0
333.0,70.0,573.0,129.0,199.0
556.0,177.0,228.0,491.0,530.0
307.0,108.0,371.0,524.0,255.0
449.0,138.0,538.0,83.0,400.0
410.0,168.0,496.0,129.0,341.0
278.0,85.0,748.0,110.0,245.0
513.0,66.0,553.0,333.0,300.0
241.0,97.0,397.0,426.0,582.0
307.0,106.0,570.0,155.0,335.0
183.0,96.0,334.0,296.0,465.0
312.0,13.0,223.0,275.0,327.0
410.0,115.0,357.0,99.0,389.0
294.0,138.0,525.0,130.0,310.0
244.0,100.0,513.0,275.0,292.0
569.0,107.0,429.0,241.0,333.0
307.0,100.0,490.0,408.0,606.0
157.0,118.0,512.0,333.0,612.0
390.0,112.0,421.0,333.0,465.0
246.0,66.0,443.0,384.0,695.0
331.0,248.0,443.0,276.0,469.0
488.0,219.0,575.0,0.0,493.0
295.0,90.0,574.0,93.0,419.0
508.0,58.0,170.0,410.0,515.0
252.0,168.0,422.0,156.0,358.0
465.0,89.0,567.0,306.0,427.0
508.0,161.0,512.0,626.0,438.0
256.0,102.0,368.0,336.0,411.0
400.0,76.0,540.0,384.0,587.0
508.0,135.0,862.0,247.0,353.0
400.0,102.0,405.0,408.0,486.0
502.0,97.0,514.0,525.0,284.0
373.0,134.0,705.0,359.0,499.0
256.0,118.0,490.0,304.0,310.0
410.0,106.0,567.0,289.0,436.0
574.0,96.0,748.0,288.0,395.0
505.0,45.0,560.0,275.0,420.0
425.0,170.0,999.0,338.0,424.0
251.0,168.0,371.0,347.0,97.0
326.0,100.0,410.0,601.0,419.0
361.0,45.0,578.0,190.0,308.0
425.0,200.0,572.0,223.0,296.0
193.0,110.0,366.0,191.0,367.0
191.0,90.0,385.0,504.0,233.0
395.0,71.0,619.0,155.0,199.0
469.0,95.0,447.0,353.0,389.0
354.0,168.0,556.0,562.0,587.0
506.0,92.0,265.0,40.0,335.0
209.0,105.0,512.0,622.0,424.0
481.0,120.0,357.0,999.0,612.0
508.0,110.0,280.0,155.0,146.0
765.0,90.0,619.0,94.0,454.0
448.0,102.0,578.0,191.0,232.0
241.0,107.0,389.0,414.0,592.0
238.0,121.0,357.0,718.0,438.0
241.0,999.0,426.0,191.0,245.0
506.0,102.0,512.0,300.0,320.0
424.0,91.0,377.0,286.0,146.0
339.0,249.0,361.0,121.0,217.0
392.0,58.0,364.0,347.0,367.0
636.0,106.0,556.0,195.0,195.0
315.0,107.0,489.0,106.0,223.0
285.0,219.0,265.0,99.0,264.0
458.0,135.0,402.0,40.0,303.0
395.0,109.0,368.0,156.0,229.0
519.0,115.0,363.0,318.0,468.0
457.0,102.0,378.0,284.0,268.0
256.0,85.0,575.0,232.0,534.0
692.0,168.0,402.0,608.0,335.0
465.0,105.0,371.0,443.0,406.0
184.0,106.0,448.0,315.0,320.0
392.0,120.0,554.0,311.0,394.0
516.0,206.0,512.0,300.0,229.0
193.0,107.0,431.0,189.0,339.0
469.0,118.0,302.0,432.0,438.0
542.0,101.0,265.0,192.0,327.0
184.0,102.0,543.0,189.0,407.0
262.0,177.0,327.0,528.0,618.0
190.0,96.0,386.0,109.0,98.0
488.0,159.0,576.0,491.0,320.0
294.0,140.0,764.0,283.0,454.0
519.0,86.0,489.0,218.0,618.0
209.0,9.0,256.0,177.0,282.0
0.0,90.0,426.0,155.0,421.0
410.0,207.0,429.0,639.0,475.0
152.0,90.0,410.0,110.0,335.0
395.0,156.0,567.0,308.0,407.0
478.0,154.0,482.0,678.0,282.0
458.0,76.0,328.0,311.0,427.0
294.0,133.0,496.0,226.0,293.0
152.0,161.0,539.0,311.0,341.0
159.0,115.0,524.0,300.0,517.0
315.0,95.0,610.0,155.0,225.0
159.0,154.0,371.0,330.0,695.0
411.0,9.0,368.0,318.0,427.0
690.0,223.0,351.0,359.0,493.0
457.0,73.0,188.0,232.0,264.0
692.0,106.0,302.0,286.0,504.0
241.0,207.0,442.0,449.0,318.0
395.0,168.0,389.0,268.0,395.0
563.0,121.0,764.0,155.0,406.0
520.0,91.0,573.0,353.0,569.0
469.0,118.0,476.0,94.0,303.0
394.0,118.0,366.0,518.0,495.0
206.0,140.0,489.0,504.0,146.0
237.0,120.0,327.0,469.0,214.0
431.0,523.0,361.0,191.0,436.0
411.0,108.0,397.0,386.0,553.0
329.0,73.0,361.0,311.0,390.0
361.0,82.0,438.0,424.0,395.0
434.0,96.0,553.0,263.0,406.0
149.0,99.0,538.0,226.0,418.0
434.0,110.0,438.0,432.0,284.0
178.0,102.0,280.0,283.0,438.0
410.0,209.0,661.0,294.0,405.0
294.0,40.0,453.0,343.0,511.0
465.0,82.0,366.0,283.0,438.0
701.0,195.0,570.0,647.0,517.0
172.0,134.0,430.0,220.0,404.0
364.0,194.0,695.0,315.0,284.0
302.0,248.0,726.0,202.0,534.0
456.0,140.0,442.0,361.0,150.0
381.0,97.0,660.0,371.0,268.0
152.0,132.0,506.0,106.0,123.0
275.0,97.0,426.0,289.0,418.0
209.0,62.0,347.0,424.0,465.0
9.0,950.0,505.0,195.0,100.0
244.0,109.0,488.0,138.0,146.0
519.0,130.0,543.0,232.0,468.0
447.0,102.0,419.0,458.0,261.0
701.0,102.0,512.0,304.0,292.0
291.0,107.0,361.0,189.0,268.0
157.0,145.0,468.0,288.0,468.0
275.0,95.0,379.0,626.0,363.0
294.0,40.0,328.0,182.0,225.0
164.0,84.0,572.0,504.0,367.0
425.0,80.0,554.0,469.0,493.0
183.0,91.0,328.0,257.0,391.0
392.0,87.0,748.0,432.0,536.0
236.0,123.0,573.0,121.0,53.0
241.0,108.0,384.0,304.0,377.0
447.0,97.0,448.0,371.0,512.0
373.0,209.0,581.0,311.0,398.0
296.0,68.0,619.0,328.0,495.0
329.0,109.0,442.0,304.0,465.0
522.0,108.0,410.0,469.0,511.0
765.0,67.0,170.0,263.0,302.0
395.0,67.0,553.0,195.0,217.0
494.0,175.0,574.0,622.0,465.0
395.0,248.0,114.0,458.0,587.0
361.0,138.0,482.0,411.0,401.0
275.0,146.0,538.0,333.0,499.0
275.0,85.0,250.0,123.0,123.0
193.0,121.0,378.0,184.0,255.0
638.0,115.0,334.0,338.0,490.0
307.0,219.0,512.0,226.0,268.0
237.0,66.0,541.0,424.0,499.0
413.0,134.0,340.0,562.0,530.0
252.0,73.0,402.0,154.0,278.0
191.0,58.0,572.0,192.0,367.0
513.0,66.0,576.0,315.0,468.0
273.0,223.0,385.0,126.0,123.0
395.0,121.0,512.0,182.0,150.0
542.0,140.0,223.0,196.0,264.0
458.0,143.0,442.0,528.0,406.0
285.0,76.0,0.0,344.0,469.0
464.0,86.0,801.0,263.0,303.0
464.0,200.0,806.0,601.0,486.0
400.0,175.0,327.0,275.0,400.0
273.0,121.0,567.0,469.0,465.0
228.0,132.0,862.0,311.0,225.0
516.0,132.0,660.0,265.0,463.0
467.0,112.0,872.0,275.0,404.0
329.0,70.0,347.0,43.0,538.0
237.0,102.0,705.0,138.0,298.0
251.0,67.0,328.0,328.0,245.0
411.0,156.0,572.0,384.0,468.0
690.0,136.0,417.0,126.0,217.0
289.0,120.0,554.0,226.0,229.0
288.0,73.0,430.0,366.0,456.0
636.0,9.0,421.0,469.0,493.0
425.0,40.0,488.0,189.0,332.0
471.0,113.0,351.0,524.0,65.0
394.0,184.0,402.0,411.0,449.0
395.0,71.0,188.0,40.0,225.0
152.0,0.0,748.0,439.0,418.0
539.0,171.0,576.0,184.0,419.0
500.0,154.0,538.0,343.0,431.0
192.0,123.0,539.0,344.0,225.0
333.0,102.0,368.0,315.0,468.0
411.0,138.0,135.0,223.0,333.0
425.0,67.0,361.0,63.0,124.0
302.0,102.0,378.0,218.0,0.0
273.0,145.0,351.0,177.0,534.0
278.0,107.0,378.0,296.0,214.0
157.0,126.0,389.0,220.0,389.0
508.0,79.0,660.0,195.0,245.0
392.0,184.0,431.0,283.0,310.0
320.0,110.0,582.0,219.0,310.0
289.0,147.0,286.0,218.0,353.0
244.0,110.0,806.0,227.0,419.0
339.0,86.0,570.0,353.0,419.0
364.0,113.0,328.0,349.0,406.0
506.0,68.0,442.0,288.0,534.0
184.0,62.0,621.0,275.0,263.0
504.0,97.0,447.0,294.0,475.0
228.0,95.0,576.0,319.0,400.0
425.0,132.0,506.0,226.0,427.0
392.0,126.0,735.0,333.0,376.0
563.0,98.0,543.0,286.0,341.0
246.0,68.0,365.0,265.0,320.0
394.0,66.0,567.0,424.0,571.0
457.0,132.0,188.0,361.0,431.0
425.0,118.0,385.0,99.0,517.0
390.0,175.0,484.0,647.0,517.0
395.0,132.0,539.0,639.0,300.0
289.0,108.0,585.0,196.0,517.0
294.0,118.0,509.0,195.0,320.0
690.0,247.0,488.0,242.0,427.0
467.0,194.0,226.0,333.0,453.0
392.0,87.0,567.0,232.0,392.0
256.0,138.0,735.0,184.0,223.0
191.0,170.0,619.0,579.0,347.0
232.0,115.0,496.0,501.0,571.0
425.0,177.0,582.0,130.0,320.0
192.0,89.0,164.0,223.0,146.0
365.0,194.0,509.0,424.0,421.0
636.0,91.0,638.0,145.0,228.0
275.0,108.0,585.0,223.0,400.0
238.0,53.0,419.0,595.0,452.0
191.0,58.0,525.0,113.0,257.0
256.0,120.0,419.0,202.0,98.0
206.0,140.0,419.0,132.0,421.0
362.0,106.0,541.0,219.0,434.0
157.0,209.0,448.0,99.0,419.0
542.0,76.0,661.0,562.0,404.0
447.0,105.0,488.0,109.0,411.0
228.0,58.0,361.0,263.0,446.0
190.0,76.0,658.0,338.0,498.0
190.0,999.0,482.0,311.0,411.0
395.0,36.0,361.0,318.0,284.0
270.0,115.0,677.0,192.0,264.0
238.0,168.0,806.0,430.0,0.0
241.0,143.0,419.0,81.0,569.0
183.0,105.0,543.0,311.0,517.0
395.0,177.0,366.0,315.0,225.0
232.0,88.0,509.0,518.0,591.0
244.0,206.0,429.0,146.0,264.0
701.0,53.0,581.0,384.0,728.0
508.0,132.0,506.0,336.0,217.0
241.0,71.0,578.0,97.0,335.0
392.0,87.0,226.0,999.0,999.0
236.0,95.0,603.0,525.0,571.0
370.0,100.0,402.0,353.0,503.0
381.0,106.0,228.0,316.0,407.0
291.0,113.0,448.0,316.0,493.0
184.0,106.0,302.0,138.0,264.0
373.0,105.0,872.0,328.0,468.0
448.0,999.0,377.0,491.0,536.0
370.0,97.0,705.0,242.0,407.0
409.0,132.0,572.0,424.0,523.0
585.0,52.0,572.0,182.0,420.0
329.0,105.0,429.0,191.0,469.0
201.0,108.0,505.0,469.0,302.0
556.0,76.0,361.0,316.0,310.0
456.0,105.0,512.0,109.0,327.0
191.0,70.0,581.0,94.0,296.0
244.0,108.0,228.0,146.0,611.0
252.0,100.0,510.0,316.0,298.0
329.0,107.0,431.0,426.0,499.0
339.0,999.0,764.0,283.0,427.0
464.0,283.0,328.0,515.0,465.0
359.0,203.0,389.0,97.0,256.0
0.0,113.0,581.0,110.0,284.0
390.0,106.0,619.0,126.0,268.0
332.0,195.0,393.0,182.0,271.0
390.0,91.0,164.0,130.0,123.0
266.0,124.0,265.0,328.0,347.0
458.0,51.0,363.0,184.0,300.0
381.0,121.0,496.0,94.0,268.0
563.0,113.0,361.0,121.0,523.0
288.0,102.0,334.0,192.0,146.0
241.0,120.0,482.0,390.0,418.0
246.0,106.0,426.0,441.0,398.0
270.0,133.0,0.0,217.0,229.0
456.0,40.0,575.0,129.0,214.0
364.0,133.0,170.0,304.0,530.0
228.0,58.0,365.0,353.0,495.0
232.0,170.0,363.0,106.0,191.0
417.0,73.0,411.0,424.0,999.0
508.0,98.0,695.0,196.0,284.0
542.0,51.0,188.0,315.0,53.0
300.0,67.0,363.0,344.0,404.0
307.0,200.0,496.0,411.0,534.0
927.0,58.0,490.0,304.0,404.0
411.0,145.0,466.0,154.0,419.0
395.0,118.0,368.0,353.0,424.0
252.0,100.0,603.0,518.0,530.0
236.0,62.0,543.0,284.0,229.0
331.0,132.0,576.0,190.0,341.0
520.0,207.0,385.0,601.0,332.0
302.0,209.0,489.0,335.0,332.0
275.0,66.0,574.0,223.0,538.0
337.0,114.0,575.0,361.0,418.0
481.0,79.0,170.0,316.0,534.0
480.0,90.0,554.0,284.0,341.0
0.0,97.0,785.0,226.0,395.0
390.0,209.0,619.0,63.0,569.0
237.0,51.0,572.0,286.0,282.0
270.0,0.0,429.0,156.0,490.0
236.0,145.0,525.0,223.0,65.0
164.0,118.0,509.0,130.0,53.0
297.0,102.0,357.0,608.0,534.0
308.0,90.0,23.0,411.0,549.0
302.0,38.0,490.0,647.0,400.0
630.0,139.0,328.0,153.0,217.0
183.0,79.0,422.0,276.0,420.0
191.0,62.0,411.0,242.0,580.0
291.0,120.0,509.0,153.0,517.0
456.0,73.0,334.0,625.0,100.0
410.0,93.0,417.0,515.0,591.0
638.0,73.0,660.0,283.0,392.0
365.0,97.0,660.0,528.0,284.0
424.0,115.0,114.0,217.0,53.0
275.0,18.0,245.0,81.0,256.0
999.0,136.0,541.0,333.0,490.0
508.0,57.0,450.0,318.0,523.0
392.0,71.0,567.0,226.0,335.0
425.0,95.0,450.0,424.0,468.0
394.0,209.0,430.0,155.0,332.0
184.0,247.0,357.0,528.0,588.0
193.0,132.0,366.0,371.0,0.0
500.0,133.0,567.0,184.0,257.0
480.0,101.0,357.0,217.0,332.0
390.0,93.0,512.0,217.0,395.0
339.0,53.0,705.0,315.0,499.0
289.0,109.0,366.0,316.0,453.0
455.0,40.0,512.0,195.0,223.0
329.0,90.0,364.0,94.0,229.0
434.0,200.0,660.0,626.0,498.0
464.0,175.0,0.0,257.0,406.0
502.0,134.0,489.0,69.0,407.0
480.0,58.0,603.0,504.0,310.0
449.0,107.0,378.0,283.0,282.0
193.0,38.0,334.0,469.0,401.0
278.0,80.0,436.0,441.0,363.0
337.0,73.0,512.0,371.0,208.0
278.0,71.0,419.0,276.0,225.0
152.0,140.0,448.0,247.0,390.0
326.0,45.0,660.0,182.0,504.0
184.0,44.0,705.0,316.0,284.0
191.0,67.0,764.0,270.0,310.0
246.0,145.0,430.0,155.0,255.0
668.0,195.0,496.0,439.0,335.0
425.0,108.0,543.0,184.0,214.0
457.0,138.0,379.0,283.0,407.0
307.0,143.0,540.0,220.0,232.0
522.0,92.0,351.0,337.0,318.0
522.0,132.0,426.0,622.0,549.0
585.0,209.0,361.0,411.0,401.0
331.0,138.0,554.0,294.0,424.0
701.0,120.0,512.0,304.0,512.0
0.0,198.0,357.0,469.0,476.0
307.0,108.0,164.0,154.0,376.0
478.0,40.0,250.0,226.0,406.0
395.0,102.0,421.0,622.0,332.0
256.0,71.0,223.0,129.0,221.0
206.0,149.0,661.0,469.0,389.0
395.0,76.0,610.0,296.0,256.0
183.0,134.0,327.0,458.0,468.0
508.0,58.0,572.0,304.0,449.0
241.0,101.0,393.0,97.0,100.0
237.0,65.0,322.0,304.0,358.0
381.0,118.0,310.0,639.0,208.0
259.0,67.0,429.0,283.0,611.0
409.0,183.0,363.0,449.0,298.0
278.0,129.0,417.0,283.0,499.0
320.0,207.0,351.0,304.0,303.0
332.0,76.0,438.0,308.0,245.0
296.0,80.0,806.0,38.0,452.0
516.0,45.0,384.0,289.0,367.0
636.0,112.0,539.0,311.0,394.0
434.0,101.0,448.0,184.0,292.0
395.0,132.0,431.0,270.0,377.0
259.0,14.0,567.0,283.0,434.0
488.0,219.0,310.0,153.0,446.0
192.0,95.0,785.0,356.0,394.0
491.0,52.0,328.0,504.0,377.0
395.0,102.0,419.0,43.0,434.0
392.0,92.0,785.0,283.0,232.0
111.0,45.0,582.0,414.0,549.0
331.0,67.0,245.0,562.0,465.0
206.0,58.0,364.0,153.0,284.0
241.0,108.0,422.0,486.0,424.0
448.0,105.0,378.0,226.0,278.0
190.0,107.0,541.0,390.0,517.0
329.0,90.0,363.0,294.0,463.0
392.0,134.0,364.0,333.0,523.0
241.0,96.0,511.0,94.0,523.0
425.0,44.0,267.0,241.0,475.0
149.0,106.0,438.0,304.0,498.0
413.0,67.0,368.0,525.0,392.0
252.0,66.0,534.0,294.0,392.0
292.0,197.0,509.0,283.0,515.0
522.0,132.0,399.0,524.0,332.0
237.0,73.0,340.0,304.0,284.0
228.0,207.0,567.0,349.0,367.0
690.0,159.0,438.0,268.0,427.0
302.0,146.0,378.0,184.0,424.0
480.0,102.0,638.0,242.0,588.0
266.0,124.0,340.0,469.0,587.0
365.0,108.0,363.0,318.0,431.0
246.0,207.0,361.0,328.0,363.0
497.0,100.0,582.0,308.0,300.0
359.0,177.0,576.0,316.0,434.0
395.0,200.0,621.0,359.0,568.0
425.0,93.0,389.0,227.0,395.0
455.0,193.0,585.0,184.0,587.0
232.0,126.0,135.0,227.0,424.0
425.0,219.0,223.0,504.0,394.0
364.0,53.0,695.0,432.0,582.0
191.0,134.0,327.0,608.0,628.0
111.0,73.0,554.0,330.0,187.0
302.0,171.0,361.0,263.0,318.0
244.0,132.0,677.0,200.0,591.0
410.0,92.0,513.0,257.0,367.0
390.0,130.0,748.0,283.0,405.0
636.0,133.0,543.0,315.0,406.0
241.0,99.0,417.0,284.0,549.0
392.0,118.0,512.0,390.0,300.0
339.0,107.0,572.0,283.0,389.0
9.0,90.0,327.0,353.0,367.0
390.0,126.0,393.0,318.0,306.0
425.0,100.0,610.0,343.0,252.0
644.0,38.0,567.0,40.0,320.0
184.0,91.0,572.0,330.0,418.0
289.0,203.0,785.0,601.0,353.0
395.0,109.0,442.0,129.0,296.0
312.0,118.0,496.0,126.0,217.0
411.0,91.0,705.0,275.0,367.0
296.0,58.0,506.0,319.0,394.0
500.0,85.0,302.0,411.0,468.0
193.0,90.0,422.0,411.0,465.0
638.0,140.0,488.0,189.0,175.0
392.0,106.0,405.0,359.0,394.0
457.0,132.0,398.0,219.0,418.0
478.0,102.0,538.0,300.0,214.0
516.0,110.0,275.0,308.0,465.0
294.0,71.0,361.0,110.0,264.0
417.0,124.0,581.0,504.0,504.0
157.0,104.0,448.0,275.0,517.0
291.0,105.0,660.0,300.0,327.0
300.0,171.0,466.0,353.0,65.0
354.0,95.0,484.0,192.0,221.0
216.0,97.0,402.0,501.0,284.0
392.0,168.0,554.0,333.0,431.0
236.0,102.0,322.0,268.0,310.0
491.0,84.0,399.0,328.0,503.0
241.0,97.0,135.0,328.0,310.0
488.0,115.0,484.0,184.0,407.0
0.0,106.0,999.0,626.0,515.0
373.0,67.0,0.0,308.0,517.0
456.0,168.0,411.0,113.0,482.0
184.0,86.0,431.0,283.0,208.0
307.0,62.0,340.0,283.0,612.0
252.0,105.0,405.0,315.0,420.0
312.0,96.0,567.0,189.0,293.0
491.0,105.0,315.0,647.0,347.0
183.0,87.0,525.0,441.0,358.0
365.0,85.0,619.0,40.0,100.0
0.0,146.0,361.0,515.0,436.0
409.0,79.0,342.0,647.0,588.0
508.0,126.0,509.0,220.0,167.0
365.0,51.0,361.0,268.0,282.0
266.0,143.0,398.0,411.0,424.0
542.0,206.0,582.0,223.0,394.0
191.0,86.0,384.0,504.0,420.0
292.0,73.0,539.0,219.0,208.0
172.0,96.0,363.0,257.0,530.0
500.0,45.0,429.0,241.0,225.0
238.0,73.0,505.0,226.0,591.0
241.0,67.0,541.0,219.0,420.0
425.0,116.0,365.0,94.0,228.0
184.0,118.0,429.0,83.0,475.0
465.0,66.0,430.0,426.0,245.0
508.0,209.0,340.0,639.0,523.0
392.0,140.0,342.0,304.0,229.0
469.0,108.0,506.0,219.0,398.0
999.0,209.0,660.0,411.0,493.0
339.0,104.0,448.0,226.0,303.0
238.0,207.0,234.0,217.0,523.0
300.0,198.0,250.0,242.0,353.0
333.0,71.0,570.0,296.0,392.0
312.0,80.0,135.0,200.0,300.0
692.0,96.0,509.0,328.0,434.0
295.0,97.0,245.0,333.0,534.0
337.0,135.0,872.0,110.0,98.0
295.0,248.0,431.0,359.0,523.0
191.0,89.0,603.0,40.0,0.0
491.0,90.0,256.0,154.0,199.0
636.0,71.0,419.0,411.0,434.0
491.0,115.0,506.0,226.0,363.0
246.0,183.0,397.0,226.0,341.0
370.0,123.0,489.0,113.0,284.0
395.0,91.0,581.0,390.0,523.0
508.0,57.0,482.0,338.0,568.0
469.0,195.0,442.0,130.0,318.0
294.0,90.0,574.0,356.0,515.0
256.0,193.0,379.0,328.0,358.0
289.0,106.0,677.0,129.0,245.0
333.0,116.0,363.0,353.0,504.0
9.0,0.0,575.0,297.0,580.0
392.0,73.0,567.0,528.0,282.0
434.0,62.0,302.0,121.0,175.0
556.0,97.0,322.0,93.0,199.0
206.0,200.0,410.0,328.0,591.0
394.0,45.0,399.0,168.0,268.0
458.0,146.0,553.0,622.0,592.0
361.0,115.0,572.0,449.0,320.0
246.0,102.0,447.0,184.0,261.0
149.0,168.0,234.0,289.0,303.0
252.0,110.0,540.0,276.0,278.0
425.0,207.0,192.0,192.0,292.0
395.0,51.0,399.0,191.0,333.0
339.0,248.0,286.0,263.0,187.0
638.0,57.0,554.0,524.0,606.0
289.0,79.0,999.0,304.0,580.0
159.0,66.0,442.0,265.0,320.0
307.0,175.0,484.0,424.0,530.0
228.0,110.0,385.0,262.0,512.0
494.0,106.0,397.0,338.0,591.0
315.0,104.0,280.0,286.0,394.0
449.0,115.0,265.0,426.0,536.0
765.0,9.0,621.0,306.0,255.0
237.0,200.0,192.0,315.0,424.0
403.0,118.0,819.0,311.0,310.0
701.0,129.0,468.0,262.0,347.0
326.0,52.0,328.0,353.0,569.0
410.0,38.0,351.0,99.0,187.0
270.0,134.0,421.0,220.0,53.0
478.0,66.0,560.0,184.0,255.0
301.0,132.0,619.0,247.0,612.0
425.0,93.0,417.0,424.0,419.0
390.0,207.0,361.0,449.0,611.0
410.0,40.0,512.0,247.0,332.0
434.0,73.0,525.0,524.0,431.0
569.0,89.0,705.0,316.0,441.0
478.0,113.0,496.0,315.0,332.0
480.0,132.0,482.0,300.0,100.0
152.0,123.0,384.0,184.0,214.0
184.0,177.0,539.0,154.0,292.0
467.0,106.0,267.0,311.0,418.0
500.0,106.0,357.0,192.0,146.0
473.0,120.0,509.0,524.0,536.0
481.0,76.0,386.0,196.0,308.0
480.0,113.0,476.0,330.0,302.0
394.0,62.0,748.0,318.0,384.0
331.0,104.0,581.0,432.0,588.0
320.0,91.0,339.0,156.0,530.0
508.0,90.0,509.0,286.0,530.0
241.0,134.0,357.0,276.0,504.0
89.0,168.0,999.0,626.0,398.0
520.0,76.0,357.0,297.0,454.0
216.0,68.0,468.0,191.0,263.0
478.0,87.0,250.0,335.0,271.0
354.0,130.0,576.0,370.0,549.0
448.0,14.0,603.0,458.0,406.0
364.0,67.0,389.0,153.0,367.0
307.0,118.0,286.0,524.0,536.0
569.0,68.0,385.0,247.0,167.0
296.0,132.0,422.0,275.0,571.0
409.0,71.0,30.0,353.0,517.0
500.0,184.0,525.0,284.0,332.0
373.0,45.0,511.0,218.0,411.0
467.0,102.0,426.0,411.0,446.0
395.0,52.0,364.0,525.0,424.0
329.0,95.0,735.0,318.0,421.0
690.0,145.0,265.0,43.0,191.0
193.0,57.0,638.0,336.0,465.0
209.0,200.0,234.0,311.0,264.0
542.0,67.0,275.0,94.0,217.0
505.0,138.0,505.0,190.0,391.0
320.0,156.0,582.0,83.0,97.0
337.0,120.0,340.0,168.0,427.0
285.0,161.0,250.0,333.0,419.0
361.0,118.0,524.0,275.0,333.0
491.0,73.0,265.0,622.0,390.0
172.0,93.0,234.0,218.0,419.0
390.0,134.0,543.0,718.0,530.0
638.0,132.0,265.0,97.0,523.0
506.0,86.0,328.0,430.0,282.0
434.0,102.0,999.0,232.0,261.0
206.0,198.0,378.0,154.0,544.0
690.0,40.0,342.0,110.0,195.0
425.0,106.0,490.0,626.0,571.0
307.0,132.0,581.0,177.0,482.0
237.0,68.0,327.0,390.0,463.0
644.0,149.0,510.0,449.0,695.0
275.0,118.0,582.0,410.0,223.0
516.0,108.0,0.0,333.0,419.0
457.0,106.0,366.0,333.0,284.0
467.0,86.0,361.0,192.0,263.0
184.0,76.0,448.0,424.0,536.0
361.0,88.0,419.0,504.0,534.0
373.0,82.0,581.0,94.0,0.0
296.0,121.0,135.0,359.0,302.0
563.0,147.0,466.0,153.0,261.0
191.0,168.0,453.0,625.0,612.0
362.0,106.0,114.0,83.0,187.0
296.0,138.0,735.0,528.0,346.0
390.0,108.0,573.0,443.0,468.0
465.0,62.0,513.0,200.0,436.0
692.0,107.0,560.0,316.0,482.0
295.0,66.0,534.0,343.0,407.0
516.0,129.0,658.0,424.0,587.0
373.0,66.0,872.0,155.0,475.0
390.0,71.0,572.0,316.0,469.0
190.0,71.0,496.0,318.0,333.0
331.0,82.0,512.0,106.0,264.0
457.0,129.0,342.0,304.0,214.0
184.0,111.0,543.0,304.0,411.0
395.0,126.0,524.0,113.0,493.0
339.0,126.0,170.0,223.0,292.0
392.0,145.0,398.0,265.0,611.0
424.0,126.0,505.0,353.0,431.0
746.0,146.0,575.0,316.0,217.0
294.0,140.0,322.0,333.0,341.0
172.0,248.0,626.0,782.0,512.0
256.0,71.0,534.0,226.0,332.0
244.0,209.0,379.0,349.0,390.0
157.0,102.0,398.0,349.0,587.0
244.0,112.0,256.0,275.0,469.0
424.0,18.0,23.0,286.0,229.0
270.0,73.0,575.0,366.0,391.0
999.0,38.0,365.0,311.0,523.0
471.0,115.0,506.0,241.0,486.0
392.0,177.0,512.0,518.0,512.0
746.0,198.0,490.0,347.0,612.0
295.0,112.0,365.0,275.0,146.0
242.0,113.0,385.0,639.0,611.0
184.0,154.0,872.0,195.0,405.0
184.0,100.0,378.0,304.0,454.0
307.0,62.0,386.0,608.0,571.0
519.0,118.0,364.0,286.0,389.0
619.0,171.0,135.0,333.0,255.0
252.0,168.0,806.0,145.0,284.0
354.0,76.0,322.0,336.0,454.0
308.0,87.0,506.0,154.0,214.0
275.0,109.0,567.0,347.0,499.0
508.0,206.0,339.0,501.0,223.0
244.0,57.0,573.0,289.0,394.0
520.0,121.0,603.0,353.0,531.0
473.0,102.0,539.0,579.0,493.0
478.0,98.0,192.0,426.0,420.0
390.0,105.0,575.0,113.0,463.0
296.0,51.0,310.0,226.0,476.0
206.0,102.0,686.0,469.0,53.0
183.0,109.0,512.0,315.0,376.0
516.0,168.0,170.0,622.0,245.0
291.0,101.0,466.0,289.0,367.0
585.0,87.0,999.0,184.0,98.0
556.0,135.0,363.0,316.0,695.0
241.0,107.0,192.0,328.0,389.0
361.0,184.0,496.0,461.0,411.0
390.0,67.0,514.0,257.0,587.0
395.0,108.0,397.0,335.0,453.0
241.0,93.0,489.0,43.0,306.0
373.0,129.0,585.0,958.0,588.0
354.0,18.0,610.0,43.0,123.0
390.0,115.0,56.0,146.0,264.0
434.0,999.0,436.0,458.0,493.0
471.0,58.0,512.0,109.0,199.0
159.0,86.0,509.0,316.0,580.0
294.0,97.0,482.0,330.0,431.0
244.0,66.0,453.0,297.0,232.0
373.0,113.0,512.0,227.0,611.0
448.0,106.0,578.0,289.0,392.0
315.0,105.0,23.0,220.0,502.0
292.0,110.0,510.0,218.0,456.0
638.0,159.0,554.0,461.0,530.0
183.0,194.0,357.0,247.0,454.0
9.0,115.0,556.0,304.0,390.0
193.0,132.0,585.0,359.0,418.0
184.0,92.0,512.0,226.0,284.0
296.0,40.0,576.0,177.0,98.0
294.0,0.0,23.0,226.0,395.0
288.0,283.0,361.0,424.0,191.0
502.0,126.0,801.0,441.0,405.0
394.0,67.0,450.0,184.0,53.0
246.0,95.0,399.0,123.0,223.0
999.0,113.0,514.0,177.0,271.0
339.0,249.0,735.0,263.0,255.0
392.0,90.0,638.0,247.0,515.0
302.0,88.0,23.0,458.0,452.0
395.0,96.0,450.0,347.0,523.0
236.0,145.0,322.0,316.0,502.0
312.0,106.0,801.0,177.0,217.0
270.0,112.0,482.0,153.0,398.0
238.0,71.0,327.0,263.0,318.0
448.0,138.0,539.0,223.0,376.0
266.0,105.0,399.0,315.0,320.0
206.0,140.0,419.0,315.0,264.0
395.0,147.0,357.0,268.0,504.0
364.0,115.0,377.0,411.0,245.0
301.0,102.0,539.0,411.0,217.0
392.0,256.0,361.0,296.0,611.0
505.0,96.0,574.0,304.0,298.0
497.0,58.0,322.0,300.0,376.0
410.0,116.0,361.0,283.0,469.0
765.0,113.0,438.0,626.0,394.0
307.0,38.0,553.0,424.0,150.0
638.0,58.0,626.0,390.0,482.0
392.0,105.0,442.0,390.0,436.0
294.0,207.0,430.0,426.0,493.0
390.0,175.0,661.0,192.0,332.0
395.0,62.0,93.0,678.0,233.0
361.0,169.0,361.0,178.0,97.0
464.0,200.0,539.0,366.0,568.0
619.0,105.0,806.0,184.0,256.0
273.0,107.0,574.0,283.0,367.0
297.0,200.0,512.0,156.0,405.0
301.0,79.0,560.0,311.0,261.0
390.0,57.0,581.0,430.0,503.0
409.0,36.0,512.0,304.0,418.0
447.0,145.0,496.0,443.0,493.0
425.0,66.0,513.0,449.0,606.0
424.0,108.0,450.0,411.0,495.0
417.0,118.0,363.0,308.0,391.0
390.0,140.0,468.0,333.0,199.0
244.0,96.0,512.0,223.0,606.0
262.0,51.0,384.0,338.0,199.0
434.0,52.0,511.0,286.0,363.0
300.0,126.0,364.0,106.0,453.0
392.0,108.0,572.0,93.0,308.0
392.0,86.0,513.0,40.0,65.0
425.0,207.0,135.0,184.0,97.0
308.0,108.0,351.0,432.0,404.0
339.0,85.0,377.0,304.0,318.0
409.0,203.0,363.0,439.0,495.0
411.0,248.0,567.0,411.0,284.0
403.0,109.0,417.0,226.0,449.0
520.0,198.0,275.0,294.0,225.0
457.0,73.0,334.0,202.0,398.0
927.0,36.0,347.0,353.0,124.0
184.0,100.0,402.0,223.0,229.0
400.0,102.0,540.0,524.0,618.0
289.0,136.0,576.0,426.0,504.0
403.0,113.0,476.0,678.0,424.0
409.0,134.0,501.0,486.0,475.0
339.0,146.0,384.0,276.0,418.0
329.0,115.0,385.0,579.0,65.0
337.0,109.0,398.0,304.0,300.0
331.0,248.0,410.0,316.0,394.0
455.0,197.0,322.0,432.0,438.0
237.0,90.0,377.0,439.0,424.0
301.0,168.0,436.0,390.0,468.0
424.0,140.0,999.0,515.0,264.0
513.0,146.0,488.0,184.0,498.0
465.0,140.0,567.0,191.0,612.0
519.0,126.0,526.0,353.0,499.0
434.0,67.0,661.0,38.0,245.0
238.0,102.0,339.0,265.0,391.0
481.0,126.0,340.0,330.0,391.0
469.0,124.0,661.0,288.0,400.0
395.0,113.0,626.0,330.0,225.0
542.0,93.0,188.0,430.0,452.0
410.0,132.0,443.0,217.0,146.0
569.0,0.0,448.0,343.0,377.0
278.0,88.0,539.0,177.0,400.0
373.0,107.0,386.0,109.0,195.0
339.0,66.0,334.0,168.0,300.0
294.0,102.0,513.0,217.0,420.0
301.0,106.0,748.0,196.0,453.0
289.0,106.0,603.0,121.0,310.0
425.0,98.0,576.0,145.0,296.0
519.0,106.0,448.0,268.0,320.0
307.0,139.0,567.0,439.0,303.0
469.0,223.0,539.0,518.0,591.0
191.0,97.0,363.0,109.0,225.0
456.0,71.0,748.0,191.0,232.0
285.0,107.0,496.0,518.0,389.0
457.0,133.0,538.0,311.0,486.0
434.0,87.0,328.0,353.0,421.0
320.0,177.0,365.0,195.0,284.0
190.0,143.0,543.0,504.0,434.0
469.0,85.0,438.0,328.0,468.0
209.0,92.0,443.0,411.0,469.0
447.0,105.0,339.0,130.0,406.0
999.0,120.0,347.0,275.0,456.0
256.0,13.0,448.0,220.0,406.0
289.0,106.0,438.0,386.0,282.0
339.0,87.0,476.0,318.0,306.0
434.0,118.0,567.0,227.0,264.0
431.0,156.0,347.0,276.0,263.0
569.0,183.0,384.0,347.0,303.0
392.0,51.0,384.0,315.0,502.0
300.0,14.0,23.0,223.0,310.0
294.0,84.0,560.0,316.0,421.0
410.0,73.0,525.0,315.0,482.0
191.0,110.0,417.0,626.0,420.0
425.0,82.0,573.0,608.0,420.0
457.0,126.0,460.0,297.0,695.0
701.0,106.0,363.0,129.0,268.0
395.0,58.0,417.0,315.0,469.0
289.0,129.0,489.0,146.0,308.0
289.0,133.0,512.0,43.0,346.0
344.0,168.0,525.0,336.0,333.0
332.0,96.0,430.0,232.0,530.0
425.0,90.0,543.0,232.0,214.0
242.0,121.0,286.0,524.0,517.0
434.0,82.0,764.0,515.0,446.0
339.0,107.0,543.0,336.0,468.0
209.0,93.0,379.0,424.0,588.0
331.0,38.0,450.0,308.0,999.0
370.0,44.0,543.0,432.0,587.0
216.0,107.0,539.0,97.0,256.0
251.0,106.0,228.0,263.0,400.0
520.0,134.0,560.0,283.0,187.0
491.0,90.0,819.0,347.0,504.0
539.0,108.0,512.0,439.0,588.0
395.0,82.0,448.0,639.0,611.0
184.0,86.0,322.0,449.0,490.0
692.0,108.0,357.0,353.0,611.0
164.0,184.0,234.0,296.0,208.0
506.0,143.0,328.0,318.0,420.0
425.0,123.0,426.0,126.0,308.0
513.0,105.0,226.0,410.0,530.0
569.0,82.0,496.0,411.0,427.0
395.0,73.0,489.0,311.0,353.0
464.0,52.0,512.0,226.0,284.0
409.0,177.0,484.0,270.0,284.0
370.0,140.0,399.0,315.0,498.0
480.0,140.0,378.0,40.0,261.0
434.0,108.0,534.0,344.0,346.0
339.0,115.0,385.0,622.0,512.0
339.0,108.0,538.0,504.0,538.0
400.0,58.0,543.0,424.0,512.0
307.0,86.0,322.0,562.0,580.0
417.0,73.0,510.0,608.0,536.0
464.0,71.0,658.0,411.0,569.0
506.0,87.0,363.0,226.0,255.0
539.0,65.0,482.0,38.0,123.0
362.0,146.0,453.0,384.0,582.0
262.0,102.0,328.0,366.0,278.0
373.0,106.0,512.0,524.0,553.0
295.0,145.0,575.0,296.0,367.0
288.0,248.0,572.0,315.0,303.0
467.0,73.0,509.0,43.0,167.0
506.0,102.0,511.0,338.0,367.0
636.0,67.0,419.0,184.0,229.0
400.0,200.0,399.0,283.0,499.0
339.0,249.0,505.0,200.0,419.0
159.0,107.0,164.0,129.0,318.0
354.0,65.0,421.0,491.0,549.0
409.0,70.0,302.0,220.0,363.0
228.0,200.0,582.0,515.0,517.0
465.0,115.0,397.0,191.0,268.0
291.0,223.0,506.0,155.0,255.0
395.0,100.0,534.0,371.0,476.0
542.0,90.0,399.0,306.0,424.0
392.0,93.0,572.0,336.0,264.0
256.0,82.0,188.0,276.0,449.0
288.0,36.0,361.0,262.0,306.0
294.0,106.0,661.0,262.0,292.0
149.0,168.0,250.0,347.0,517.0
539.0,95.0,505.0,168.0,217.0
302.0,105.0,0.0,226.0,232.0
409.0,195.0,443.0,595.0,569.0
339.0,116.0,554.0,146.0,503.0
500.0,134.0,510.0,242.0,335.0
411.0,84.0,431.0,469.0,438.0
434.0,136.0,581.0,155.0,391.0
425.0,262.0,806.0,424.0,389.0
425.0,106.0,378.0,304.0,264.0
542.0,115.0,363.0,263.0,296.0
354.0,102.0,228.0,286.0,618.0
246.0,106.0,484.0,347.0,367.0
434.0,118.0,426.0,318.0,436.0
373.0,110.0,399.0,441.0,264.0
542.0,105.0,328.0,361.0,367.0
307.0,58.0,417.0,275.0,306.0
410.0,170.0,695.0,296.0,245.0
425.0,168.0,448.0,386.0,465.0
381.0,113.0,340.0,318.0,418.0
394.0,110.0,250.0,38.0,536.0
506.0,126.0,363.0,109.0,255.0
542.0,102.0,347.0,177.0,245.0
252.0,70.0,510.0,424.0,534.0
458.0,102.0,619.0,192.0,401.0
359.0,171.0,543.0,155.0,0.0
364.0,107.0,422.0,297.0,463.0
206.0,67.0,426.0,386.0,434.0
192.0,145.0,443.0,474.0,530.0
400.0,125.0,538.0,304.0,376.0
206.0,171.0,661.0,424.0,468.0
307.0,118.0,726.0,195.0,389.0
410.0,89.0,862.0,432.0,530.0
300.0,58.0,538.0,366.0,367.0
425.0,123.0,379.0,306.0,395.0
400.0,82.0,543.0,330.0,523.0
252.0,76.0,399.0,639.0,446.0
184.0,113.0,448.0,265.0,255.0
307.0,79.0,340.0,361.0,257.0
157.0,125.0,514.0,284.0,468.0
259.0,73.0,322.0,297.0,431.0
364.0,149.0,399.0,178.0,384.0
236.0,76.0,448.0,195.0,98.0
232.0,13.0,339.0,155.0,146.0
542.0,108.0,526.0,390.0,482.0
241.0,110.0,357.0,518.0,300.0
301.0,118.0,511.0,81.0,256.0
410.0,93.0,393.0,999.0,999.0
191.0,170.0,384.0,226.0,400.0
692.0,121.0,357.0,43.0,175.0
569.0,67.0,539.0,168.0,346.0
157.0,177.0,677.0,155.0,284.0
409.0,58.0,402.0,297.0,390.0
365.0,79.0,334.0,247.0,438.0
201.0,18.0,512.0,268.0,392.0
434.0,135.0,310.0,196.0,517.0
297.0,169.0,567.0,121.0,335.0
300.0,73.0,511.0,154.0,384.0
500.0,106.0,267.0,469.0,233.0
252.0,73.0,638.0,130.0,98.0
394.0,999.0,256.0,608.0,523.0
467.0,102.0,393.0,184.0,223.0
359.0,67.0,525.0,410.0,530.0
365.0,195.0,453.0,469.0,454.0
425.0,256.0,334.0,343.0,300.0
201.0,62.0,340.0,424.0,468.0
312.0,999.0,315.0,306.0,0.0
192.0,143.0,543.0,356.0,523.0
149.0,256.0,543.0,344.0,568.0
365.0,194.0,357.0,501.0,268.0
465.0,104.0,426.0,191.0,284.0
302.0,136.0,366.0,97.0,310.0
506.0,107.0,377.0,338.0,390.0
373.0,90.0,357.0,184.0,225.0
193.0,115.0,447.0,333.0,588.0
455.0,107.0,496.0,430.0,486.0
457.0,107.0,512.0,99.0,124.0
241.0,92.0,371.0,168.0,468.0
395.0,107.0,339.0,121.0,405.0
449.0,106.0,275.0,94.0,187.0
701.0,110.0,385.0,390.0,377.0
89.0,283.0,512.0,184.0,278.0
337.0,168.0,705.0,130.0,175.0
638.0,193.0,658.0,349.0,284.0
619.0,45.0,365.0,93.0,221.0
236.0,209.0,328.0,110.0,419.0
508.0,134.0,585.0,501.0,420.0
361.0,71.0,610.0,247.0,512.0
183.0,0.0,484.0,200.0,568.0
237.0,82.0,366.0,154.0,395.0
362.0,135.0,436.0,81.0,468.0
456.0,107.0,398.0,349.0,358.0
262.0,248.0,347.0,359.0,298.0
497.0,9.0,429.0,410.0,419.0
206.0,76.0,328.0,195.0,191.0
300.0,97.0,443.0,195.0,446.0
563.0,65.0,506.0,349.0,332.0
333.0,66.0,541.0,424.0,391.0
164.0,116.0,448.0,311.0,392.0
191.0,168.0,275.0,304.0,353.0
262.0,161.0,567.0,184.0,284.0
289.0,106.0,540.0,227.0,468.0
478.0,97.0,322.0,347.0,434.0
690.0,112.0,541.0,333.0,523.0
392.0,91.0,705.0,283.0,468.0
542.0,96.0,466.0,262.0,468.0
362.0,66.0,448.0,109.0,167.0
394.0,170.0,265.0,109.0,245.0
294.0,107.0,819.0,424.0,394.0
431.0,149.0,509.0,242.0,406.0
465.0,140.0,567.0,268.0,195.0
361.0,106.0,23.0,43.0,318.0
392.0,124.0,553.0,316.0,498.0
508.0,106.0,572.0,474.0,146.0
246.0,156.0,398.0,304.0,498.0
563.0,135.0,188.0,38.0,465.0
183.0,86.0,660.0,371.0,493.0
364.0,92.0,872.0,247.0,420.0
157.0,126.0,501.0,184.0,282.0
273.0,950.0,525.0,184.0,284.0
278.0,115.0,275.0,156.0,549.0
999.0,106.0,872.0,81.0,405.0
508.0,139.0,496.0,330.0,367.0
431.0,140.0,573.0,156.0,332.0
395.0,200.0,540.0,411.0,569.0
307.0,14.0,496.0,275.0,728.0
238.0,115.0,621.0,232.0,421.0
434.0,200.0,363.0,268.0,587.0
520.0,168.0,442.0,504.0,264.0
296.0,168.0,399.0,168.0,146.0
236.0,146.0,399.0,601.0,490.0
295.0,66.0,328.0,426.0,284.0
520.0,73.0,661.0,304.0,335.0
417.0,112.0,582.0,38.0,229.0
294.0,136.0,510.0,109.0,225.0
365.0,209.0,489.0,336.0,421.0
111.0,111.0,460.0,247.0,427.0
409.0,108.0,365.0,94.0,367.0
206.0,53.0,448.0,504.0,999.0
395.0,86.0,574.0,195.0,300.0
520.0,123.0,538.0,196.0,282.0
542.0,90.0,402.0,294.0,367.0
270.0,76.0,484.0,38.0,347.0
409.0,194.0,397.0,94.0,175.0
411.0,200.0,56.0,311.0,434.0
456.0,76.0,228.0,336.0,406.0
457.0,104.0,442.0,336.0,346.0
473.0,95.0,302.0,202.0,398.0
392.0,249.0,538.0,154.0,257.0
184.0,90.0,436.0,184.0,384.0
232.0,109.0,0.0,227.0,499.0
172.0,209.0,626.0,318.0,228.0
508.0,168.0,402.0,232.0,233.0
183.0,67.0,567.0,168.0,293.0
262.0,82.0,585.0,304.0,404.0
201.0,175.0,661.0,294.0,395.0
326.0,132.0,328.0,223.0,377.0
563.0,73.0,188.0,525.0,53.0
410.0,66.0,496.0,283.0,384.0
333.0,102.0,539.0,518.0,612.0
390.0,247.0,514.0,226.0,214.0
746.0,108.0,114.0,318.0,469.0
458.0,102.0,328.0,94.0,167.0
190.0,86.0,442.0,132.0,264.0
236.0,92.0,525.0,300.0,298.0
193.0,195.0,363.0,304.0,411.0
417.0,109.0,419.0,294.0,310.0
191.0,256.0,538.0,275.0,284.0
361.0,197.0,525.0,94.0,591.0
192.0,248.0,384.0,43.0,282.0
563.0,13.0,660.0,344.0,395.0
467.0,999.0,626.0,300.0,278.0
506.0,262.0,430.0,469.0,214.0
425.0,109.0,576.0,336.0,476.0
999.0,106.0,228.0,283.0,728.0
373.0,82.0,514.0,356.0,310.0
434.0,88.0,524.0,504.0,517.0
411.0,90.0,430.0,336.0,468.0
506.0,140.0,539.0,678.0,300.0
285.0,111.0,496.0,343.0,306.0
285.0,126.0,361.0,106.0,100.0
275.0,76.0,560.0,130.0,517.0
410.0,112.0,351.0,625.0,214.0
183.0,71.0,429.0,121.0,150.0
491.0,169.0,575.0,359.0,465.0
206.0,99.0,660.0,311.0,419.0
370.0,108.0,526.0,63.0,406.0
237.0,135.0,389.0,81.0,150.0
519.0,115.0,505.0,386.0,523.0
184.0,200.0,567.0,336.0,406.0
172.0,118.0,490.0,109.0,97.0
638.0,109.0,490.0,166.0,503.0
425.0,207.0,430.0,595.0,592.0
458.0,71.0,422.0,155.0,503.0
256.0,82.0,578.0,184.0,123.0
152.0,121.0,275.0,182.0,453.0
172.0,95.0,443.0,504.0,376.0
331.0,99.0,460.0,424.0,421.0
569.0,93.0,573.0,217.0,245.0
448.0,132.0,363.0,328.0,511.0
359.0,168.0,410.0,330.0,468.0
746.0,108.0,422.0,338.0,65.0
464.0,143.0,450.0,328.0,611.0
329.0,256.0,626.0,626.0,587.0
508.0,91.0,0.0,347.0,569.0
508.0,44.0,402.0,349.0,571.0
295.0,133.0,417.0,458.0,454.0
337.0,98.0,363.0,328.0,332.0
237.0,86.0,363.0,518.0,296.0
152.0,86.0,402.0,184.0,167.0
308.0,109.0,443.0,469.0,606.0
455.0,175.0,501.0,126.0,264.0
365.0,149.0,453.0,333.0,463.0
206.0,73.0,393.0,192.0,333.0
184.0,73.0,553.0,184.0,221.0
89.0,95.0,339.0,129.0,332.0
431.0,159.0,378.0,469.0,384.0
692.0,101.0,363.0,335.0,407.0
172.0,124.0,819.0,153.0,436.0
296.0,106.0,426.0,359.0,441.0
390.0,159.0,801.0,330.0,523.0
392.0,38.0,999.0,93.0,335.0
332.0,58.0,389.0,283.0,434.0
434.0,121.0,567.0,461.0,493.0
157.0,112.0,30.0,241.0,367.0
395.0,138.0,576.0,226.0,298.0
241.0,82.0,553.0,349.0,580.0
296.0,135.0,364.0,999.0,503.0
288.0,76.0,351.0,184.0,261.0
157.0,168.0,228.0,189.0,187.0
172.0,109.0,506.0,232.0,431.0
236.0,86.0,572.0,330.0,468.0
519.0,138.0,334.0,223.0,303.0
232.0,73.0,397.0,486.0,499.0
392.0,106.0,170.0,518.0,530.0
458.0,111.0,460.0,504.0,530.0
364.0,76.0,560.0,190.0,346.0
236.0,115.0,619.0,414.0,592.0
359.0,106.0,524.0,129.0,392.0
411.0,113.0,572.0,145.0,611.0
431.0,36.0,443.0,347.0,611.0
238.0,84.0,377.0,366.0,591.0
370.0,124.0,245.0,333.0,175.0
508.0,106.0,621.0,424.0,612.0
519.0,146.0,328.0,226.0,268.0
413.0,140.0,509.0,226.0,298.0
424.0,171.0,505.0,333.0,282.0
455.0,159.0,429.0,525.0,221.0
236.0,102.0,363.0,286.0,264.0
465.0,108.0,513.0,218.0,263.0
251.0,107.0,431.0,336.0,517.0
361.0,45.0,339.0,316.0,395.0
488.0,125.0,538.0,0.0,0.0
361.0,115.0,361.0,257.0,465.0
464.0,76.0,386.0,524.0,495.0
307.0,71.0,506.0,328.0,544.0
273.0,90.0,410.0,316.0,418.0
395.0,104.0,422.0,262.0,390.0
505.0,13.0,339.0,333.0,284.0
410.0,168.0,442.0,288.0,465.0
411.0,14.0,93.0,333.0,486.0
307.0,67.0,512.0,268.0,327.0
241.0,89.0,512.0,622.0,150.0
295.0,65.0,476.0,113.0,318.0
457.0,118.0,582.0,94.0,292.0
520.0,58.0,554.0,132.0,300.0
478.0,149.0,567.0,226.0,363.0
373.0,108.0,524.0,443.0,523.0
630.0,108.0,576.0,311.0,499.0
373.0,209.0,585.0,304.0,419.0
425.0,90.0,660.0,353.0,302.0
193.0,136.0,512.0,257.0,419.0
373.0,40.0,567.0,262.0,401.0
241.0,130.0,351.0,109.0,431.0
266.0,105.0,443.0,192.0,406.0
291.0,66.0,0.0,353.0,271.0
295.0,58.0,286.0,315.0,420.0
392.0,132.0,496.0,297.0,245.0
508.0,102.0,626.0,411.0,499.0
320.0,138.0,573.0,283.0,363.0
241.0,206.0,512.0,318.0,427.0
392.0,256.0,658.0,262.0,302.0
504.0,126.0,30.0,110.0,531.0
262.0,146.0,510.0,639.0,530.0
291.0,219.0,402.0,43.0,883.0
307.0,195.0,540.0,366.0,405.0
294.0,111.0,188.0,410.0,475.0
241.0,53.0,275.0,390.0,438.0
465.0,90.0,431.0,337.0,296.0
301.0,111.0,361.0,333.0,282.0
692.0,68.0,496.0,524.0,245.0
361.0,76.0,619.0,168.0,214.0
362.0,138.0,638.0,275.0,175.0
206.0,95.0,525.0,328.0,327.0
505.0,134.0,576.0,524.0,468.0
206.0,68.0,539.0,424.0,391.0
513.0,106.0,322.0,219.0,503.0
390.0,129.0,170.0,486.0,333.0
308.0,73.0,267.0,461.0,588.0
354.0,76.0,543.0,370.0,544.0
392.0,102.0,442.0,300.0,517.0
425.0,121.0,402.0,275.0,335.0
434.0,177.0,361.0,217.0,390.0
206.0,106.0,638.0,132.0,612.0
411.0,110.0,468.0,356.0,498.0
481.0,134.0,135.0,366.0,358.0
395.0,0.0,442.0,336.0,223.0
289.0,93.0,638.0,525.0,618.0
505.0,203.0,501.0,123.0,612.0
237.0,58.0,431.0,501.0,223.0
178.0,169.0,705.0,217.0,419.0
296.0,73.0,819.0,525.0,495.0
390.0,118.0,448.0,219.0,332.0
636.0,106.0,442.0,311.0,482.0
400.0,73.0,476.0,275.0,191.0
395.0,67.0,524.0,390.0,503.0
692.0,112.0,553.0,132.0,300.0
183.0,86.0,526.0,109.0,284.0
392.0,91.0,575.0,491.0,517.0
392.0,124.0,334.0,491.0,728.0
411.0,207.0,448.0,525.0,530.0
361.0,85.0,361.0,315.0,264.0
0.0,133.0,525.0,411.0,534.0
190.0,115.0,135.0,166.0,261.0
425.0,100.0,488.0,443.0,587.0
157.0,175.0,603.0,525.0,553.0
392.0,115.0,442.0,315.0,587.0
411.0,115.0,226.0,333.0,264.0
232.0,143.0,574.0,504.0,245.0
206.0,115.0,402.0,318.0,424.0
0.0,256.0,510.0,337.0,427.0
500.0,95.0,534.0,226.0,390.0
294.0,95.0,422.0,195.0,320.0
424.0,262.0,450.0,0.0,389.0
409.0,102.0,748.0,121.0,347.0
411.0,110.0,538.0,184.0,320.0
425.0,96.0,543.0,109.0,0.0
395.0,40.0,30.0,192.0,300.0
373.0,113.0,256.0,311.0,282.0
296.0,171.0,514.0,626.0,453.0
266.0,96.0,398.0,308.0,306.0
164.0,159.0,56.0,390.0,495.0
434.0,110.0,135.0,308.0,418.0
329.0,126.0,170.0,432.0,468.0
111.0,110.0,422.0,94.0,261.0
292.0,110.0,862.0,308.0,376.0
574.0,200.0,223.0,486.0,591.0
392.0,80.0,422.0,182.0,308.0
308.0,168.0,660.0,275.0,332.0
365.0,106.0,397.0,265.0,264.0
520.0,169.0,553.0,155.0,225.0
465.0,999.0,361.0,411.0,384.0
307.0,104.0,686.0,424.0,367.0
244.0,100.0,468.0,356.0,612.0
232.0,146.0,872.0,390.0,504.0
339.0,219.0,393.0,625.0,695.0
497.0,71.0,430.0,390.0,332.0
164.0,95.0,442.0,579.0,523.0
425.0,89.0,357.0,0.0,268.0
252.0,121.0,443.0,289.0,392.0
191.0,87.0,512.0,83.0,353.0
331.0,107.0,250.0,414.0,284.0
411.0,149.0,511.0,626.0,499.0
381.0,145.0,448.0,275.0,233.0
457.0,159.0,511.0,458.0,486.0
457.0,97.0,361.0,126.0,245.0
457.0,118.0,482.0,196.0,282.0
381.0,51.0,328.0,366.0,523.0
184.0,134.0,574.0,353.0,468.0
294.0,209.0,574.0,486.0,434.0
481.0,194.0,135.0,284.0,400.0
373.0,121.0,538.0,81.0,452.0
246.0,45.0,862.0,196.0,257.0
411.0,102.0,443.0,202.0,456.0
513.0,44.0,286.0,318.0,400.0
278.0,99.0,421.0,297.0,517.0
252.0,9.0,582.0,283.0,389.0
256.0,105.0,748.0,202.0,591.0
409.0,44.0,327.0,241.0,427.0
288.0,108.0,442.0,69.0,411.0
370.0,97.0,496.0,300.0,395.0
449.0,76.0,334.0,353.0,264.0
999.0,58.0,539.0,356.0,427.0
312.0,132.0,567.0,155.0,195.0
508.0,200.0,361.0,515.0,225.0
504.0,102.0,334.0,595.0,419.0
522.0,102.0,361.0,316.0,468.0
370.0,207.0,402.0,458.0,606.0
480.0,9.0,361.0,284.0,261.0
392.0,118.0,582.0,247.0,456.0
690.0,207.0,806.0,347.0,549.0
395.0,118.0,553.0,625.0,395.0
508.0,110.0,340.0,275.0,320.0
339.0,105.0,397.0,304.0,476.0
395.0,66.0,405.0,242.0,512.0
500.0,168.0,660.0,386.0,320.0
481.0,106.0,524.0,461.0,217.0
478.0,110.0,339.0,474.0,268.0
425.0,125.0,402.0,524.0,419.0
411.0,198.0,363.0,306.0,453.0
467.0,66.0,490.0,184.0,284.0
409.0,18.0,660.0,223.0,320.0
295.0,95.0,460.0,647.0,611.0
392.0,108.0,334.0,296.0,517.0
413.0,138.0,365.0,227.0,327.0
302.0,124.0,114.0,518.0,569.0
297.0,134.0,393.0,226.0,233.0
542.0,82.0,496.0,38.0,517.0
395.0,101.0,585.0,678.0,282.0
172.0,96.0,402.0,262.0,404.0
320.0,76.0,339.0,469.0,504.0
333.0,108.0,543.0,300.0,465.0
256.0,110.0,999.0,190.0,405.0
425.0,108.0,554.0,336.0,531.0
291.0,102.0,806.0,647.0,571.0
457.0,159.0,389.0,275.0,427.0
337.0,170.0,402.0,304.0,406.0
307.0,90.0,366.0,328.0,367.0
410.0,71.0,371.0,286.0,544.0
478.0,171.0,368.0,190.0,490.0
191.0,249.0,626.0,275.0,282.0
395.0,209.0,442.0,328.0,296.0
297.0,102.0,806.0,289.0,587.0
307.0,108.0,801.0,284.0,476.0
300.0,51.0,658.0,390.0,511.0
395.0,106.0,361.0,97.0,332.0
508.0,106.0,386.0,411.0,588.0
329.0,170.0,389.0,69.0,278.0
183.0,100.0,402.0,283.0,256.0
424.0,108.0,357.0,275.0,538.0
502.0,85.0,379.0,353.0,436.0
190.0,206.0,570.0,449.0,512.0
390.0,76.0,322.0,242.0,434.0
307.0,140.0,514.0,501.0,502.0
392.0,86.0,488.0,359.0,475.0
585.0,171.0,334.0,218.0,282.0
520.0,193.0,30.0,200.0,424.0
668.0,112.0,505.0,121.0,335.0
395.0,125.0,619.0,318.0,490.0
273.0,184.0,429.0,491.0,498.0
307.0,256.0,496.0,411.0,568.0
183.0,121.0,402.0,639.0,515.0
516.0,45.0,526.0,166.0,392.0
455.0,134.0,429.0,40.0,225.0
425.0,132.0,572.0,168.0,493.0
765.0,132.0,328.0,195.0,612.0
508.0,66.0,393.0,247.0,339.0
262.0,170.0,610.0,275.0,411.0
236.0,247.0,361.0,524.0,536.0
312.0,115.0,448.0,257.0,468.0
364.0,136.0,695.0,69.0,25.0
183.0,95.0,443.0,226.0,384.0
270.0,73.0,484.0,283.0,391.0
288.0,999.0,460.0,268.0,503.0
246.0,97.0,402.0,469.0,511.0
206.0,138.0,378.0,469.0,568.0
172.0,73.0,578.0,294.0,229.0
259.0,134.0,328.0,168.0,335.0
184.0,209.0,361.0,81.0,225.0
464.0,93.0,525.0,241.0,296.0
644.0,114.0,540.0,145.0,208.0
238.0,143.0,327.0,333.0,256.0
506.0,104.0,660.0,268.0,284.0
692.0,121.0,280.0,390.0,468.0
252.0,71.0,525.0,315.0,252.0
359.0,9.0,93.0,318.0,282.0
434.0,91.0,554.0,191.0,431.0
333.0,113.0,402.0,219.0,515.0
312.0,209.0,553.0,411.0,588.0
152.0,91.0,509.0,515.0,582.0
320.0,73.0,275.0,318.0,123.0
339.0,102.0,430.0,195.0,384.0
505.0,136.0,419.0,411.0,320.0
478.0,169.0,621.0,268.0,400.0
497.0,108.0,619.0,328.0,587.0
473.0,97.0,543.0,347.0,123.0
172.0,146.0,379.0,156.0,123.0
370.0,71.0,135.0,219.0,517.0
237.0,96.0,328.0,308.0,233.0
413.0,170.0,286.0,410.0,332.0
508.0,177.0,488.0,241.0,124.0
270.0,143.0,23.0,308.0,544.0
206.0,146.0,402.0,958.0,175.0
425.0,184.0,410.0,94.0,292.0
506.0,89.0,364.0,190.0,208.0
0.0,195.0,429.0,319.0,404.0
157.0,159.0,361.0,608.0,284.0
500.0,105.0,377.0,155.0,517.0
184.0,90.0,361.0,283.0,611.0
403.0,73.0,801.0,249.0,327.0
497.0,14.0,226.0,328.0,456.0
508.0,102.0,286.0,0.0,146.0
458.0,93.0,581.0,191.0,167.0
362.0,247.0,342.0,524.0,367.0
619.0,108.0,484.0,275.0,282.0
504.0,102.0,554.0,999.0,606.0
692.0,73.0,553.0,411.0,358.0
244.0,108.0,541.0,286.0,302.0
424.0,102.0,363.0,353.0,569.0
244.0,118.0,357.0,678.0,612.0
456.0,100.0,426.0,226.0,199.0
448.0,107.0,340.0,333.0,531.0
296.0,121.0,363.0,220.0,404.0
392.0,207.0,785.0,83.0,123.0
522.0,114.0,489.0,189.0,465.0
508.0,125.0,286.0,622.0,530.0
471.0,45.0,526.0,999.0,999.0
238.0,40.0,357.0,296.0,517.0
308.0,115.0,377.0,426.0,588.0
500.0,120.0,417.0,130.0,271.0
111.0,209.0,363.0,356.0,419.0
395.0,106.0,819.0,217.0,223.0
236.0,88.0,393.0,219.0,341.0
359.0,97.0,735.0,315.0,296.0
692.0,999.0,575.0,145.0,282.0
184.0,194.0,402.0,370.0,503.0
409.0,105.0,442.0,184.0,282.0
542.0,112.0,0.0,227.0,367.0
457.0,107.0,610.0,275.0,320.0
294.0,106.0,371.0,333.0,463.0
300.0,45.0,686.0,501.0,534.0
464.0,126.0,581.0,275.0,490.0
307.0,105.0,328.0,333.0,332.0
469.0,82.0,496.0,202.0,420.0
505.0,195.0,735.0,257.0,282.0
417.0,76.0,447.0,347.0,454.0
365.0,82.0,442.0,268.0,401.0
184.0,116.0,436.0,410.0,395.0
273.0,89.0,114.0,366.0,438.0
289.0,76.0,234.0,38.0,282.0
999.0,106.0,429.0,69.0,217.0
522.0,106.0,431.0,99.0,469.0
191.0,93.0,135.0,283.0,512.0
259.0,999.0,93.0,265.0,367.0
542.0,140.0,361.0,168.0,293.0
157.0,121.0,574.0,192.0,293.0
542.0,66.0,488.0,390.0,284.0
491.0,82.0,660.0,275.0,405.0
425.0,109.0,496.0,361.0,449.0
392.0,169.0,505.0,347.0,341.0
636.0,134.0,541.0,110.0,223.0
447.0,108.0,785.0,195.0,302.0
467.0,197.0,567.0,300.0,446.0
464.0,91.0,405.0,361.0,452.0
292.0,149.0,361.0,474.0,268.0
692.0,136.0,572.0,338.0,468.0
183.0,134.0,582.0,410.0,465.0
425.0,66.0,386.0,217.0,310.0
300.0,65.0,226.0,166.0,531.0
157.0,123.0,430.0,263.0,306.0
292.0,145.0,573.0,625.0,97.0
294.0,58.0,585.0,286.0,398.0
400.0,58.0,510.0,99.0,401.0
542.0,87.0,735.0,316.0,569.0
339.0,129.0,512.0,263.0,454.0
392.0,100.0,192.0,343.0,367.0
206.0,195.0,578.0,330.0,302.0
301.0,67.0,735.0,275.0,523.0
465.0,105.0,538.0,218.0,256.0
300.0,86.0,351.0,625.0,538.0
289.0,106.0,513.0,189.0,293.0
192.0,95.0,512.0,311.0,339.0
190.0,88.0,280.0,525.0,587.0
434.0,108.0,340.0,337.0,395.0
400.0,113.0,402.0,121.0,124.0
251.0,134.0,567.0,262.0,232.0
184.0,102.0,573.0,469.0,517.0
206.0,87.0,482.0,410.0,568.0
373.0,76.0,328.0,579.0,468.0
333.0,97.0,806.0,218.0,392.0
190.0,91.0,363.0,316.0,411.0
508.0,113.0,610.0,626.0,308.0
409.0,73.0,389.0,242.0,256.0
471.0,82.0,578.0,283.0,228.0
237.0,106.0,524.0,461.0,611.0
619.0,36.0,660.0,249.0,503.0
464.0,93.0,421.0,461.0,175.0
344.0,247.0,361.0,595.0,538.0
502.0,194.0,488.0,83.0,534.0
409.0,105.0,265.0,283.0,376.0
288.0,197.0,422.0,268.0,335.0
410.0,206.0,226.0,315.0,392.0
413.0,106.0,490.0,359.0,517.0
519.0,170.0,419.0,424.0,468.0
574.0,85.0,621.0,330.0,419.0
315.0,36.0,223.0,439.0,308.0
111.0,197.0,322.0,289.0,568.0
232.0,102.0,513.0,622.0,65.0
395.0,106.0,334.0,304.0,308.0
417.0,134.0,402.0,337.0,398.0
508.0,51.0,512.0,333.0,456.0
692.0,84.0,334.0,328.0,302.0
488.0,102.0,357.0,276.0,405.0
690.0,58.0,489.0,344.0,504.0
339.0,106.0,378.0,109.0,225.0
339.0,85.0,379.0,153.0,465.0
252.0,118.0,603.0,146.0,580.0
332.0,140.0,538.0,432.0,400.0
508.0,88.0,340.0,296.0,332.0
320.0,36.0,114.0,647.0,530.0
638.0,108.0,448.0,275.0,332.0
425.0,206.0,322.0,353.0,611.0
469.0,111.0,509.0,97.0,268.0
251.0,67.0,334.0,40.0,229.0
638.0,219.0,192.0,226.0,282.0
252.0,138.0,443.0,622.0,376.0
508.0,106.0,466.0,333.0,264.0
481.0,183.0,554.0,123.0,217.0
354.0,91.0,385.0,304.0,358.0
520.0,70.0,603.0,289.0,404.0
478.0,197.0,525.0,491.0,233.0
425.0,86.0,410.0,333.0,195.0
184.0,95.0,421.0,608.0,498.0
465.0,66.0,402.0,601.0,511.0
690.0,134.0,328.0,97.0,150.0
251.0,143.0,384.0,518.0,628.0
296.0,88.0,660.0,241.0,284.0
238.0,102.0,638.0,283.0,406.0
434.0,197.0,265.0,410.0,420.0
292.0,86.0,553.0,284.0,214.0
480.0,44.0,509.0,110.0,233.0
455.0,200.0,436.0,110.0,363.0
425.0,93.0,361.0,308.0,503.0
494.0,53.0,453.0,81.0,123.0
295.0,194.0,328.0,439.0,465.0
275.0,209.0,658.0,349.0,553.0
927.0,171.0,422.0,200.0,367.0
425.0,51.0,543.0,38.0,302.0
480.0,73.0,488.0,123.0,261.0
183.0,96.0,56.0,184.0,228.0
259.0,90.0,513.0,439.0,523.0
417.0,168.0,334.0,262.0,353.0
275.0,13.0,56.0,384.0,475.0
206.0,209.0,567.0,276.0,504.0
395.0,209.0,447.0,43.0,199.0
206.0,161.0,582.0,38.0,282.0
251.0,102.0,322.0,469.0,449.0
390.0,121.0,512.0,184.0,123.0
569.0,108.0,525.0,424.0,628.0
193.0,129.0,365.0,384.0,465.0
434.0,203.0,410.0,525.0,394.0
392.0,134.0,228.0,515.0,728.0
434.0,198.0,170.0,226.0,282.0
256.0,197.0,538.0,424.0,568.0
237.0,170.0,574.0,257.0,228.0
241.0,207.0,513.0,94.0,282.0
157.0,76.0,442.0,608.0,553.0
563.0,125.0,476.0,430.0,332.0
301.0,96.0,450.0,361.0,449.0
373.0,120.0,468.0,410.0,407.0
434.0,87.0,442.0,579.0,468.0
331.0,126.0,819.0,525.0,628.0
425.0,111.0,578.0,121.0,282.0
497.0,102.0,361.0,200.0,419.0
362.0,45.0,448.0,268.0,256.0
569.0,168.0,226.0,333.0,419.0
519.0,115.0,534.0,155.0,229.0
448.0,73.0,726.0,154.0,191.0
403.0,143.0,578.0,288.0,503.0
513.0,98.0,785.0,232.0,418.0
619.0,161.0,525.0,109.0,517.0
999.0,95.0,443.0,608.0,434.0
252.0,107.0,386.0,424.0,303.0
295.0,102.0,275.0,294.0,612.0
542.0,91.0,397.0,270.0,252.0
262.0,14.0,695.0,338.0,493.0
513.0,58.0,476.0,426.0,411.0
542.0,249.0,488.0,622.0,0.0
296.0,84.0,585.0,469.0,454.0
519.0,108.0,512.0,154.0,245.0
636.0,132.0,422.0,289.0,195.0
497.0,168.0,421.0,316.0,175.0
431.0,90.0,575.0,294.0,606.0
504.0,86.0,361.0,595.0,534.0
630.0,58.0,484.0,390.0,538.0
690.0,140.0,748.0,390.0,495.0
500.0,86.0,267.0,200.0,377.0
365.0,36.0,379.0,263.0,150.0
395.0,124.0,30.0,337.0,195.0
252.0,90.0,384.0,196.0,612.0
395.0,88.0,489.0,184.0,256.0
520.0,115.0,567.0,356.0,538.0
252.0,65.0,443.0,220.0,256.0
291.0,100.0,23.0,528.0,592.0
456.0,62.0,553.0,106.0,427.0
392.0,108.0,512.0,296.0,195.0
458.0,177.0,540.0,155.0,377.0
409.0,249.0,361.0,265.0,591.0
390.0,102.0,364.0,359.0,486.0
206.0,108.0,30.0,625.0,282.0
288.0,118.0,525.0,626.0,695.0
0.0,86.0,23.0,184.0,225.0
574.0,58.0,488.0,347.0,346.0
425.0,86.0,573.0,384.0,255.0
329.0,91.0,525.0,177.0,406.0
183.0,70.0,365.0,219.0,549.0
434.0,68.0,386.0,430.0,306.0
395.0,58.0,582.0,315.0,390.0
413.0,70.0,443.0,275.0,332.0
285.0,209.0,460.0,288.0,332.0
278.0,62.0,540.0,390.0,612.0
251.0,247.0,226.0,156.0,377.0
193.0,143.0,378.0,268.0,517.0
638.0,84.0,397.0,94.0,229.0
241.0,91.0,385.0,958.0,587.0
392.0,14.0,660.0,359.0,591.0
467.0,100.0,660.0,501.0,232.0
690.0,146.0,603.0,184.0,217.0
191.0,175.0,339.0,426.0,335.0
190.0,168.0,365.0,155.0,282.0
252.0,118.0,431.0,227.0,493.0
236.0,112.0,506.0,113.0,0.0
361.0,107.0,660.0,223.0,580.0
504.0,13.0,426.0,138.0,453.0
513.0,132.0,575.0,461.0,271.0
471.0,93.0,488.0,0.0,0.0
746.0,105.0,453.0,356.0,320.0
456.0,65.0,363.0,316.0,418.0
478.0,107.0,170.0,449.0,502.0
500.0,111.0,695.0,370.0,264.0
431.0,106.0,322.0,330.0,400.0
361.0,108.0,361.0,109.0,97.0
542.0,146.0,302.0,504.0,427.0
504.0,121.0,267.0,414.0,424.0
381.0,36.0,368.0,94.0,536.0
409.0,136.0,371.0,283.0,332.0
275.0,102.0,364.0,353.0,97.0
458.0,73.0,170.0,639.0,284.0
252.0,71.0,512.0,333.0,628.0
184.0,111.0,512.0,469.0,436.0
256.0,168.0,862.0,318.0,339.0
434.0,102.0,496.0,0.0,208.0
278.0,0.0,256.0,196.0,232.0
638.0,140.0,347.0,337.0,420.0
312.0,95.0,399.0,268.0,394.0
539.0,68.0,361.0,178.0,515.0
668.0,136.0,512.0,268.0,401.0
644.0,108.0,554.0,449.0,454.0
701.0,140.0,438.0,94.0,452.0
157.0,76.0,510.0,93.0,476.0
569.0,203.0,541.0,218.0,229.0
246.0,95.0,661.0,123.0,384.0
331.0,44.0,476.0,242.0,335.0
246.0,247.0,328.0,306.0,587.0
448.0,107.0,525.0,275.0,367.0
228.0,92.0,540.0,155.0,264.0
395.0,96.0,512.0,347.0,187.0
542.0,125.0,540.0,283.0,468.0
241.0,133.0,484.0,359.0,503.0
296.0,91.0,23.0,184.0,569.0
206.0,247.0,393.0,289.0,449.0
400.0,200.0,450.0,218.0,591.0
447.0,109.0,322.0,155.0,503.0
668.0,58.0,538.0,347.0,391.0
312.0,134.0,541.0,155.0,208.0
457.0,999.0,510.0,304.0,612.0
409.0,219.0,511.0,297.0,175.0
331.0,133.0,342.0,390.0,339.0
294.0,82.0,512.0,184.0,517.0
455.0,79.0,56.0,190.0,232.0
236.0,262.0,570.0,156.0,261.0
326.0,99.0,340.0,283.0,418.0
434.0,90.0,340.0,195.0,419.0
692.0,90.0,431.0,63.0,167.0
183.0,145.0,806.0,196.0,150.0
692.0,130.0,785.0,93.0,503.0
522.0,107.0,726.0,441.0,592.0
332.0,0.0,56.0,294.0,341.0
339.0,82.0,429.0,200.0,389.0
516.0,66.0,524.0,414.0,353.0
494.0,115.0,421.0,94.0,98.0
390.0,86.0,384.0,318.0,310.0
488.0,146.0,567.0,184.0,229.0
183.0,115.0,378.0,93.0,377.0
465.0,140.0,525.0,155.0,591.0
159.0,98.0,361.0,289.0,303.0
251.0,87.0,442.0,0.0,0.0
410.0,82.0,505.0,297.0,284.0
392.0,110.0,512.0,337.0,97.0
434.0,106.0,496.0,304.0,465.0
424.0,195.0,488.0,283.0,517.0
542.0,57.0,228.0,275.0,536.0
159.0,145.0,310.0,336.0,427.0
504.0,76.0,553.0,424.0,208.0
508.0,159.0,315.0,424.0,587.0
458.0,93.0,490.0,390.0,391.0
431.0,102.0,488.0,113.0,208.0
455.0,106.0,431.0,40.0,284.0
425.0,115.0,512.0,275.0,389.0
332.0,18.0,250.0,268.0,303.0
9.0,90.0,543.0,268.0,214.0
394.0,98.0,511.0,166.0,332.0
288.0,90.0,512.0,195.0,302.0
417.0,108.0,581.0,443.0,376.0
516.0,101.0,512.0,390.0,553.0
190.0,91.0,610.0,304.0,293.0
183.0,116.0,328.0,430.0,335.0
701.0,126.0,572.0,241.0,256.0
329.0,203.0,364.0,647.0,406.0
434.0,73.0,484.0,69.0,257.0
491.0,90.0,484.0,294.0,441.0
251.0,138.0,801.0,94.0,427.0
294.0,118.0,543.0,263.0,441.0
424.0,76.0,512.0,424.0,427.0
410.0,129.0,560.0,121.0,517.0
497.0,96.0,399.0,361.0,449.0
563.0,89.0,357.0,330.0,284.0
157.0,161.0,489.0,184.0,411.0
183.0,121.0,280.0,469.0,465.0
251.0,76.0,526.0,424.0,465.0
500.0,71.0,421.0,356.0,531.0
332.0,126.0,510.0,525.0,424.0
500.0,200.0,366.0,311.0,475.0
183.0,14.0,379.0,192.0,263.0
307.0,124.0,0.0,443.0,503.0
184.0,85.0,554.0,328.0,271.0
266.0,169.0,398.0,304.0,335.0
238.0,105.0,411.0,121.0,264.0
332.0,110.0,280.0,286.0,391.0
411.0,57.0,735.0,286.0,406.0
403.0,175.0,371.0,40.0,25.0
329.0,118.0,525.0,0.0,150.0
373.0,98.0,572.0,432.0,392.0
361.0,104.0,505.0,411.0,390.0
312.0,52.0,438.0,242.0,282.0
465.0,126.0,489.0,347.0,392.0
542.0,146.0,578.0,318.0,367.0
409.0,118.0,447.0,315.0,421.0
425.0,168.0,265.0,328.0,465.0
508.0,143.0,426.0,153.0,419.0
190.0,106.0,512.0,155.0,486.0
395.0,106.0,660.0,515.0,233.0
296.0,249.0,421.0,518.0,695.0
500.0,67.0,806.0,223.0,255.0
395.0,132.0,443.0,524.0,606.0
315.0,106.0,482.0,306.0,503.0
373.0,120.0,748.0,411.0,436.0
467.0,146.0,379.0,304.0,553.0
266.0,98.0,526.0,491.0,419.0
266.0,108.0,429.0,608.0,223.0
411.0,73.0,442.0,286.0,264.0
339.0,93.0,686.0,344.0,465.0
273.0,124.0,567.0,94.0,225.0
315.0,101.0,386.0,304.0,53.0
307.0,86.0,581.0,315.0,300.0
630.0,132.0,489.0,311.0,310.0
447.0,248.0,442.0,328.0,424.0
332.0,132.0,534.0,408.0,424.0
409.0,132.0,582.0,286.0,302.0
300.0,71.0,575.0,283.0,465.0
331.0,140.0,695.0,265.0,217.0
410.0,203.0,735.0,190.0,225.0
395.0,170.0,365.0,94.0,282.0
256.0,79.0,509.0,411.0,332.0
354.0,112.0,422.0,196.0,257.0
394.0,194.0,524.0,121.0,591.0
392.0,95.0,442.0,304.0,245.0
409.0,100.0,541.0,200.0,347.0
692.0,248.0,361.0,411.0,606.0
563.0,154.0,509.0,153.0,296.0
395.0,247.0,460.0,289.0,390.0
183.0,169.0,378.0,328.0,367.0
449.0,133.0,468.0,328.0,310.0
191.0,118.0,999.0,218.0,282.0
392.0,195.0,398.0,110.0,264.0
373.0,145.0,429.0,241.0,469.0
619.0,65.0,785.0,94.0,229.0
481.0,132.0,510.0,411.0,517.0
746.0,91.0,393.0,349.0,282.0
456.0,51.0,223.0,289.0,569.0
449.0,194.0,572.0,601.0,503.0
237.0,85.0,509.0,268.0,327.0
519.0,154.0,512.0,43.0,405.0
241.0,106.0,677.0,223.0,298.0
403.0,193.0,371.0,97.0,214.0
241.0,58.0,553.0,525.0,300.0
307.0,146.0,347.0,390.0,498.0
370.0,126.0,509.0,384.0,511.0
315.0,112.0,610.0,518.0,517.0
333.0,91.0,228.0,286.0,390.0
192.0,84.0,567.0,63.0,208.0
288.0,106.0,585.0,647.0,512.0
178.0,106.0,422.0,528.0,465.0
630.0,114.0,234.0,166.0,392.0
241.0,73.0,509.0,338.0,293.0
690.0,159.0,327.0,109.0,221.0
365.0,140.0,419.0,328.0,233.0
295.0,65.0,560.0,349.0,468.0
262.0,115.0,610.0,319.0,612.0
464.0,58.0,560.0,443.0,418.0
331.0,203.0,764.0,319.0,332.0
192.0,999.0,460.0,524.0,421.0
301.0,197.0,0.0,328.0,333.0
244.0,200.0,267.0,424.0,495.0
373.0,100.0,543.0,333.0,454.0
410.0,132.0,496.0,353.0,517.0
206.0,106.0,560.0,196.0,332.0
288.0,200.0,368.0,247.0,341.0
237.0,40.0,447.0,504.0,544.0
506.0,44.0,411.0,344.0,229.0
569.0,118.0,334.0,226.0,377.0
410.0,73.0,538.0,276.0,582.0
232.0,256.0,448.0,43.0,495.0
469.0,71.0,450.0,361.0,611.0
252.0,99.0,389.0,283.0,411.0
308.0,57.0,448.0,113.0,191.0
307.0,169.0,582.0,69.0,229.0
193.0,71.0,556.0,515.0,515.0
256.0,91.0,397.0,474.0,100.0
497.0,106.0,999.0,356.0,569.0
701.0,97.0,496.0,232.0,436.0
516.0,136.0,265.0,276.0,503.0
332.0,118.0,365.0,424.0,504.0
516.0,93.0,363.0,283.0,255.0
497.0,118.0,801.0,300.0,310.0
395.0,98.0,389.0,782.0,298.0
392.0,102.0,327.0,190.0,463.0
574.0,14.0,361.0,625.0,695.0
467.0,67.0,361.0,168.0,434.0
619.0,115.0,695.0,337.0,549.0
508.0,36.0,638.0,335.0,278.0
262.0,100.0,275.0,525.0,495.0
434.0,53.0,342.0,106.0,468.0
232.0,200.0,512.0,265.0,394.0
236.0,110.0,334.0,184.0,300.0
184.0,168.0,572.0,390.0,498.0
111.0,198.0,488.0,184.0,208.0
333.0,138.0,361.0,311.0,367.0
481.0,115.0,686.0,220.0,263.0
331.0,90.0,429.0,315.0,389.0
296.0,93.0,543.0,311.0,346.0
337.0,115.0,512.0,146.0,296.0
500.0,126.0,430.0,504.0,427.0
266.0,109.0,228.0,242.0,332.0
434.0,53.0,351.0,268.0,363.0
513.0,79.0,334.0,525.0,199.0
455.0,168.0,539.0,353.0,517.0
300.0,79.0,384.0,647.0,419.0
252.0,126.0,385.0,270.0,427.0
238.0,116.0,489.0,182.0,346.0
390.0,109.0,429.0,275.0,284.0
434.0,13.0,576.0,386.0,453.0
505.0,135.0,280.0,283.0,498.0
252.0,143.0,695.0,289.0,332.0
449.0,102.0,322.0,414.0,284.0
193.0,159.0,265.0,315.0,503.0
522.0,108.0,421.0,601.0,495.0
291.0,53.0,399.0,515.0,284.0
504.0,102.0,398.0,294.0,612.0
392.0,111.0,442.0,94.0,221.0
434.0,120.0,228.0,328.0,398.0
238.0,68.0,567.0,155.0,261.0
297.0,121.0,366.0,97.0,353.0
308.0,209.0,384.0,126.0,463.0
183.0,197.0,539.0,177.0,611.0
491.0,71.0,250.0,184.0,441.0
636.0,118.0,342.0,283.0,517.0
296.0,106.0,538.0,330.0,611.0
361.0,89.0,705.0,426.0,233.0
370.0,111.0,361.0,38.0,229.0
469.0,58.0,402.0,166.0,264.0
690.0,110.0,619.0,518.0,499.0
238.0,219.0,658.0,386.0,502.0
491.0,248.0,357.0,166.0,264.0
241.0,95.0,578.0,426.0,302.0
259.0,93.0,489.0,353.0,282.0
392.0,108.0,361.0,297.0,268.0
164.0,71.0,245.0,38.0,282.0
361.0,105.0,677.0,474.0,456.0
395.0,132.0,573.0,242.0,421.0
692.0,132.0,556.0,524.0,531.0
373.0,134.0,364.0,458.0,284.0
201.0,154.0,429.0,441.0,53.0
184.0,106.0,496.0,81.0,225.0
464.0,93.0,310.0,113.0,377.0
365.0,134.0,361.0,608.0,523.0
999.0,130.0,578.0,316.0,431.0
456.0,104.0,364.0,337.0,401.0
361.0,115.0,0.0,411.0,468.0
237.0,106.0,371.0,283.0,278.0
296.0,71.0,541.0,126.0,100.0
184.0,132.0,538.0,129.0,421.0
259.0,90.0,342.0,146.0,296.0
508.0,108.0,466.0,283.0,568.0
256.0,89.0,514.0,284.0,217.0
434.0,249.0,438.0,315.0,298.0
312.0,96.0,489.0,958.0,531.0
278.0,87.0,286.0,190.0,569.0
206.0,110.0,226.0,106.0,536.0
434.0,14.0,512.0,524.0,606.0
392.0,38.0,365.0,424.0,530.0
508.0,171.0,572.0,782.0,401.0
392.0,193.0,361.0,184.0,503.0
395.0,106.0,581.0,262.0,300.0
539.0,107.0,573.0,316.0,502.0
307.0,82.0,806.0,69.0,296.0
191.0,93.0,748.0,263.0,296.0
400.0,88.0,357.0,390.0,504.0
506.0,118.0,226.0,449.0,534.0
410.0,66.0,368.0,113.0,187.0
638.0,168.0,658.0,43.0,404.0
331.0,106.0,510.0,113.0,191.0
619.0,85.0,581.0,411.0,341.0
630.0,106.0,223.0,138.0,175.0
339.0,109.0,30.0,226.0,587.0
449.0,101.0,482.0,43.0,199.0
262.0,105.0,430.0,335.0,392.0
296.0,198.0,419.0,330.0,298.0
157.0,102.0,426.0,999.0,534.0
395.0,82.0,576.0,192.0,284.0
370.0,70.0,448.0,94.0,580.0
246.0,102.0,496.0,366.0,100.0
337.0,73.0,389.0,424.0,493.0
252.0,115.0,328.0,192.0,257.0
183.0,146.0,801.0,200.0,453.0
504.0,138.0,250.0,371.0,419.0
502.0,76.0,410.0,328.0,427.0
392.0,121.0,660.0,106.0,339.0
410.0,111.0,489.0,333.0,406.0
500.0,97.0,170.0,443.0,389.0
295.0,93.0,0.0,579.0,465.0
434.0,76.0,573.0,370.0,221.0
395.0,102.0,448.0,316.0,303.0
184.0,124.0,135.0,432.0,502.0
241.0,9.0,443.0,335.0,420.0
361.0,51.0,256.0,518.0,531.0
289.0,70.0,366.0,319.0,405.0
585.0,121.0,660.0,268.0,468.0
765.0,248.0,399.0,647.0,511.0
149.0,93.0,357.0,153.0,335.0
256.0,130.0,421.0,132.0,195.0
395.0,109.0,389.0,622.0,339.0
9.0,110.0,429.0,469.0,303.0
244.0,58.0,389.0,344.0,456.0
381.0,219.0,785.0,469.0,517.0
563.0,92.0,0.0,432.0,502.0
497.0,200.0,764.0,386.0,538.0
237.0,143.0,450.0,371.0,490.0
449.0,109.0,660.0,226.0,377.0
289.0,108.0,0.0,40.0,332.0
465.0,184.0,443.0,371.0,530.0
291.0,90.0,361.0,344.0,468.0
411.0,96.0,490.0,177.0,592.0
285.0,86.0,226.0,384.0,549.0
542.0,18.0,582.0,359.0,530.0
89.0,147.0,398.0,283.0,427.0
326.0,106.0,453.0,283.0,284.0
434.0,146.0,322.0,241.0,339.0
294.0,96.0,364.0,410.0,419.0
183.0,100.0,511.0,410.0,175.0
332.0,134.0,265.0,338.0,358.0
636.0,89.0,468.0,262.0,411.0
301.0,111.0,585.0,622.0,523.0
395.0,121.0,398.0,275.0,367.0
519.0,209.0,368.0,430.0,306.0
252.0,52.0,328.0,304.0,421.0
359.0,207.0,660.0,129.0,187.0
448.0,206.0,429.0,333.0,97.0
190.0,91.0,322.0,220.0,320.0
206.0,125.0,638.0,361.0,398.0
630.0,114.0,410.0,223.0,308.0
307.0,107.0,327.0,336.0,476.0
183.0,90.0,419.0,353.0,592.0
455.0,114.0,819.0,491.0,400.0
242.0,146.0,511.0,999.0,999.0
395.0,175.0,135.0,190.0,255.0
395.0,51.0,398.0,247.0,420.0
320.0,110.0,378.0,226.0,229.0
238.0,146.0,421.0,411.0,449.0
206.0,146.0,525.0,262.0,536.0
390.0,97.0,506.0,439.0,504.0
447.0,51.0,505.0,283.0,424.0
337.0,71.0,660.0,283.0,264.0
410.0,283.0,695.0,304.0,217.0
491.0,97.0,399.0,304.0,282.0
206.0,93.0,578.0,353.0,419.0
292.0,36.0,275.0,223.0,327.0
508.0,76.0,363.0,424.0,499.0
927.0,108.0,384.0,223.0,187.0
508.0,108.0,315.0,304.0,569.0
508.0,71.0,357.0,43.0,392.0
190.0,523.0,438.0,184.0,65.0
288.0,96.0,405.0,361.0,465.0
308.0,90.0,554.0,63.0,282.0
403.0,73.0,785.0,639.0,292.0
455.0,198.0,489.0,491.0,499.0
449.0,105.0,556.0,408.0,456.0
326.0,129.0,560.0,232.0,225.0
516.0,86.0,581.0,306.0,612.0
494.0,88.0,543.0,353.0,493.0
464.0,209.0,748.0,371.0,405.0
301.0,168.0,363.0,386.0,536.0
473.0,76.0,695.0,308.0,384.0
467.0,113.0,377.0,226.0,367.0
390.0,45.0,363.0,518.0,606.0
491.0,129.0,228.0,316.0,392.0
424.0,139.0,489.0,525.0,498.0
307.0,67.0,450.0,284.0,377.0
252.0,66.0,438.0,276.0,233.0
362.0,87.0,476.0,99.0,523.0
291.0,195.0,582.0,328.0,571.0
465.0,115.0,496.0,504.0,65.0
456.0,132.0,512.0,154.0,271.0
520.0,113.0,411.0,177.0,308.0
228.0,106.0,385.0,318.0,377.0
457.0,96.0,429.0,263.0,618.0
183.0,114.0,570.0,275.0,339.0
289.0,168.0,453.0,154.0,405.0
315.0,67.0,334.0,441.0,493.0
464.0,9.0,402.0,308.0,530.0
370.0,100.0,570.0,525.0,167.0
294.0,36.0,999.0,515.0,358.0
410.0,106.0,410.0,297.0,245.0
395.0,126.0,361.0,311.0,400.0
394.0,248.0,538.0,184.0,456.0
209.0,177.0,228.0,153.0,333.0
292.0,73.0,442.0,97.0,25.0
542.0,115.0,361.0,189.0,411.0
425.0,90.0,438.0,424.0,465.0
456.0,175.0,443.0,330.0,530.0
456.0,168.0,417.0,123.0,191.0
339.0,110.0,328.0,469.0,223.0
244.0,38.0,256.0,202.0,284.0
392.0,76.0,512.0,81.0,225.0
246.0,98.0,484.0,430.0,523.0
296.0,88.0,603.0,300.0,427.0
270.0,96.0,422.0,218.0,606.0
425.0,102.0,525.0,625.0,175.0
172.0,97.0,574.0,177.0,98.0
252.0,219.0,436.0,265.0,296.0
765.0,197.0,510.0,257.0,517.0
297.0,105.0,506.0,328.0,511.0
184.0,135.0,431.0,223.0,400.0
434.0,120.0,525.0,384.0,468.0
563.0,170.0,339.0,336.0,406.0
563.0,106.0,379.0,408.0,167.0
574.0,97.0,450.0,330.0,419.0
337.0,13.0,223.0,330.0,390.0
184.0,14.0,506.0,123.0,123.0
365.0,51.0,192.0,263.0,377.0
307.0,109.0,572.0,424.0,463.0
395.0,106.0,488.0,40.0,296.0
294.0,109.0,450.0,218.0,346.0
504.0,125.0,226.0,109.0,503.0
191.0,106.0,506.0,328.0,454.0
392.0,76.0,361.0,192.0,223.0
481.0,168.0,460.0,218.0,195.0
502.0,71.0,574.0,439.0,515.0
244.0,145.0,280.0,263.0,406.0
270.0,206.0,265.0,306.0,406.0
297.0,106.0,340.0,166.0,100.0
519.0,120.0,489.0,241.0,298.0
241.0,177.0,660.0,315.0,300.0
390.0,132.0,496.0,386.0,465.0
301.0,283.0,512.0,469.0,475.0
373.0,110.0,621.0,366.0,404.0
556.0,106.0,496.0,283.0,498.0
329.0,121.0,512.0,318.0,606.0
668.0,40.0,999.0,286.0,392.0
556.0,146.0,543.0,353.0,456.0
184.0,95.0,488.0,242.0,268.0
331.0,58.0,526.0,311.0,339.0
241.0,106.0,340.0,608.0,252.0
480.0,109.0,514.0,408.0,582.0
308.0,133.0,368.0,439.0,389.0
690.0,45.0,339.0,501.0,503.0
302.0,140.0,538.0,227.0,271.0
494.0,118.0,430.0,130.0,191.0
312.0,132.0,496.0,336.0,401.0
201.0,106.0,357.0,286.0,377.0
294.0,88.0,496.0,424.0,228.0
447.0,100.0,512.0,304.0,592.0
390.0,132.0,488.0,304.0,534.0
469.0,52.0,339.0,178.0,296.0
365.0,132.0,223.0,330.0,436.0
690.0,66.0,188.0,639.0,256.0
291.0,67.0,621.0,184.0,255.0
410.0,106.0,509.0,311.0,406.0
411.0,96.0,801.0,316.0,400.0
354.0,95.0,578.0,83.0,530.0
164.0,118.0,422.0,195.0,245.0
746.0,97.0,322.0,359.0,530.0
458.0,102.0,525.0,283.0,353.0
373.0,104.0,660.0,501.0,124.0
520.0,90.0,328.0,335.0,499.0
409.0,134.0,660.0,178.0,384.0
312.0,97.0,267.0,227.0,512.0
241.0,113.0,534.0,94.0,195.0
392.0,139.0,443.0,286.0,308.0
295.0,168.0,573.0,275.0,257.0
266.0,113.0,526.0,262.0,228.0
505.0,58.0,443.0,318.0,223.0
273.0,104.0,398.0,647.0,465.0
252.0,139.0,328.0,283.0,264.0
400.0,140.0,543.0,286.0,452.0
395.0,51.0,357.0,270.0,332.0
425.0,109.0,365.0,286.0,391.0
395.0,73.0,357.0,97.0,358.0
236.0,154.0,267.0,191.0,377.0
373.0,110.0,490.0,443.0,436.0
563.0,106.0,511.0,297.0,256.0
425.0,102.0,426.0,286.0,332.0
238.0,110.0,411.0,344.0,431.0
542.0,38.0,393.0,113.0,468.0
301.0,65.0,438.0,424.0,282.0
273.0,97.0,347.0,94.0,124.0
288.0,106.0,429.0,286.0,419.0
519.0,140.0,556.0,353.0,394.0
157.0,138.0,368.0,626.0,468.0
354.0,98.0,573.0,178.0,400.0
339.0,146.0,23.0,177.0,221.0
619.0,73.0,526.0,97.0,438.0
390.0,113.0,315.0,156.0,199.0
516.0,91.0,626.0,195.0,335.0
455.0,168.0,735.0,121.0,124.0
516.0,193.0,525.0,288.0,411.0
434.0,107.0,862.0,316.0,549.0
297.0,58.0,660.0,123.0,475.0
365.0,57.0,429.0,145.0,628.0
244.0,139.0,361.0,286.0,256.0
333.0,115.0,364.0,156.0,327.0
638.0,76.0,490.0,411.0,517.0
409.0,209.0,135.0,202.0,225.0
206.0,209.0,726.0,109.0,534.0
362.0,115.0,582.0,424.0,504.0
505.0,118.0,245.0,626.0,395.0
447.0,62.0,538.0,356.0,531.0
456.0,97.0,509.0,595.0,411.0
315.0,90.0,442.0,191.0,523.0
302.0,105.0,402.0,195.0,493.0
326.0,66.0,538.0,430.0,486.0
339.0,136.0,695.0,94.0,320.0
320.0,109.0,496.0,432.0,530.0
417.0,118.0,280.0,486.0,427.0
506.0,86.0,872.0,94.0,282.0
638.0,177.0,540.0,626.0,612.0
516.0,86.0,327.0,353.0,264.0
413.0,161.0,351.0,99.0,606.0
500.0,98.0,351.0,109.0,53.0
152.0,168.0,819.0,121.0,407.0
448.0,145.0,705.0,491.0,538.0
159.0,132.0,575.0,156.0,150.0
701.0,115.0,256.0,217.0,261.0
410.0,248.0,377.0,349.0,405.0
465.0,140.0,514.0,441.0,427.0
434.0,91.0,999.0,262.0,335.0
417.0,109.0,610.0,443.0,420.0
395.0,113.0,377.0,178.0,523.0
638.0,108.0,726.0,782.0,503.0
668.0,100.0,377.0,424.0,499.0
362.0,121.0,489.0,424.0,468.0
246.0,132.0,447.0,958.0,493.0
315.0,44.0,661.0,491.0,420.0
178.0,14.0,192.0,166.0,367.0
251.0,40.0,393.0,315.0,465.0
252.0,999.0,417.0,43.0,228.0
447.0,132.0,581.0,63.0,264.0
364.0,90.0,525.0,83.0,431.0
471.0,106.0,286.0,601.0,553.0
361.0,109.0,386.0,424.0,463.0
301.0,106.0,660.0,390.0,618.0
488.0,91.0,556.0,283.0,534.0
111.0,950.0,384.0,349.0,434.0
373.0,67.0,468.0,411.0,308.0
409.0,45.0,328.0,155.0,167.0
89.0,67.0,363.0,411.0,531.0
392.0,124.0,512.0,113.0,452.0
320.0,132.0,661.0,486.0,0.0
619.0,102.0,574.0,191.0,264.0
262.0,184.0,275.0,426.0,327.0
266.0,102.0,660.0,349.0,406.0
505.0,102.0,524.0,43.0,538.0
410.0,121.0,506.0,192.0,377.0
473.0,118.0,245.0,220.0,199.0
447.0,121.0,411.0,283.0,406.0
491.0,98.0,421.0,504.0,245.0
390.0,248.0,539.0,311.0,407.0
364.0,53.0,275.0,200.0,255.0
152.0,168.0,443.0,359.0,469.0
409.0,102.0,267.0,315.0,271.0
410.0,140.0,228.0,338.0,503.0
159.0,120.0,347.0,344.0,534.0
434.0,66.0,525.0,411.0,498.0
504.0,134.0,410.0,359.0,306.0
291.0,76.0,509.0,384.0,580.0
183.0,126.0,512.0,156.0,146.0
216.0,86.0,188.0,315.0,438.0
373.0,195.0,509.0,515.0,98.0
508.0,108.0,560.0,155.0,302.0
506.0,170.0,328.0,276.0,363.0
252.0,91.0,322.0,226.0,406.0
307.0,106.0,385.0,247.0,302.0
241.0,73.0,442.0,275.0,302.0
206.0,45.0,30.0,622.0,523.0
292.0,132.0,448.0,518.0,534.0
638.0,71.0,384.0,390.0,490.0
241.0,0.0,695.0,226.0,367.0
522.0,126.0,660.0,353.0,476.0
339.0,89.0,466.0,219.0,308.0
301.0,132.0,223.0,226.0,199.0
296.0,66.0,286.0,94.0,264.0
184.0,195.0,525.0,192.0,229.0
307.0,40.0,234.0,353.0,398.0
296.0,135.0,398.0,343.0,303.0
403.0,195.0,489.0,491.0,419.0
289.0,109.0,371.0,288.0,411.0
392.0,85.0,539.0,129.0,398.0
409.0,90.0,705.0,94.0,531.0
184.0,14.0,164.0,189.0,363.0
395.0,175.0,402.0,43.0,363.0
542.0,58.0,310.0,226.0,296.0
206.0,194.0,453.0,130.0,100.0
431.0,45.0,322.0,316.0,504.0
448.0,209.0,512.0,622.0,490.0
409.0,40.0,573.0,223.0,264.0
206.0,140.0,626.0,411.0,431.0
362.0,107.0,364.0,359.0,389.0
270.0,95.0,315.0,286.0,536.0
478.0,110.0,560.0,270.0,618.0
285.0,134.0,538.0,782.0,452.0
320.0,57.0,556.0,337.0,534.0
469.0,207.0,450.0,191.0,335.0
504.0,248.0,695.0,286.0,999.0
494.0,79.0,501.0,608.0,495.0
216.0,121.0,322.0,153.0,167.0
644.0,106.0,490.0,515.0,530.0
413.0,100.0,538.0,94.0,257.0
0.0,108.0,578.0,371.0,427.0
497.0,73.0,619.0,343.0,502.0
469.0,66.0,365.0,601.0,499.0
206.0,80.0,368.0,370.0,341.0
519.0,87.0,543.0,286.0,394.0
244.0,197.0,511.0,126.0,695.0
455.0,96.0,368.0,155.0,284.0
434.0,105.0,365.0,469.0,493.0
238.0,90.0,705.0,182.0,225.0
690.0,82.0,365.0,349.0,549.0
270.0,106.0,567.0,304.0,257.0
292.0,133.0,573.0,300.0,465.0
183.0,65.0,512.0,153.0,255.0
638.0,132.0,553.0,297.0,427.0
294.0,84.0,429.0,999.0,999.0
307.0,93.0,764.0,408.0,419.0
228.0,183.0,621.0,129.0,268.0
339.0,109.0,448.0,294.0,332.0
228.0,132.0,363.0,154.0,214.0
668.0,104.0,509.0,647.0,482.0
259.0,58.0,619.0,275.0,320.0
294.0,256.0,581.0,94.0,346.0
206.0,85.0,526.0,528.0,456.0
434.0,247.0,226.0,318.0,282.0
365.0,66.0,575.0,83.0,431.0
361.0,58.0,453.0,626.0,446.0
506.0,76.0,581.0,275.0,358.0
331.0,113.0,422.0,304.0,534.0
556.0,126.0,567.0,249.0,100.0
365.0,53.0,351.0,622.0,389.0
471.0,223.0,482.0,349.0,453.0
190.0,106.0,574.0,154.0,427.0
619.0,53.0,512.0,276.0,517.0
390.0,73.0,581.0,601.0,606.0
206.0,38.0,748.0,328.0,391.0
301.0,118.0,402.0,0.0,0.0
513.0,200.0,638.0,333.0,436.0
494.0,91.0,448.0,296.0,495.0
252.0,146.0,524.0,99.0,225.0
425.0,109.0,448.0,113.0,191.0
332.0,106.0,170.0,432.0,568.0
238.0,105.0,386.0,226.0,302.0
425.0,200.0,626.0,121.0,208.0
246.0,145.0,575.0,424.0,421.0
206.0,51.0,447.0,155.0,191.0
295.0,209.0,543.0,347.0,476.0
692.0,194.0,660.0,223.0,394.0
190.0,67.0,402.0,525.0,418.0
563.0,132.0,572.0,718.0,456.0
574.0,66.0,328.0,217.0,282.0
668.0,106.0,658.0,94.0,245.0
448.0,110.0,448.0,138.0,123.0
508.0,71.0,541.0,200.0,284.0
0.0,73.0,442.0,283.0,419.0
563.0,66.0,361.0,0.0,523.0
259.0,132.0,819.0,315.0,476.0
292.0,107.0,576.0,371.0,475.0
252.0,248.0,417.0,154.0,195.0
184.0,135.0,431.0,184.0,245.0
365.0,223.0,726.0,424.0,406.0
542.0,96.0,364.0,595.0,728.0
638.0,139.0,430.0,63.0,123.0
331.0,65.0,526.0,311.0,392.0
361.0,90.0,806.0,286.0,390.0
465.0,116.0,554.0,226.0,398.0
329.0,73.0,619.0,217.0,571.0
395.0,109.0,570.0,501.0,511.0
500.0,67.0,411.0,275.0,530.0
256.0,121.0,512.0,361.0,511.0
563.0,198.0,426.0,316.0,353.0
502.0,97.0,371.0,113.0,214.0
237.0,132.0,541.0,319.0,463.0
192.0,71.0,573.0,202.0,475.0
630.0,87.0,468.0,283.0,499.0
390.0,67.0,366.0,461.0,517.0
270.0,90.0,660.0,639.0,568.0
273.0,102.0,398.0,625.0,502.0
574.0,95.0,448.0,386.0,469.0
522.0,90.0,342.0,410.0,498.0
339.0,100.0,489.0,424.0,465.0
431.0,71.0,513.0,501.0,431.0
344.0,194.0,468.0,121.0,392.0
746.0,125.0,357.0,268.0,333.0
275.0,133.0,514.0,410.0,476.0
237.0,121.0,539.0,155.0,405.0
236.0,113.0,511.0,336.0,208.0
692.0,140.0,490.0,474.0,124.0
184.0,140.0,275.0,265.0,358.0
569.0,118.0,310.0,411.0,327.0
172.0,146.0,267.0,268.0,400.0
373.0,44.0,430.0,330.0,468.0
563.0,118.0,660.0,408.0,515.0
519.0,194.0,572.0,153.0,394.0
238.0,86.0,621.0,353.0,427.0
278.0,90.0,228.0,999.0,53.0
692.0,223.0,512.0,336.0,335.0
508.0,118.0,368.0,524.0,468.0
481.0,44.0,512.0,289.0,217.0
285.0,90.0,422.0,196.0,469.0
256.0,193.0,576.0,219.0,490.0
331.0,76.0,410.0,182.0,191.0
157.0,76.0,361.0,286.0,333.0
392.0,124.0,421.0,328.0,278.0
89.0,38.0,363.0,146.0,245.0
473.0,198.0,582.0,94.0,167.0
291.0,97.0,422.0,474.0,498.0
326.0,93.0,582.0,469.0,441.0
504.0,97.0,302.0,384.0,419.0
465.0,206.0,419.0,283.0,252.0
294.0,104.0,442.0,639.0,587.0
241.0,147.0,748.0,311.0,252.0
256.0,146.0,430.0,263.0,394.0
424.0,523.0,534.0,168.0,453.0
241.0,120.0,576.0,219.0,255.0
157.0,91.0,399.0,191.0,419.0
326.0,146.0,393.0,410.0,628.0
400.0,132.0,188.0,469.0,358.0
390.0,115.0,56.0,353.0,493.0
434.0,110.0,513.0,296.0,419.0
390.0,118.0,426.0,296.0,333.0
241.0,159.0,567.0,333.0,465.0
266.0,170.0,363.0,359.0,232.0
0.0,118.0,245.0,426.0,252.0
513.0,85.0,192.0,424.0,434.0
339.0,86.0,513.0,639.0,571.0
288.0,86.0,573.0,184.0,263.0
508.0,66.0,334.0,268.0,475.0
447.0,65.0,496.0,156.0,223.0
241.0,112.0,501.0,286.0,228.0
508.0,92.0,442.0,424.0,463.0
480.0,84.0,368.0,461.0,523.0
392.0,95.0,114.0,283.0,320.0
425.0,89.0,514.0,166.0,124.0
636.0,145.0,513.0,359.0,695.0
403.0,76.0,543.0,184.0,427.0
467.0,107.0,447.0,294.0,300.0
339.0,96.0,448.0,426.0,420.0
701.0,98.0,417.0,999.0,395.0
315.0,99.0,574.0,263.0,418.0
392.0,100.0,334.0,223.0,187.0
300.0,108.0,256.0,562.0,517.0
456.0,203.0,764.0,130.0,195.0
458.0,132.0,575.0,123.0,191.0
392.0,143.0,567.0,678.0,298.0
275.0,156.0,438.0,361.0,606.0
556.0,147.0,417.0,333.0,284.0
425.0,249.0,506.0,304.0,392.0
339.0,200.0,405.0,622.0,377.0
574.0,138.0,365.0,189.0,308.0
569.0,138.0,512.0,296.0,434.0
508.0,146.0,695.0,353.0,318.0
270.0,108.0,525.0,284.0,293.0
362.0,115.0,429.0,232.0,341.0
364.0,90.0,660.0,226.0,531.0
178.0,149.0,524.0,257.0,217.0
307.0,184.0,421.0,311.0,225.0
292.0,99.0,339.0,276.0,252.0
409.0,86.0,393.0,349.0,549.0
505.0,89.0,327.0,608.0,400.0
89.0,82.0,315.0,469.0,495.0
275.0,147.0,386.0,94.0,223.0
320.0,132.0,764.0,217.0,284.0
638.0,207.0,476.0,410.0,223.0
184.0,171.0,581.0,226.0,268.0
508.0,183.0,489.0,411.0,453.0
157.0,95.0,430.0,359.0,495.0
273.0,200.0,541.0,110.0,195.0
458.0,140.0,567.0,283.0,582.0
505.0,126.0,490.0,227.0,538.0
395.0,125.0,442.0,241.0,282.0
425.0,154.0,576.0,443.0,523.0
201.0,105.0,275.0,284.0,347.0
192.0,219.0,526.0,121.0,98.0
644.0,203.0,570.0,153.0,284.0
425.0,107.0,361.0,156.0,486.0
0.0,156.0,578.0,156.0,498.0
294.0,118.0,397.0,678.0,606.0
424.0,93.0,448.0,284.0,404.0
542.0,109.0,862.0,275.0,446.0
331.0,95.0,328.0,315.0,420.0
519.0,118.0,705.0,220.0,390.0
458.0,87.0,567.0,202.0,404.0
370.0,161.0,368.0,353.0,282.0
370.0,97.0,534.0,217.0,367.0
481.0,105.0,526.0,359.0,420.0
270.0,106.0,315.0,223.0,228.0
447.0,156.0,572.0,232.0,268.0
425.0,134.0,393.0,515.0,511.0
413.0,149.0,339.0,424.0,424.0
506.0,124.0,378.0,109.0,100.0
508.0,109.0,398.0,219.0,404.0
458.0,73.0,509.0,353.0,446.0
390.0,118.0,368.0,263.0,264.0
390.0,116.0,361.0,386.0,419.0
178.0,102.0,226.0,286.0,284.0
296.0,146.0,275.0,130.0,228.0
458.0,170.0,398.0,94.0,245.0
157.0,73.0,368.0,524.0,531.0
301.0,146.0,573.0,370.0,469.0
206.0,95.0,431.0,275.0,530.0
296.0,87.0,371.0,283.0,606.0
361.0,126.0,328.0,316.0,452.0
152.0,138.0,365.0,275.0,264.0
320.0,58.0,328.0,408.0,469.0
638.0,195.0,525.0,168.0,335.0
111.0,45.0,402.0,191.0,339.0
458.0,168.0,525.0,316.0,308.0
183.0,107.0,512.0,315.0,418.0
506.0,0.0,275.0,297.0,391.0
999.0,91.0,567.0,639.0,390.0
201.0,113.0,447.0,371.0,419.0
455.0,203.0,334.0,227.0,264.0
434.0,118.0,572.0,249.0,225.0
373.0,110.0,510.0,219.0,335.0
308.0,126.0,361.0,110.0,476.0
409.0,93.0,567.0,94.0,310.0
178.0,36.0,327.0,328.0,401.0
159.0,96.0,490.0,625.0,493.0
312.0,126.0,448.0,268.0,452.0
190.0,177.0,430.0,622.0,517.0
497.0,219.0,524.0,218.0,452.0
473.0,107.0,448.0,353.0,441.0
513.0,146.0,135.0,361.0,327.0
469.0,161.0,442.0,241.0,391.0
329.0,90.0,365.0,361.0,407.0
447.0,102.0,496.0,268.0,531.0
252.0,102.0,421.0,283.0,282.0
332.0,171.0,422.0,132.0,446.0
505.0,140.0,638.0,97.0,284.0
464.0,170.0,164.0,123.0,302.0
266.0,82.0,573.0,311.0,391.0
354.0,86.0,192.0,40.0,367.0
519.0,121.0,447.0,247.0,245.0
434.0,125.0,658.0,461.0,377.0
519.0,70.0,553.0,154.0,367.0
209.0,146.0,573.0,242.0,392.0
481.0,96.0,385.0,263.0,367.0
192.0,105.0,334.0,384.0,407.0
251.0,76.0,429.0,97.0,296.0
288.0,145.0,468.0,319.0,367.0
505.0,93.0,223.0,241.0,282.0
0.0,140.0,576.0,226.0,278.0
365.0,195.0,610.0,294.0,456.0
362.0,108.0,361.0,349.0,517.0
465.0,138.0,442.0,126.0,264.0
417.0,84.0,488.0,311.0,394.0
370.0,113.0,501.0,284.0,452.0
364.0,110.0,801.0,999.0,999.0
392.0,118.0,378.0,432.0,571.0
516.0,104.0,334.0,424.0,257.0
494.0,120.0,448.0,306.0,490.0
320.0,108.0,512.0,242.0,306.0
326.0,134.0,347.0,426.0,293.0
505.0,134.0,164.0,138.0,498.0
206.0,198.0,322.0,525.0,531.0
362.0,58.0,509.0,469.0,588.0
259.0,194.0,438.0,315.0,515.0
467.0,107.0,540.0,184.0,256.0
192.0,248.0,377.0,145.0,523.0
417.0,102.0,512.0,270.0,346.0
252.0,97.0,429.0,474.0,495.0
638.0,138.0,438.0,335.0,441.0
344.0,121.0,56.0,315.0,384.0
192.0,108.0,361.0,191.0,98.0
370.0,102.0,468.0,283.0,302.0
361.0,102.0,328.0,411.0,453.0
242.0,86.0,447.0,286.0,391.0
300.0,67.0,402.0,335.0,332.0
392.0,73.0,524.0,43.0,264.0
339.0,79.0,363.0,411.0,420.0
256.0,121.0,660.0,441.0,421.0
292.0,248.0,496.0,297.0,191.0
542.0,107.0,466.0,283.0,195.0
467.0,138.0,322.0,411.0,434.0
183.0,82.0,695.0,524.0,517.0
331.0,93.0,585.0,501.0,427.0
359.0,126.0,735.0,486.0,367.0
149.0,159.0,525.0,306.0,300.0
471.0,85.0,315.0,562.0,468.0
184.0,106.0,397.0,524.0,504.0
344.0,102.0,250.0,191.0,591.0
184.0,87.0,524.0,93.0,512.0
294.0,67.0,114.0,195.0,123.0
520.0,146.0,488.0,328.0,469.0
183.0,67.0,525.0,155.0,264.0
448.0,138.0,705.0,81.0,225.0
246.0,112.0,524.0,461.0,490.0
563.0,106.0,267.0,337.0,592.0
278.0,120.0,496.0,311.0,389.0
337.0,139.0,328.0,217.0,146.0
390.0,132.0,578.0,184.0,214.0
300.0,170.0,402.0,294.0,569.0
491.0,132.0,489.0,191.0,512.0
294.0,121.0,534.0,97.0,282.0
480.0,90.0,512.0,336.0,515.0
307.0,108.0,322.0,43.0,195.0
159.0,66.0,506.0,525.0,592.0
500.0,248.0,286.0,337.0,282.0
392.0,108.0,386.0,123.0,498.0
273.0,203.0,399.0,191.0,146.0
365.0,145.0,399.0,408.0,549.0
395.0,999.0,364.0,275.0,452.0
307.0,107.0,398.0,275.0,300.0
455.0,71.0,658.0,319.0,339.0
395.0,207.0,419.0,97.0,395.0
285.0,209.0,448.0,469.0,512.0
425.0,194.0,442.0,337.0,341.0
449.0,124.0,510.0,347.0,606.0
300.0,44.0,322.0,469.0,612.0
373.0,36.0,496.0,328.0,300.0
455.0,170.0,705.0,370.0,553.0
456.0,126.0,468.0,474.0,606.0
425.0,58.0,661.0,347.0,363.0
206.0,203.0,429.0,113.0,318.0
292.0,283.0,365.0,275.0,517.0
238.0,107.0,695.0,486.0,515.0
273.0,146.0,322.0,518.0,256.0
307.0,82.0,806.0,304.0,452.0
365.0,175.0,509.0,958.0,446.0
337.0,93.0,468.0,296.0,536.0
307.0,109.0,366.0,268.0,611.0
312.0,100.0,342.0,83.0,187.0
508.0,139.0,468.0,318.0,65.0
373.0,100.0,581.0,443.0,495.0
701.0,115.0,23.0,344.0,465.0
481.0,67.0,386.0,626.0,592.0
326.0,113.0,436.0,275.0,390.0
563.0,134.0,188.0,336.0,883.0
392.0,102.0,677.0,525.0,406.0
411.0,200.0,575.0,268.0,405.0
447.0,76.0,735.0,283.0,398.0
329.0,76.0,660.0,333.0,531.0
395.0,140.0,286.0,289.0,282.0
273.0,68.0,567.0,311.0,376.0
333.0,193.0,164.0,184.0,347.0
183.0,105.0,361.0,155.0,376.0
331.0,71.0,340.0,316.0,618.0
434.0,115.0,476.0,601.0,534.0
644.0,126.0,328.0,562.0,339.0
292.0,86.0,509.0,184.0,284.0
522.0,18.0,357.0,132.0,493.0
508.0,118.0,443.0,294.0,463.0
668.0,111.0,705.0,200.0,98.0
508.0,62.0,496.0,449.0,530.0
183.0,999.0,575.0,316.0,411.0
556.0,98.0,686.0,184.0,298.0
236.0,146.0,361.0,430.0,587.0
516.0,109.0,582.0,486.0,468.0
206.0,40.0,476.0,361.0,523.0
329.0,114.0,328.0,501.0,346.0
500.0,134.0,726.0,319.0,427.0
241.0,109.0,411.0,525.0,298.0
246.0,132.0,267.0,294.0,225.0
569.0,66.0,621.0,275.0,217.0
508.0,109.0,510.0,247.0,310.0
315.0,106.0,506.0,370.0,568.0
448.0,169.0,660.0,121.0,221.0
471.0,36.0,385.0,195.0,302.0
246.0,44.0,30.0,43.0,530.0
307.0,0.0,621.0,408.0,465.0
556.0,118.0,361.0,268.0,256.0
291.0,183.0,334.0,316.0,175.0
89.0,89.0,245.0,525.0,503.0
542.0,200.0,509.0,83.0,124.0
362.0,171.0,389.0,304.0,293.0
381.0,53.0,426.0,200.0,124.0
361.0,145.0,397.0,195.0,303.0
491.0,139.0,442.0,286.0,395.0
266.0,139.0,361.0,424.0,284.0
497.0,106.0,819.0,130.0,515.0
491.0,102.0,93.0,83.0,195.0
206.0,90.0,543.0,311.0,534.0
364.0,38.0,686.0,958.0,407.0
690.0,107.0,450.0,184.0,611.0
395.0,209.0,245.0,268.0,308.0
636.0,99.0,399.0,184.0,175.0
275.0,67.0,543.0,411.0,438.0
307.0,95.0,429.0,518.0,419.0
301.0,118.0,385.0,311.0,628.0
447.0,38.0,361.0,595.0,536.0
392.0,76.0,489.0,356.0,404.0
765.0,102.0,574.0,40.0,544.0
500.0,156.0,574.0,184.0,376.0
216.0,146.0,23.0,306.0,306.0
636.0,86.0,267.0,121.0,167.0
449.0,138.0,660.0,263.0,296.0
238.0,138.0,567.0,410.0,391.0
307.0,126.0,250.0,196.0,232.0
184.0,111.0,397.0,424.0,453.0
193.0,68.0,453.0,106.0,150.0
478.0,146.0,726.0,347.0,523.0
157.0,195.0,543.0,335.0,395.0
392.0,90.0,23.0,288.0,512.0
193.0,9.0,512.0,275.0,463.0
392.0,120.0,496.0,123.0,424.0
332.0,105.0,695.0,168.0,358.0
668.0,118.0,363.0,390.0,282.0
152.0,73.0,574.0,94.0,217.0
480.0,138.0,384.0,524.0,499.0
542.0,143.0,862.0,297.0,398.0
329.0,91.0,543.0,196.0,376.0
456.0,134.0,371.0,184.0,284.0
172.0,110.0,342.0,370.0,431.0
291.0,203.0,872.0,226.0,465.0
506.0,132.0,460.0,622.0,580.0
262.0,140.0,512.0,319.0,363.0
300.0,106.0,512.0,110.0,476.0
464.0,102.0,496.0,366.0,493.0
574.0,90.0,429.0,337.0,298.0
638.0,140.0,506.0,349.0,452.0
295.0,193.0,512.0,304.0,538.0
183.0,146.0,567.0,315.0,263.0
392.0,177.0,525.0,227.0,333.0
425.0,195.0,411.0,318.0,308.0
184.0,200.0,453.0,410.0,332.0
289.0,86.0,578.0,241.0,225.0
539.0,110.0,534.0,306.0,490.0
292.0,65.0,426.0,83.0,339.0
238.0,105.0,267.0,311.0,339.0
164.0,101.0,322.0,38.0,187.0
471.0,102.0,368.0,337.0,389.0
285.0,183.0,448.0,461.0,571.0
344.0,0.0,405.0,200.0,199.0
364.0,132.0,327.0,249.0,376.0
447.0,93.0,431.0,257.0,728.0
365.0,108.0,442.0,123.0,252.0
447.0,140.0,322.0,411.0,544.0
296.0,126.0,265.0,109.0,124.0
364.0,93.0,442.0,223.0,264.0
320.0,82.0,686.0,595.0,252.0
251.0,109.0,538.0,168.0,292.0
480.0,110.0,538.0,190.0,367.0
480.0,138.0,399.0,333.0,538.0
256.0,91.0,513.0,202.0,282.0
478.0,58.0,660.0,370.0,468.0
236.0,132.0,347.0,626.0,498.0
292.0,18.0,365.0,328.0,454.0
701.0,114.0,93.0,579.0,538.0
339.0,40.0,363.0,289.0,523.0
256.0,14.0,576.0,304.0,530.0
480.0,168.0,426.0,296.0,465.0
447.0,209.0,862.0,232.0,282.0
331.0,95.0,397.0,338.0,335.0
361.0,100.0,347.0,579.0,407.0
471.0,134.0,819.0,242.0,229.0
183.0,110.0,357.0,219.0,404.0
449.0,100.0,509.0,311.0,446.0
394.0,90.0,267.0,562.0,406.0
339.0,73.0,328.0,83.0,293.0
365.0,168.0,538.0,262.0,438.0
331.0,171.0,245.0,146.0,282.0
746.0,132.0,429.0,241.0,504.0
467.0,118.0,93.0,284.0,392.0
464.0,248.0,573.0,304.0,217.0
201.0,86.0,402.0,347.0,523.0
506.0,79.0,543.0,121.0,257.0
149.0,132.0,357.0,504.0,544.0
434.0,132.0,234.0,109.0,436.0
302.0,104.0,513.0,123.0,308.0
455.0,106.0,340.0,390.0,401.0
574.0,95.0,578.0,195.0,271.0
183.0,197.0,114.0,366.0,333.0
307.0,138.0,398.0,196.0,390.0
424.0,13.0,426.0,410.0,98.0
478.0,140.0,582.0,219.0,463.0
425.0,109.0,405.0,449.0,504.0
164.0,52.0,466.0,315.0,517.0
206.0,283.0,862.0,146.0,327.0
275.0,102.0,619.0,491.0,503.0
410.0,38.0,302.0,283.0,195.0
292.0,73.0,496.0,430.0,456.0
644.0,70.0,448.0,337.0,400.0
259.0,138.0,430.0,443.0,499.0
574.0,108.0,506.0,155.0,591.0
307.0,108.0,228.0,579.0,146.0
381.0,14.0,509.0,518.0,517.0
241.0,121.0,512.0,241.0,292.0
270.0,146.0,385.0,311.0,208.0
500.0,88.0,567.0,286.0,394.0
480.0,105.0,135.0,319.0,411.0
289.0,140.0,610.0,227.0,333.0
361.0,102.0,524.0,145.0,392.0
508.0,193.0,226.0,155.0,419.0
471.0,123.0,371.0,283.0,332.0
569.0,169.0,560.0,241.0,97.0
184.0,66.0,525.0,99.0,263.0
242.0,168.0,567.0,424.0,504.0
270.0,71.0,398.0,579.0,395.0
209.0,53.0,442.0,270.0,303.0
337.0,89.0,23.0,410.0,493.0
425.0,89.0,543.0,191.0,303.0
294.0,100.0,862.0,411.0,436.0
193.0,207.0,448.0,371.0,453.0
457.0,121.0,567.0,424.0,438.0
259.0,134.0,340.0,316.0,469.0
425.0,90.0,538.0,441.0,515.0
373.0,65.0,453.0,182.0,0.0
300.0,118.0,496.0,219.0,214.0
458.0,950.0,513.0,263.0,475.0
542.0,102.0,524.0,123.0,407.0
381.0,67.0,328.0,525.0,606.0
339.0,115.0,484.0,411.0,465.0
519.0,126.0,543.0,286.0,436.0
491.0,143.0,379.0,184.0,424.0
362.0,84.0,361.0,155.0,187.0
504.0,118.0,378.0,178.0,405.0
361.0,149.0,496.0,386.0,503.0
228.0,184.0,619.0,223.0,191.0
252.0,96.0,429.0,424.0,377.0
395.0,139.0,801.0,524.0,534.0
392.0,76.0,405.0,40.0,228.0
241.0,108.0,361.0,283.0,452.0
392.0,108.0,764.0,518.0,245.0
500.0,197.0,735.0,81.0,245.0
471.0,105.0,429.0,608.0,282.0
270.0,91.0,421.0,106.0,392.0
491.0,108.0,510.0,296.0,420.0
481.0,247.0,334.0,155.0,195.0
111.0,198.0,585.0,283.0,346.0
390.0,95.0,234.0,469.0,418.0
238.0,223.0,575.0,190.0,293.0
701.0,197.0,228.0,257.0,332.0
502.0,58.0,397.0,227.0,252.0
395.0,73.0,447.0,300.0,427.0
410.0,82.0,505.0,200.0,282.0
392.0,198.0,30.0,153.0,421.0
307.0,175.0,334.0,343.0,424.0
373.0,102.0,438.0,263.0,390.0
246.0,169.0,999.0,449.0,512.0
278.0,71.0,340.0,625.0,498.0
410.0,248.0,399.0,441.0,530.0
519.0,91.0,340.0,424.0,332.0
302.0,134.0,357.0,223.0,517.0
184.0,106.0,361.0,94.0,217.0
339.0,198.0,429.0,315.0,456.0
278.0,256.0,234.0,232.0,465.0
506.0,209.0,410.0,337.0,468.0
209.0,121.0,378.0,286.0,318.0
370.0,198.0,488.0,202.0,232.0
259.0,102.0,286.0,184.0,261.0
668.0,999.0,328.0,353.0,394.0
301.0,66.0,448.0,83.0,261.0
638.0,68.0,30.0,283.0,284.0
252.0,123.0,361.0,286.0,217.0
494.0,0.0,339.0,343.0,517.0
746.0,66.0,361.0,275.0,475.0
469.0,52.0,735.0,601.0,333.0
296.0,95.0,397.0,192.0,282.0
390.0,209.0,482.0,491.0,538.0
413.0,97.0,582.0,525.0,468.0
668.0,169.0,30.0,319.0,391.0
447.0,999.0,556.0,283.0,398.0
172.0,138.0,234.0,190.0,436.0
410.0,115.0,567.0,190.0,376.0
644.0,156.0,466.0,247.0,293.0
307.0,195.0,448.0,192.0,418.0
516.0,113.0,512.0,130.0,255.0
395.0,82.0,340.0,330.0,310.0
410.0,194.0,347.0,126.0,123.0
241.0,0.0,999.0,121.0,65.0
201.0,40.0,256.0,195.0,332.0
252.0,109.0,397.0,191.0,217.0
289.0,203.0,512.0,306.0,475.0
403.0,193.0,658.0,390.0,453.0
307.0,140.0,448.0,328.0,523.0
242.0,194.0,265.0,154.0,98.0
339.0,102.0,250.0,410.0,495.0
395.0,86.0,361.0,223.0,228.0
409.0,168.0,447.0,366.0,465.0
434.0,100.0,379.0,347.0,293.0
458.0,132.0,735.0,349.0,463.0
494.0,58.0,512.0,311.0,392.0
201.0,115.0,361.0,297.0,495.0
252.0,82.0,460.0,218.0,339.0
692.0,134.0,170.0,518.0,606.0
337.0,106.0,322.0,311.0,232.0
449.0,102.0,419.0,328.0,390.0
478.0,146.0,677.0,275.0,225.0
409.0,106.0,660.0,458.0,347.0
241.0,121.0,361.0,336.0,346.0
456.0,108.0,578.0,430.0,395.0
381.0,121.0,582.0,268.0,282.0
251.0,114.0,429.0,390.0,592.0
390.0,170.0,510.0,226.0,367.0
236.0,100.0,371.0,43.0,256.0
295.0,203.0,573.0,411.0,420.0
410.0,62.0,170.0,304.0,436.0
111.0,45.0,482.0,371.0,446.0
344.0,58.0,386.0,330.0,463.0
502.0,14.0,525.0,121.0,252.0
569.0,58.0,466.0,344.0,580.0
574.0,200.0,574.0,99.0,282.0
241.0,76.0,280.0,94.0,405.0
201.0,107.0,705.0,195.0,390.0
296.0,84.0,361.0,595.0,628.0
228.0,146.0,430.0,190.0,332.0
315.0,87.0,496.0,262.0,515.0
326.0,102.0,574.0,257.0,353.0
296.0,140.0,430.0,275.0,591.0
410.0,40.0,442.0,356.0,282.0
301.0,209.0,411.0,308.0,588.0
447.0,90.0,361.0,184.0,263.0
362.0,249.0,357.0,94.0,544.0
542.0,200.0,384.0,219.0,124.0
394.0,130.0,567.0,958.0,515.0
193.0,108.0,506.0,121.0,256.0
409.0,132.0,328.0,308.0,296.0
636.0,194.0,581.0,177.0,225.0
425.0,134.0,585.0,347.0,498.0
344.0,115.0,448.0,83.0,208.0
270.0,203.0,431.0,441.0,465.0
448.0,154.0,801.0,0.0,568.0
522.0,106.0,265.0,608.0,475.0
308.0,206.0,364.0,38.0,486.0
262.0,198.0,539.0,121.0,98.0
292.0,53.0,351.0,595.0,434.0
504.0,65.0,514.0,562.0,611.0
228.0,132.0,543.0,347.0,468.0
410.0,106.0,405.0,333.0,544.0
362.0,40.0,567.0,333.0,511.0
9.0,110.0,351.0,109.0,97.0
157.0,67.0,621.0,337.0,146.0
9.0,101.0,540.0,296.0,569.0
400.0,113.0,328.0,177.0,233.0
251.0,106.0,361.0,195.0,245.0
395.0,51.0,582.0,491.0,612.0
425.0,109.0,410.0,154.0,367.0
288.0,52.0,726.0,458.0,588.0
480.0,76.0,510.0,109.0,195.0
447.0,40.0,543.0,190.0,223.0
456.0,108.0,553.0,337.0,411.0
464.0,112.0,543.0,184.0,367.0
690.0,132.0,429.0,168.0,582.0
344.0,110.0,496.0,491.0,592.0
172.0,13.0,431.0,304.0,367.0
252.0,58.0,365.0,297.0,223.0
542.0,90.0,328.0,38.0,544.0
291.0,108.0,450.0,458.0,453.0
765.0,88.0,453.0,626.0,495.0
520.0,91.0,399.0,178.0,453.0
464.0,125.0,512.0,191.0,405.0
431.0,14.0,543.0,289.0,124.0
256.0,71.0,496.0,315.0,377.0
413.0,58.0,192.0,110.0,306.0
500.0,107.0,334.0,579.0,398.0
339.0,132.0,512.0,625.0,587.0
491.0,126.0,365.0,311.0,367.0
508.0,99.0,686.0,335.0,400.0
410.0,206.0,543.0,184.0,284.0
746.0,106.0,567.0,97.0,310.0
410.0,124.0,368.0,110.0,233.0
999.0,101.0,421.0,315.0,358.0
244.0,90.0,785.0,304.0,335.0
506.0,93.0,572.0,491.0,358.0
491.0,13.0,660.0,146.0,271.0
332.0,168.0,513.0,226.0,587.0
488.0,109.0,384.0,318.0,404.0
329.0,136.0,735.0,283.0,363.0
381.0,90.0,378.0,247.0,217.0
434.0,90.0,660.0,154.0,282.0
491.0,109.0,686.0,268.0,376.0
520.0,79.0,501.0,344.0,298.0
232.0,97.0,525.0,411.0,463.0
244.0,195.0,534.0,296.0,517.0
364.0,198.0,364.0,300.0,332.0
765.0,193.0,398.0,182.0,398.0
469.0,68.0,442.0,361.0,530.0
0.0,147.0,448.0,191.0,245.0
288.0,108.0,170.0,370.0,587.0
497.0,38.0,496.0,315.0,255.0
289.0,132.0,361.0,622.0,367.0
542.0,65.0,430.0,390.0,282.0
359.0,70.0,226.0,191.0,512.0
242.0,132.0,567.0,232.0,427.0
409.0,102.0,540.0,337.0,252.0
480.0,138.0,389.0,361.0,175.0
332.0,146.0,402.0,263.0,511.0
307.0,256.0,448.0,486.0,453.0
500.0,71.0,267.0,579.0,536.0
244.0,90.0,357.0,337.0,427.0
332.0,113.0,538.0,0.0,588.0
465.0,36.0,543.0,43.0,293.0
449.0,102.0,525.0,300.0,282.0
297.0,40.0,572.0,386.0,582.0
373.0,95.0,365.0,356.0,490.0
395.0,104.0,526.0,178.0,530.0
447.0,138.0,410.0,81.0,347.0
252.0,110.0,661.0,999.0,999.0
765.0,79.0,603.0,426.0,490.0
339.0,999.0,357.0,333.0,549.0
172.0,100.0,322.0,601.0,531.0
395.0,76.0,578.0,370.0,419.0
458.0,132.0,448.0,182.0,367.0
241.0,100.0,377.0,226.0,391.0
522.0,98.0,658.0,275.0,256.0
542.0,80.0,512.0,311.0,468.0
395.0,207.0,658.0,226.0,245.0
392.0,107.0,377.0,226.0,225.0
273.0,99.0,801.0,132.0,391.0
291.0,111.0,431.0,97.0,98.0
361.0,115.0,660.0,353.0,233.0
500.0,62.0,315.0,504.0,591.0
365.0,183.0,365.0,275.0,503.0
400.0,86.0,429.0,262.0,268.0
395.0,106.0,660.0,121.0,293.0
285.0,134.0,705.0,249.0,367.0
183.0,51.0,496.0,424.0,588.0
455.0,146.0,363.0,424.0,569.0
206.0,126.0,575.0,491.0,612.0
339.0,71.0,573.0,306.0,346.0
390.0,105.0,448.0,349.0,436.0
216.0,203.0,442.0,126.0,208.0
246.0,209.0,573.0,441.0,523.0
381.0,107.0,512.0,319.0,434.0
999.0,51.0,393.0,414.0,346.0
424.0,89.0,421.0,333.0,367.0
395.0,73.0,862.0,337.0,391.0
307.0,91.0,582.0,524.0,538.0
519.0,249.0,366.0,275.0,391.0
339.0,86.0,328.0,241.0,256.0
410.0,58.0,419.0,226.0,187.0
644.0,106.0,539.0,304.0,571.0
522.0,104.0,512.0,353.0,531.0
411.0,68.0,286.0,414.0,628.0
392.0,169.0,512.0,328.0,453.0
539.0,113.0,512.0,232.0,347.0
201.0,146.0,56.0,296.0,498.0
365.0,99.0,661.0,595.0,502.0
502.0,87.0,228.0,94.0,367.0
519.0,13.0,351.0,40.0,98.0
237.0,134.0,399.0,349.0,398.0
152.0,91.0,806.0,227.0,523.0
400.0,40.0,573.0,0.0,434.0
425.0,248.0,512.0,286.0,503.0
403.0,108.0,540.0,192.0,611.0
159.0,100.0,135.0,155.0,392.0
373.0,106.0,505.0,294.0,214.0
237.0,198.0,534.0,304.0,252.0
0.0,82.0,525.0,359.0,320.0
505.0,118.0,448.0,146.0,302.0
504.0,134.0,567.0,410.0,553.0
193.0,71.0,422.0,328.0,293.0
296.0,67.0,328.0,226.0,298.0
178.0,91.0,188.0,349.0,427.0
307.0,53.0,448.0,226.0,538.0
300.0,86.0,398.0,94.0,100.0
413.0,183.0,361.0,337.0,296.0
701.0,106.0,585.0,81.0,465.0
262.0,90.0,726.0,469.0,398.0
246.0,126.0,513.0,441.0,498.0
301.0,132.0,30.0,371.0,454.0
520.0,108.0,575.0,384.0,424.0
516.0,108.0,361.0,304.0,284.0
246.0,108.0,512.0,43.0,256.0
392.0,90.0,389.0,625.0,587.0
413.0,114.0,399.0,424.0,591.0
457.0,76.0,575.0,999.0,999.0
500.0,132.0,192.0,106.0,392.0
164.0,112.0,512.0,146.0,98.0
410.0,154.0,245.0,337.0,421.0
520.0,950.0,468.0,262.0,404.0
362.0,106.0,512.0,190.0,195.0
690.0,132.0,603.0,432.0,498.0
410.0,109.0,785.0,247.0,318.0
410.0,140.0,560.0,126.0,591.0
692.0,249.0,340.0,424.0,436.0
502.0,95.0,509.0,177.0,298.0
392.0,136.0,430.0,311.0,367.0
331.0,44.0,576.0,390.0,421.0
569.0,145.0,422.0,410.0,271.0
373.0,147.0,361.0,232.0,367.0
252.0,193.0,328.0,110.0,228.0
522.0,100.0,442.0,999.0,999.0
289.0,118.0,327.0,156.0,232.0
241.0,90.0,366.0,191.0,499.0
519.0,66.0,626.0,191.0,284.0
927.0,106.0,509.0,384.0,517.0
331.0,73.0,538.0,94.0,503.0
89.0,121.0,442.0,109.0,571.0
519.0,40.0,619.0,190.0,515.0
252.0,108.0,450.0,286.0,475.0
425.0,82.0,405.0,126.0,271.0
473.0,124.0,553.0,335.0,469.0
339.0,194.0,411.0,525.0,191.0
413.0,209.0,228.0,265.0,278.0
183.0,13.0,581.0,626.0,298.0
425.0,138.0,361.0,311.0,569.0
480.0,91.0,660.0,286.0,401.0
480.0,67.0,386.0,626.0,536.0
506.0,140.0,322.0,93.0,476.0
241.0,95.0,442.0,300.0,463.0
308.0,53.0,422.0,283.0,530.0
296.0,161.0,402.0,328.0,391.0
297.0,96.0,135.0,109.0,284.0
295.0,121.0,402.0,359.0,427.0
519.0,79.0,576.0,0.0,0.0
569.0,97.0,638.0,424.0,411.0
236.0,76.0,430.0,359.0,503.0
449.0,219.0,660.0,94.0,327.0
275.0,105.0,525.0,333.0,327.0
392.0,140.0,363.0,311.0,228.0
300.0,107.0,334.0,304.0,223.0
469.0,86.0,93.0,43.0,225.0
465.0,156.0,524.0,195.0,327.0
292.0,109.0,56.0,177.0,282.0
164.0,129.0,364.0,81.0,406.0
464.0,90.0,582.0,138.0,146.0
216.0,129.0,660.0,524.0,498.0
190.0,113.0,431.0,439.0,367.0
236.0,97.0,538.0,469.0,475.0
262.0,132.0,188.0,275.0,427.0
390.0,57.0,436.0,283.0,191.0
159.0,53.0,575.0,220.0,587.0
228.0,138.0,436.0,359.0,431.0
236.0,171.0,397.0,443.0,390.0
252.0,262.0,366.0,330.0,339.0
392.0,71.0,582.0,99.0,523.0
191.0,106.0,363.0,218.0,419.0
164.0,168.0,411.0,262.0,463.0
690.0,146.0,361.0,0.0,124.0
275.0,67.0,801.0,166.0,282.0
392.0,113.0,447.0,386.0,232.0
331.0,85.0,509.0,121.0,271.0
89.0,86.0,328.0,0.0,0.0
252.0,108.0,365.0,344.0,446.0
111.0,145.0,512.0,308.0,503.0
434.0,146.0,135.0,220.0,449.0
465.0,135.0,660.0,311.0,282.0
449.0,58.0,501.0,386.0,553.0
434.0,102.0,361.0,43.0,225.0
370.0,113.0,496.0,220.0,332.0
457.0,102.0,363.0,304.0,569.0
183.0,194.0,626.0,129.0,302.0
296.0,104.0,638.0,333.0,407.0
242.0,126.0,695.0,344.0,427.0
505.0,115.0,496.0,999.0,463.0
520.0,40.0,361.0,333.0,407.0
630.0,132.0,447.0,38.0,390.0
315.0,154.0,514.0,284.0,303.0
331.0,139.0,402.0,184.0,245.0
447.0,209.0,364.0,232.0,263.0
563.0,109.0,572.0,189.0,195.0
513.0,156.0,509.0,504.0,498.0
361.0,73.0,327.0,145.0,252.0
241.0,146.0,448.0,304.0,261.0
395.0,171.0,245.0,265.0,475.0
178.0,95.0,476.0,284.0,490.0
244.0,45.0,363.0,474.0,420.0
417.0,66.0,490.0,359.0,256.0
425.0,14.0,361.0,524.0,530.0
522.0,107.0,484.0,276.0,167.0
339.0,73.0,540.0,110.0,223.0
392.0,126.0,511.0,94.0,233.0
542.0,146.0,514.0,319.0,256.0
236.0,197.0,402.0,289.0,217.0
390.0,14.0,419.0,146.0,232.0
206.0,73.0,460.0,81.0,310.0
425.0,45.0,442.0,110.0,100.0
395.0,130.0,410.0,99.0,187.0
333.0,102.0,365.0,469.0,389.0
359.0,91.0,386.0,410.0,587.0
184.0,67.0,443.0,242.0,282.0
201.0,58.0,785.0,286.0,124.0
431.0,145.0,443.0,155.0,123.0
563.0,206.0,226.0,283.0,424.0
302.0,115.0,442.0,347.0,530.0
359.0,133.0,443.0,343.0,384.0
206.0,102.0,450.0,432.0,582.0
410.0,82.0,410.0,300.0,468.0
392.0,248.0,510.0,356.0,452.0
508.0,90.0,510.0,189.0,282.0
354.0,73.0,365.0,263.0,391.0
262.0,100.0,366.0,639.0,534.0
242.0,197.0,488.0,315.0,335.0
392.0,154.0,228.0,155.0,419.0
206.0,82.0,366.0,408.0,195.0
308.0,183.0,438.0,283.0,504.0
505.0,146.0,23.0,232.0,268.0
364.0,106.0,553.0,93.0,284.0
520.0,91.0,453.0,276.0,587.0
410.0,209.0,322.0,286.0,544.0
273.0,107.0,512.0,625.0,465.0
252.0,206.0,448.0,501.0,335.0
434.0,121.0,572.0,129.0,175.0
232.0,134.0,438.0,0.0,187.0
508.0,95.0,170.0,283.0,395.0
270.0,249.0,505.0,168.0,256.0
193.0,96.0,489.0,410.0,367.0
481.0,139.0,543.0,123.0,268.0
241.0,82.0,363.0,283.0,376.0
390.0,40.0,322.0,333.0,391.0
164.0,44.0,801.0,262.0,333.0
449.0,113.0,570.0,528.0,65.0
333.0,159.0,377.0,109.0,123.0
504.0,76.0,524.0,69.0,588.0
411.0,126.0,862.0,311.0,468.0
0.0,86.0,610.0,337.0,405.0
425.0,97.0,411.0,315.0,391.0
184.0,135.0,417.0,168.0,282.0
288.0,40.0,438.0,126.0,124.0
478.0,45.0,581.0,286.0,405.0
390.0,132.0,315.0,126.0,245.0
295.0,101.0,695.0,184.0,420.0
410.0,73.0,484.0,999.0,490.0
519.0,100.0,448.0,608.0,245.0
339.0,88.0,621.0,524.0,332.0
164.0,113.0,801.0,121.0,228.0
157.0,0.0,368.0,286.0,411.0
183.0,115.0,438.0,625.0,424.0
237.0,87.0,361.0,411.0,420.0
301.0,95.0,361.0,311.0,469.0
206.0,156.0,379.0,424.0,536.0
209.0,118.0,726.0,335.0,456.0
259.0,110.0,490.0,283.0,530.0
508.0,53.0,322.0,286.0,401.0
481.0,132.0,357.0,242.0,264.0
370.0,115.0,603.0,525.0,191.0
690.0,168.0,661.0,390.0,504.0
395.0,40.0,397.0,69.0,436.0
556.0,139.0,357.0,249.0,406.0
417.0,112.0,658.0,226.0,418.0
0.0,52.0,862.0,333.0,229.0
206.0,134.0,450.0,414.0,367.0
192.0,102.0,511.0,283.0,398.0
457.0,198.0,525.0,223.0,407.0
410.0,950.0,567.0,426.0,389.0
228.0,146.0,567.0,94.0,256.0
292.0,106.0,135.0,504.0,320.0
329.0,143.0,785.0,40.0,421.0
361.0,115.0,365.0,227.0,245.0
361.0,247.0,578.0,0.0,0.0
644.0,121.0,660.0,344.0,436.0
400.0,168.0,322.0,177.0,452.0
539.0,200.0,570.0,328.0,384.0
447.0,106.0,357.0,191.0,264.0
178.0,116.0,484.0,316.0,495.0
228.0,90.0,489.0,154.0,257.0
500.0,147.0,660.0,424.0,282.0
481.0,70.0,506.0,121.0,431.0
273.0,156.0,660.0,333.0,436.0
206.0,73.0,556.0,318.0,469.0
574.0,102.0,267.0,226.0,255.0
491.0,102.0,999.0,390.0,493.0
519.0,169.0,286.0,441.0,377.0
288.0,138.0,363.0,390.0,530.0
244.0,71.0,489.0,333.0,515.0
457.0,159.0,422.0,414.0,515.0
292.0,193.0,361.0,333.0,367.0
522.0,209.0,340.0,110.0,587.0
425.0,200.0,450.0,469.0,454.0
236.0,193.0,573.0,263.0,123.0
289.0,121.0,438.0,370.0,191.0
291.0,168.0,660.0,168.0,25.0
216.0,82.0,393.0,315.0,465.0
456.0,168.0,422.0,220.0,255.0
301.0,90.0,540.0,424.0,278.0
457.0,175.0,489.0,268.0,427.0
172.0,209.0,660.0,283.0,264.0
252.0,73.0,322.0,232.0,580.0
238.0,129.0,450.0,337.0,449.0
262.0,73.0,511.0,184.0,233.0
244.0,86.0,93.0,338.0,465.0
409.0,110.0,450.0,328.0,420.0
539.0,145.0,192.0,262.0,167.0
513.0,200.0,513.0,359.0,255.0
241.0,58.0,489.0,344.0,434.0
692.0,123.0,114.0,83.0,571.0
237.0,80.0,405.0,344.0,504.0
244.0,177.0,280.0,232.0,419.0
252.0,135.0,438.0,297.0,517.0
392.0,90.0,363.0,333.0,419.0
392.0,125.0,511.0,97.0,333.0
364.0,44.0,164.0,289.0,332.0
502.0,183.0,509.0,129.0,271.0
456.0,206.0,0.0,184.0,245.0
152.0,124.0,660.0,300.0,431.0
508.0,171.0,513.0,268.0,400.0
332.0,13.0,429.0,359.0,517.0
392.0,110.0,357.0,121.0,150.0
390.0,248.0,660.0,190.0,424.0
569.0,98.0,334.0,40.0,346.0
638.0,121.0,567.0,94.0,271.0
209.0,113.0,525.0,333.0,391.0
619.0,195.0,610.0,81.0,98.0
178.0,198.0,114.0,275.0,264.0
409.0,66.0,170.0,191.0,376.0
395.0,58.0,524.0,83.0,264.0
425.0,143.0,490.0,220.0,264.0
630.0,184.0,806.0,424.0,465.0
434.0,97.0,245.0,94.0,302.0
425.0,105.0,509.0,432.0,499.0
206.0,139.0,543.0,69.0,232.0
252.0,104.0,543.0,294.0,384.0
295.0,118.0,506.0,166.0,511.0
394.0,159.0,621.0,304.0,504.0
241.0,136.0,621.0,335.0,544.0
619.0,71.0,448.0,335.0,420.0
701.0,51.0,442.0,504.0,531.0
395.0,100.0,398.0,129.0,123.0
520.0,91.0,361.0,265.0,376.0
241.0,90.0,429.0,524.0,512.0
999.0,170.0,585.0,106.0,232.0
275.0,84.0,340.0,184.0,261.0
403.0,194.0,534.0,241.0,302.0
522.0,203.0,619.0,622.0,214.0
159.0,93.0,310.0,247.0,392.0
424.0,102.0,351.0,504.0,538.0
326.0,107.0,405.0,304.0,454.0
332.0,84.0,705.0,311.0,0.0
630.0,248.0,371.0,338.0,261.0
364.0,97.0,328.0,283.0,530.0
111.0,57.0,334.0,999.0,404.0
297.0,126.0,365.0,601.0,468.0
228.0,177.0,539.0,94.0,123.0
266.0,109.0,543.0,625.0,441.0
361.0,93.0,384.0,226.0,452.0
746.0,86.0,626.0,40.0,278.0
326.0,90.0,267.0,328.0,384.0
278.0,112.0,553.0,284.0,264.0
294.0,118.0,302.0,501.0,419.0
638.0,171.0,575.0,304.0,495.0
295.0,101.0,280.0,304.0,358.0
455.0,115.0,339.0,129.0,225.0
434.0,134.0,377.0,177.0,452.0
275.0,95.0,488.0,639.0,588.0
184.0,106.0,576.0,458.0,588.0
473.0,169.0,429.0,622.0,606.0
359.0,65.0,226.0,202.0,395.0
331.0,102.0,576.0,262.0,468.0
455.0,13.0,402.0,443.0,517.0
395.0,121.0,393.0,153.0,245.0
456.0,100.0,484.0,330.0,465.0
183.0,115.0,806.0,241.0,284.0
300.0,92.0,567.0,155.0,347.0
500.0,106.0,23.0,97.0,568.0
302.0,168.0,610.0,328.0,229.0
692.0,147.0,806.0,439.0,588.0
289.0,175.0,429.0,153.0,468.0
999.0,113.0,505.0,528.0,544.0
339.0,58.0,361.0,226.0,453.0
296.0,106.0,582.0,525.0,398.0
690.0,93.0,582.0,286.0,296.0
395.0,120.0,496.0,432.0,538.0
506.0,92.0,226.0,132.0,469.0
332.0,159.0,431.0,353.0,298.0
504.0,102.0,334.0,83.0,353.0
413.0,52.0,366.0,97.0,353.0
201.0,999.0,411.0,390.0,611.0
999.0,95.0,541.0,202.0,504.0
301.0,45.0,443.0,0.0,465.0
467.0,45.0,567.0,424.0,389.0
238.0,113.0,402.0,146.0,530.0
458.0,82.0,567.0,469.0,612.0
411.0,40.0,570.0,371.0,534.0
190.0,120.0,572.0,286.0,264.0
232.0,194.0,228.0,286.0,390.0
192.0,138.0,626.0,263.0,191.0
178.0,159.0,501.0,284.0,401.0
539.0,91.0,573.0,315.0,531.0
424.0,140.0,228.0,286.0,264.0
308.0,106.0,430.0,515.0,411.0
191.0,113.0,578.0,515.0,498.0
236.0,58.0,310.0,275.0,175.0
464.0,76.0,511.0,300.0,441.0
448.0,92.0,30.0,284.0,463.0
373.0,73.0,402.0,196.0,284.0
701.0,177.0,695.0,441.0,367.0
295.0,115.0,322.0,384.0,504.0
457.0,95.0,581.0,184.0,465.0
692.0,118.0,419.0,579.0,476.0
467.0,97.0,582.0,304.0,256.0
563.0,45.0,453.0,223.0,245.0
469.0,67.0,525.0,94.0,511.0
332.0,118.0,581.0,315.0,534.0
301.0,194.0,361.0,443.0,498.0
149.0,113.0,351.0,432.0,256.0
636.0,70.0,540.0,40.0,229.0
359.0,76.0,573.0,286.0,347.0
522.0,111.0,677.0,366.0,454.0
403.0,76.0,541.0,289.0,300.0
329.0,52.0,411.0,232.0,261.0
373.0,73.0,377.0,121.0,310.0
152.0,115.0,524.0,275.0,434.0
410.0,100.0,578.0,189.0,298.0
410.0,209.0,512.0,296.0,98.0
251.0,73.0,402.0,154.0,278.0
190.0,256.0,735.0,166.0,475.0
362.0,82.0,310.0,220.0,308.0
519.0,80.0,764.0,424.0,264.0
448.0,203.0,660.0,349.0,394.0
467.0,110.0,501.0,110.0,302.0
502.0,116.0,405.0,424.0,427.0
337.0,87.0,322.0,333.0,419.0
455.0,129.0,429.0,40.0,25.0
692.0,108.0,302.0,270.0,195.0
209.0,175.0,574.0,333.0,469.0
296.0,91.0,361.0,126.0,233.0
344.0,73.0,660.0,146.0,225.0
455.0,118.0,188.0,289.0,256.0
307.0,132.0,496.0,241.0,228.0
307.0,71.0,426.0,304.0,420.0
467.0,57.0,188.0,289.0,465.0
332.0,90.0,443.0,424.0,401.0
556.0,84.0,572.0,275.0,407.0
300.0,104.0,686.0,315.0,264.0
209.0,58.0,398.0,168.0,225.0
302.0,132.0,574.0,155.0,228.0
307.0,91.0,328.0,110.0,263.0
164.0,116.0,695.0,458.0,502.0
636.0,145.0,438.0,366.0,452.0
480.0,146.0,410.0,608.0,449.0
370.0,247.0,361.0,390.0,495.0
409.0,108.0,447.0,337.0,482.0
508.0,132.0,334.0,275.0,233.0
209.0,0.0,366.0,430.0,318.0
638.0,95.0,328.0,94.0,232.0
259.0,206.0,505.0,356.0,544.0
307.0,113.0,361.0,263.0,569.0
455.0,206.0,574.0,304.0,499.0
542.0,118.0,490.0,625.0,306.0
159.0,110.0,357.0,109.0,256.0
270.0,66.0,872.0,430.0,363.0
513.0,130.0,327.0,601.0,465.0
413.0,66.0,422.0,99.0,65.0
394.0,96.0,368.0,315.0,407.0
297.0,71.0,582.0,177.0,421.0
206.0,195.0,526.0,424.0,504.0
201.0,168.0,543.0,424.0,512.0
285.0,149.0,386.0,501.0,384.0
315.0,126.0,366.0,430.0,308.0
390.0,120.0,509.0,184.0,306.0
413.0,200.0,575.0,166.0,592.0
193.0,71.0,265.0,469.0,568.0
481.0,175.0,363.0,622.0,482.0
184.0,93.0,438.0,99.0,419.0
403.0,114.0,658.0,284.0,300.0
630.0,120.0,192.0,353.0,398.0
184.0,168.0,512.0,106.0,441.0
339.0,121.0,250.0,218.0,232.0
392.0,130.0,574.0,268.0,580.0
329.0,57.0,448.0,622.0,591.0
9.0,168.0,603.0,524.0,531.0
508.0,90.0,525.0,145.0,436.0
288.0,100.0,524.0,390.0,427.0
508.0,100.0,512.0,223.0,390.0
638.0,118.0,576.0,343.0,536.0
307.0,183.0,371.0,286.0,419.0
359.0,121.0,460.0,289.0,377.0
252.0,118.0,468.0,138.0,175.0
644.0,168.0,361.0,525.0,424.0
668.0,183.0,442.0,311.0,498.0
332.0,86.0,553.0,202.0,308.0
259.0,145.0,411.0,268.0,377.0
505.0,66.0,512.0,430.0,544.0
362.0,71.0,582.0,182.0,530.0
339.0,146.0,448.0,184.0,406.0
339.0,101.0,442.0,349.0,418.0
690.0,106.0,525.0,579.0,456.0
458.0,133.0,488.0,338.0,256.0
506.0,118.0,466.0,595.0,400.0
359.0,219.0,438.0,328.0,353.0
326.0,88.0,443.0,132.0,389.0
184.0,194.0,419.0,94.0,191.0
701.0,168.0,397.0,156.0,245.0
238.0,161.0,361.0,296.0,245.0
228.0,52.0,573.0,40.0,245.0
392.0,133.0,399.0,286.0,398.0
425.0,106.0,448.0,288.0,404.0
434.0,145.0,496.0,414.0,591.0
508.0,73.0,496.0,469.0,612.0
296.0,109.0,567.0,94.0,438.0
331.0,249.0,340.0,288.0,427.0
295.0,116.0,228.0,410.0,446.0
395.0,65.0,525.0,184.0,245.0
241.0,140.0,506.0,286.0,347.0
392.0,112.0,567.0,113.0,419.0
192.0,256.0,660.0,356.0,591.0
630.0,95.0,275.0,219.0,252.0
307.0,40.0,509.0,146.0,53.0
241.0,171.0,567.0,344.0,523.0
448.0,124.0,328.0,333.0,191.0
361.0,86.0,256.0,226.0,482.0
206.0,90.0,460.0,999.0,728.0
361.0,57.0,442.0,335.0,298.0
644.0,76.0,490.0,192.0,454.0
331.0,110.0,573.0,458.0,517.0
206.0,121.0,114.0,370.0,498.0
395.0,129.0,695.0,196.0,420.0
480.0,68.0,658.0,390.0,512.0
178.0,115.0,386.0,218.0,264.0
403.0,76.0,384.0,999.0,999.0
364.0,62.0,512.0,257.0,569.0
312.0,113.0,512.0,138.0,406.0
522.0,112.0,361.0,647.0,606.0
434.0,102.0,525.0,123.0,612.0
244.0,223.0,442.0,81.0,245.0
999.0,76.0,450.0,129.0,223.0
644.0,97.0,361.0,595.0,298.0
467.0,249.0,245.0,182.0,367.0
425.0,123.0,431.0,283.0,469.0
251.0,91.0,512.0,443.0,476.0
504.0,96.0,371.0,639.0,728.0
409.0,108.0,322.0,130.0,452.0
308.0,0.0,512.0,268.0,284.0
237.0,209.0,250.0,178.0,306.0
354.0,109.0,267.0,241.0,495.0
184.0,110.0,726.0,625.0,341.0
184.0,111.0,806.0,347.0,465.0
315.0,58.0,310.0,94.0,318.0
184.0,134.0,347.0,219.0,300.0
191.0,132.0,524.0,94.0,97.0
285.0,90.0,603.0,330.0,233.0
0.0,65.0,705.0,439.0,420.0
192.0,96.0,385.0,154.0,580.0
425.0,115.0,560.0,226.0,588.0
251.0,106.0,573.0,430.0,502.0
449.0,105.0,554.0,338.0,468.0
522.0,82.0,442.0,647.0,482.0
241.0,121.0,448.0,335.0,346.0
307.0,115.0,660.0,315.0,407.0
259.0,73.0,534.0,110.0,628.0
569.0,90.0,399.0,110.0,228.0
464.0,154.0,488.0,223.0,446.0
238.0,90.0,511.0,353.0,468.0
333.0,95.0,610.0,184.0,431.0
456.0,143.0,511.0,347.0,394.0
457.0,114.0,245.0,390.0,264.0
488.0,73.0,385.0,411.0,512.0
339.0,146.0,426.0,218.0,332.0
339.0,87.0,585.0,0.0,327.0
668.0,45.0,764.0,286.0,284.0
504.0,93.0,339.0,265.0,339.0
89.0,100.0,365.0,191.0,391.0
359.0,132.0,363.0,625.0,611.0
370.0,105.0,610.0,347.0,469.0
505.0,45.0,460.0,97.0,25.0
508.0,115.0,501.0,94.0,255.0
409.0,44.0,365.0,226.0,495.0
297.0,105.0,386.0,286.0,282.0
252.0,112.0,482.0,184.0,504.0
307.0,156.0,726.0,106.0,431.0
333.0,67.0,482.0,625.0,468.0
241.0,159.0,361.0,123.0,245.0
480.0,149.0,442.0,232.0,256.0
425.0,149.0,226.0,430.0,308.0
502.0,108.0,490.0,145.0,225.0
494.0,71.0,385.0,639.0,475.0
373.0,67.0,512.0,69.0,175.0
337.0,66.0,806.0,200.0,264.0
184.0,114.0,361.0,284.0,468.0
456.0,98.0,30.0,328.0,284.0
464.0,156.0,574.0,353.0,419.0
312.0,76.0,429.0,153.0,284.0
497.0,88.0,505.0,328.0,282.0
494.0,114.0,488.0,458.0,587.0
765.0,206.0,488.0,40.0,511.0
365.0,106.0,509.0,337.0,400.0
999.0,91.0,228.0,289.0,468.0
332.0,999.0,327.0,220.0,612.0
344.0,14.0,496.0,191.0,300.0
478.0,0.0,525.0,347.0,476.0
411.0,100.0,339.0,195.0,245.0
252.0,93.0,426.0,333.0,245.0
365.0,118.0,402.0,284.0,391.0
410.0,197.0,525.0,639.0,531.0
364.0,138.0,573.0,515.0,123.0
395.0,134.0,448.0,469.0,233.0
636.0,149.0,371.0,286.0,454.0
252.0,126.0,328.0,192.0,245.0
251.0,45.0,603.0,38.0,482.0
701.0,134.0,581.0,306.0,453.0
326.0,140.0,429.0,366.0,502.0
411.0,58.0,334.0,195.0,264.0
315.0,36.0,398.0,223.0,476.0
480.0,90.0,490.0,300.0,452.0
238.0,198.0,386.0,283.0,341.0
289.0,113.0,363.0,562.0,588.0
270.0,79.0,322.0,426.0,534.0
473.0,132.0,361.0,304.0,98.0
301.0,139.0,377.0,184.0,228.0
244.0,73.0,524.0,154.0,332.0
241.0,223.0,574.0,284.0,282.0
339.0,70.0,250.0,218.0,404.0
692.0,140.0,365.0,177.0,353.0
448.0,130.0,538.0,411.0,503.0
178.0,73.0,509.0,286.0,318.0
184.0,91.0,322.0,132.0,427.0
294.0,97.0,188.0,227.0,571.0
508.0,138.0,192.0,304.0,436.0
294.0,58.0,512.0,184.0,511.0
504.0,198.0,512.0,262.0,441.0
339.0,71.0,226.0,219.0,225.0
392.0,132.0,677.0,311.0,512.0
297.0,18.0,489.0,608.0,394.0
395.0,45.0,363.0,344.0,523.0
556.0,209.0,327.0,43.0,424.0
395.0,88.0,114.0,461.0,436.0
392.0,67.0,417.0,283.0,263.0
668.0,67.0,448.0,647.0,618.0
244.0,108.0,377.0,242.0,302.0
456.0,71.0,363.0,315.0,434.0
193.0,67.0,541.0,63.0,256.0
184.0,197.0,525.0,328.0,335.0
469.0,82.0,448.0,130.0,264.0
457.0,132.0,514.0,432.0,502.0
491.0,18.0,365.0,386.0,612.0
278.0,71.0,553.0,192.0,446.0
285.0,207.0,585.0,189.0,582.0
315.0,58.0,397.0,328.0,327.0
500.0,132.0,164.0,518.0,407.0
307.0,91.0,378.0,296.0,504.0
365.0,168.0,436.0,196.0,225.0
300.0,115.0,764.0,268.0,405.0
206.0,108.0,422.0,424.0,515.0
300.0,209.0,501.0,595.0,390.0
339.0,58.0,417.0,311.0,587.0
701.0,93.0,513.0,155.0,293.0
491.0,93.0,496.0,83.0,303.0
251.0,73.0,226.0,311.0,300.0
458.0,67.0,398.0,146.0,100.0
638.0,102.0,510.0,361.0,486.0
308.0,95.0,379.0,196.0,618.0
307.0,106.0,371.0,145.0,308.0
302.0,132.0,538.0,217.0,100.0
201.0,177.0,785.0,178.0,346.0
508.0,100.0,363.0,371.0,618.0
295.0,102.0,426.0,639.0,588.0
362.0,53.0,484.0,469.0,515.0
289.0,73.0,361.0,625.0,611.0
458.0,58.0,999.0,562.0,256.0
292.0,126.0,328.0,223.0,434.0
425.0,100.0,192.0,196.0,438.0
184.0,90.0,256.0,219.0,419.0
411.0,170.0,567.0,270.0,327.0
289.0,135.0,417.0,359.0,475.0
262.0,45.0,764.0,184.0,392.0
506.0,58.0,361.0,283.0,124.0
252.0,89.0,585.0,333.0,302.0
256.0,135.0,570.0,353.0,454.0
291.0,100.0,660.0,123.0,465.0
504.0,105.0,228.0,109.0,208.0
497.0,98.0,506.0,311.0,499.0
149.0,121.0,442.0,333.0,257.0
89.0,91.0,357.0,178.0,302.0
262.0,523.0,327.0,424.0,353.0
183.0,113.0,468.0,166.0,208.0
320.0,123.0,421.0,129.0,591.0
392.0,126.0,660.0,411.0,389.0
505.0,523.0,361.0,138.0,391.0
473.0,9.0,364.0,528.0,256.0
238.0,102.0,328.0,110.0,98.0
232.0,115.0,610.0,328.0,441.0
491.0,70.0,361.0,168.0,420.0
273.0,102.0,429.0,311.0,389.0
295.0,102.0,553.0,191.0,208.0
206.0,219.0,541.0,242.0,353.0
409.0,149.0,322.0,390.0,400.0
183.0,105.0,170.0,276.0,214.0
449.0,154.0,512.0,347.0,536.0
447.0,262.0,402.0,121.0,282.0
473.0,147.0,334.0,286.0,327.0
447.0,90.0,510.0,81.0,225.0
569.0,129.0,862.0,283.0,347.0
480.0,118.0,361.0,304.0,124.0
251.0,89.0,280.0,518.0,346.0
206.0,71.0,402.0,226.0,228.0
297.0,97.0,223.0,678.0,569.0
448.0,146.0,621.0,154.0,124.0
467.0,170.0,421.0,469.0,465.0
692.0,115.0,447.0,286.0,427.0
206.0,51.0,347.0,190.0,333.0
373.0,146.0,361.0,223.0,195.0
522.0,171.0,402.0,155.0,498.0
539.0,140.0,188.0,432.0,245.0
362.0,109.0,534.0,469.0,591.0
361.0,95.0,585.0,344.0,515.0
252.0,76.0,496.0,528.0,592.0
184.0,102.0,525.0,275.0,97.0
425.0,135.0,245.0,338.0,419.0
184.0,95.0,0.0,155.0,419.0
542.0,126.0,660.0,608.0,406.0
692.0,92.0,223.0,625.0,588.0
206.0,118.0,506.0,219.0,302.0
206.0,154.0,245.0,226.0,124.0
332.0,126.0,365.0,196.0,400.0
668.0,73.0,431.0,113.0,150.0
192.0,38.0,226.0,275.0,391.0
206.0,80.0,496.0,337.0,405.0
431.0,183.0,361.0,226.0,228.0
392.0,53.0,510.0,782.0,436.0
765.0,113.0,422.0,123.0,468.0
292.0,67.0,56.0,336.0,427.0
270.0,76.0,188.0,184.0,549.0
365.0,62.0,431.0,265.0,264.0
373.0,96.0,280.0,43.0,271.0
237.0,67.0,363.0,458.0,569.0
183.0,85.0,872.0,130.0,424.0
469.0,132.0,322.0,622.0,100.0
520.0,195.0,267.0,410.0,498.0
172.0,38.0,553.0,349.0,320.0
456.0,18.0,361.0,443.0,503.0
191.0,156.0,322.0,361.0,390.0
447.0,168.0,660.0,449.0,465.0
471.0,138.0,366.0,93.0,504.0
519.0,95.0,610.0,294.0,449.0
392.0,73.0,322.0,338.0,376.0
425.0,89.0,402.0,296.0,490.0
300.0,115.0,442.0,69.0,123.0
273.0,102.0,438.0,625.0,233.0
458.0,115.0,567.0,384.0,486.0
467.0,132.0,228.0,145.0,175.0
746.0,106.0,575.0,338.0,503.0
505.0,118.0,164.0,121.0,419.0
259.0,90.0,302.0,63.0,271.0
184.0,98.0,705.0,504.0,580.0
326.0,108.0,576.0,155.0,264.0
365.0,14.0,363.0,232.0,264.0
289.0,84.0,366.0,297.0,353.0
278.0,93.0,386.0,94.0,419.0
192.0,108.0,560.0,202.0,400.0
296.0,136.0,748.0,177.0,406.0
508.0,209.0,442.0,349.0,571.0
373.0,58.0,334.0,410.0,531.0
362.0,114.0,496.0,390.0,221.0
288.0,66.0,541.0,276.0,456.0
152.0,147.0,429.0,218.0,530.0
337.0,193.0,509.0,227.0,446.0
333.0,133.0,438.0,469.0,530.0
178.0,125.0,421.0,191.0,300.0
638.0,38.0,496.0,458.0,225.0
295.0,105.0,543.0,359.0,419.0
424.0,102.0,801.0,192.0,400.0
320.0,89.0,466.0,106.0,580.0
242.0,91.0,399.0,288.0,264.0
237.0,65.0,443.0,316.0,394.0
364.0,79.0,819.0,430.0,612.0
457.0,106.0,490.0,319.0,628.0
294.0,87.0,223.0,595.0,390.0
331.0,168.0,431.0,275.0,504.0
638.0,67.0,621.0,275.0,612.0
192.0,13.0,56.0,306.0,419.0
159.0,40.0,447.0,227.0,296.0
506.0,97.0,626.0,276.0,591.0
273.0,106.0,509.0,318.0,392.0
89.0,156.0,389.0,202.0,580.0
400.0,198.0,468.0,94.0,100.0
266.0,209.0,339.0,275.0,392.0
183.0,85.0,638.0,639.0,298.0
206.0,175.0,539.0,647.0,523.0
111.0,91.0,514.0,166.0,493.0
457.0,115.0,280.0,192.0,332.0
252.0,97.0,114.0,414.0,419.0
201.0,90.0,501.0,524.0,569.0
301.0,115.0,453.0,424.0,405.0
236.0,79.0,410.0,81.0,591.0
692.0,44.0,573.0,430.0,327.0
184.0,58.0,357.0,177.0,320.0
308.0,105.0,862.0,316.0,449.0
337.0,67.0,574.0,38.0,229.0
209.0,139.0,660.0,94.0,217.0
370.0,9.0,448.0,441.0,504.0
209.0,200.0,735.0,353.0,347.0
520.0,134.0,361.0,469.0,332.0
300.0,134.0,513.0,40.0,100.0
320.0,170.0,386.0,424.0,427.0
409.0,91.0,310.0,126.0,504.0
471.0,110.0,726.0,242.0,588.0
159.0,36.0,30.0,268.0,284.0
183.0,139.0,448.0,524.0,310.0
301.0,107.0,280.0,123.0,394.0
522.0,62.0,386.0,184.0,582.0
354.0,132.0,806.0,93.0,98.0
390.0,168.0,512.0,284.0,476.0
636.0,110.0,302.0,94.0,98.0
411.0,209.0,510.0,275.0,245.0
242.0,207.0,556.0,154.0,261.0
252.0,95.0,327.0,81.0,124.0
542.0,200.0,379.0,333.0,419.0
417.0,86.0,539.0,283.0,263.0
242.0,107.0,578.0,270.0,123.0
473.0,114.0,575.0,311.0,502.0
331.0,68.0,357.0,311.0,346.0
692.0,105.0,489.0,146.0,367.0
295.0,115.0,567.0,153.0,264.0
232.0,112.0,512.0,424.0,571.0
273.0,209.0,543.0,501.0,434.0
425.0,102.0,365.0,461.0,465.0
364.0,223.0,384.0,262.0,628.0
464.0,118.0,554.0,283.0,404.0
270.0,118.0,384.0,353.0,591.0
256.0,71.0,581.0,289.0,449.0
332.0,121.0,450.0,184.0,453.0
252.0,112.0,56.0,184.0,268.0
288.0,66.0,363.0,356.0,511.0
246.0,198.0,265.0,366.0,463.0
409.0,116.0,228.0,335.0,517.0
746.0,40.0,578.0,40.0,65.0
354.0,18.0,30.0,93.0,256.0
516.0,106.0,351.0,123.0,327.0
392.0,80.0,436.0,319.0,390.0
241.0,138.0,327.0,168.0,612.0
506.0,109.0,496.0,410.0,591.0
502.0,145.0,484.0,153.0,363.0
228.0,248.0,286.0,595.0,523.0
424.0,53.0,438.0,288.0,229.0
259.0,247.0,386.0,184.0,256.0
241.0,115.0,228.0,283.0,327.0
241.0,86.0,525.0,220.0,100.0
339.0,90.0,322.0,524.0,419.0
425.0,126.0,399.0,424.0,424.0
390.0,14.0,366.0,99.0,257.0
520.0,96.0,114.0,289.0,256.0
449.0,132.0,764.0,126.0,223.0
157.0,118.0,695.0,155.0,463.0
307.0,65.0,23.0,93.0,587.0
417.0,121.0,256.0,361.0,468.0
692.0,91.0,603.0,153.0,421.0
434.0,45.0,384.0,424.0,592.0
307.0,184.0,363.0,439.0,284.0
373.0,256.0,402.0,223.0,391.0
339.0,108.0,726.0,94.0,318.0
246.0,999.0,554.0,126.0,346.0
425.0,91.0,554.0,294.0,419.0
494.0,118.0,340.0,130.0,606.0
241.0,106.0,322.0,311.0,411.0
569.0,207.0,705.0,184.0,261.0
569.0,106.0,560.0,333.0,333.0
473.0,66.0,582.0,333.0,318.0
209.0,140.0,398.0,308.0,544.0
373.0,102.0,806.0,595.0,587.0
456.0,105.0,534.0,265.0,217.0
381.0,87.0,366.0,146.0,225.0
295.0,108.0,389.0,286.0,511.0
246.0,38.0,405.0,384.0,332.0
238.0,183.0,411.0,275.0,449.0
619.0,156.0,574.0,390.0,468.0
458.0,146.0,363.0,439.0,468.0
292.0,194.0,509.0,337.0,612.0
392.0,102.0,419.0,223.0,327.0
456.0,135.0,328.0,366.0,449.0
636.0,200.0,170.0,504.0,367.0
457.0,96.0,509.0,315.0,367.0
409.0,107.0,543.0,283.0,263.0
315.0,114.0,541.0,94.0,100.0
480.0,136.0,363.0,432.0,411.0
228.0,91.0,334.0,94.0,217.0
569.0,73.0,265.0,130.0,427.0
183.0,140.0,556.0,283.0,376.0
339.0,102.0,560.0,333.0,420.0
456.0,44.0,429.0,308.0,465.0
252.0,126.0,328.0,390.0,504.0
370.0,133.0,421.0,424.0,292.0
246.0,207.0,567.0,130.0,191.0
292.0,129.0,658.0,328.0,306.0
413.0,223.0,567.0,294.0,327.0
252.0,112.0,245.0,166.0,454.0
365.0,62.0,228.0,461.0,465.0
481.0,154.0,366.0,353.0,400.0
457.0,86.0,363.0,155.0,418.0
465.0,126.0,430.0,220.0,475.0
471.0,90.0,726.0,449.0,341.0
542.0,105.0,357.0,247.0,229.0
275.0,91.0,23.0,168.0,568.0
465.0,169.0,576.0,411.0,318.0
480.0,73.0,660.0,110.0,263.0
337.0,168.0,361.0,304.0,394.0
273.0,134.0,539.0,439.0,465.0
237.0,207.0,819.0,336.0,511.0
692.0,113.0,468.0,333.0,571.0
467.0,143.0,448.0,156.0,257.0
456.0,106.0,361.0,265.0,390.0
300.0,66.0,619.0,123.0,257.0
381.0,113.0,327.0,63.0,167.0
504.0,95.0,660.0,226.0,999.0
467.0,58.0,514.0,328.0,100.0
9.0,73.0,402.0,469.0,612.0
456.0,82.0,582.0,202.0,333.0
373.0,102.0,658.0,129.0,531.0
505.0,209.0,364.0,304.0,407.0
193.0,80.0,524.0,678.0,571.0
434.0,132.0,0.0,469.0,534.0
636.0,90.0,705.0,113.0,282.0
425.0,109.0,582.0,296.0,217.0
488.0,80.0,328.0,430.0,476.0
478.0,209.0,510.0,284.0,390.0
457.0,100.0,538.0,449.0,582.0
373.0,121.0,322.0,220.0,493.0
307.0,71.0,661.0,156.0,65.0
411.0,209.0,361.0,300.0,400.0
417.0,183.0,275.0,411.0,490.0
400.0,90.0,421.0,0.0,0.0
630.0,219.0,748.0,129.0,195.0
668.0,99.0,466.0,315.0,476.0
373.0,62.0,453.0,262.0,544.0
192.0,97.0,570.0,265.0,333.0
236.0,105.0,514.0,289.0,346.0
361.0,97.0,660.0,562.0,389.0
410.0,106.0,93.0,370.0,580.0
390.0,140.0,543.0,311.0,284.0
373.0,102.0,506.0,782.0,465.0
354.0,203.0,431.0,579.0,490.0
307.0,126.0,576.0,300.0,452.0
259.0,96.0,368.0,330.0,419.0
488.0,115.0,619.0,242.0,284.0
456.0,110.0,399.0,294.0,333.0
999.0,99.0,447.0,195.0,405.0
457.0,91.0,340.0,132.0,296.0
425.0,139.0,573.0,192.0,284.0
302.0,140.0,357.0,356.0,523.0
320.0,134.0,421.0,129.0,318.0
266.0,112.0,575.0,515.0,523.0
520.0,58.0,114.0,146.0,268.0
206.0,207.0,422.0,275.0,438.0
619.0,98.0,496.0,328.0,284.0
469.0,65.0,431.0,311.0,530.0
497.0,143.0,468.0,283.0,341.0
244.0,194.0,578.0,268.0,400.0
448.0,58.0,658.0,430.0,420.0
270.0,209.0,339.0,361.0,418.0
455.0,132.0,340.0,276.0,225.0
520.0,171.0,448.0,217.0,431.0
504.0,175.0,554.0,390.0,363.0
259.0,108.0,280.0,241.0,424.0
425.0,106.0,371.0,424.0,530.0
266.0,52.0,438.0,110.0,499.0
469.0,132.0,543.0,217.0,308.0
542.0,143.0,764.0,353.0,536.0
434.0,115.0,660.0,286.0,406.0
296.0,76.0,93.0,123.0,124.0
300.0,106.0,334.0,286.0,424.0
312.0,102.0,384.0,129.0,221.0
339.0,58.0,429.0,178.0,229.0
505.0,135.0,234.0,184.0,503.0
409.0,0.0,573.0,155.0,367.0
456.0,102.0,431.0,284.0,427.0
236.0,100.0,442.0,275.0,225.0
251.0,92.0,575.0,999.0,468.0
206.0,73.0,334.0,226.0,335.0
315.0,197.0,541.0,265.0,465.0
266.0,96.0,450.0,308.0,296.0
630.0,149.0,578.0,304.0,263.0
157.0,104.0,378.0,182.0,363.0
297.0,200.0,339.0,223.0,436.0
471.0,146.0,447.0,343.0,25.0
273.0,169.0,357.0,304.0,591.0
390.0,113.0,511.0,275.0,405.0
251.0,96.0,512.0,288.0,427.0
488.0,194.0,862.0,189.0,449.0
339.0,121.0,574.0,335.0,232.0
478.0,118.0,581.0,146.0,503.0
522.0,132.0,226.0,311.0,517.0
480.0,134.0,581.0,38.0,320.0
425.0,73.0,334.0,153.0,611.0
152.0,107.0,686.0,106.0,292.0
690.0,90.0,405.0,337.0,300.0
295.0,66.0,512.0,113.0,167.0
469.0,87.0,442.0,223.0,582.0
238.0,143.0,361.0,284.0,284.0
354.0,102.0,363.0,958.0,454.0
392.0,135.0,806.0,226.0,292.0
516.0,140.0,534.0,515.0,582.0
692.0,86.0,575.0,330.0,255.0
409.0,105.0,447.0,304.0,431.0
164.0,105.0,525.0,43.0,310.0
359.0,118.0,578.0,528.0,65.0
542.0,45.0,501.0,296.0,504.0
184.0,82.0,265.0,410.0,407.0
392.0,132.0,496.0,132.0,427.0
152.0,193.0,660.0,97.0,427.0
403.0,247.0,442.0,110.0,221.0
252.0,86.0,582.0,192.0,0.0
410.0,108.0,660.0,294.0,346.0
520.0,197.0,512.0,318.0,391.0
252.0,85.0,442.0,276.0,490.0
291.0,66.0,357.0,370.0,221.0
192.0,195.0,476.0,129.0,214.0
320.0,91.0,658.0,622.0,612.0
516.0,194.0,660.0,524.0,499.0
395.0,126.0,610.0,311.0,363.0
183.0,139.0,512.0,304.0,476.0
192.0,106.0,705.0,353.0,405.0
152.0,138.0,556.0,289.0,298.0
294.0,38.0,506.0,217.0,292.0
206.0,156.0,393.0,424.0,284.0
668.0,76.0,572.0,595.0,571.0
480.0,130.0,575.0,178.0,298.0
504.0,195.0,438.0,294.0,282.0
455.0,115.0,543.0,226.0,228.0
190.0,197.0,402.0,94.0,175.0
456.0,113.0,310.0,443.0,580.0
206.0,40.0,482.0,958.0,582.0
519.0,80.0,603.0,94.0,232.0
473.0,93.0,513.0,347.0,453.0
403.0,146.0,322.0,289.0,465.0
497.0,58.0,384.0,155.0,223.0
337.0,256.0,334.0,40.0,167.0
494.0,106.0,872.0,515.0,591.0
467.0,67.0,488.0,595.0,530.0
456.0,100.0,540.0,311.0,300.0
504.0,110.0,280.0,200.0,284.0
301.0,132.0,188.0,146.0,187.0
184.0,147.0,660.0,316.0,475.0
289.0,102.0,509.0,461.0,214.0
297.0,138.0,361.0,595.0,405.0
241.0,73.0,511.0,121.0,223.0
206.0,100.0,506.0,441.0,217.0
192.0,104.0,342.0,647.0,580.0
469.0,73.0,361.0,262.0,424.0
308.0,146.0,438.0,109.0,65.0
478.0,92.0,366.0,132.0,255.0
395.0,98.0,543.0,0.0,223.0
251.0,108.0,328.0,338.0,229.0
285.0,194.0,453.0,226.0,284.0
497.0,132.0,570.0,223.0,523.0
307.0,82.0,315.0,469.0,536.0
259.0,76.0,526.0,528.0,434.0
241.0,147.0,489.0,344.0,407.0
183.0,209.0,585.0,202.0,883.0
516.0,195.0,421.0,218.0,300.0
191.0,0.0,245.0,94.0,263.0
542.0,90.0,506.0,227.0,97.0
259.0,123.0,466.0,190.0,728.0
392.0,138.0,357.0,525.0,582.0
409.0,105.0,511.0,338.0,367.0
390.0,206.0,280.0,191.0,308.0
395.0,118.0,170.0,294.0,308.0
519.0,247.0,512.0,191.0,282.0
458.0,156.0,364.0,268.0,498.0
409.0,203.0,397.0,191.0,453.0
183.0,86.0,660.0,81.0,538.0
502.0,71.0,389.0,337.0,225.0
300.0,154.0,661.0,153.0,284.0
403.0,134.0,554.0,335.0,398.0
491.0,106.0,430.0,333.0,333.0
636.0,154.0,448.0,308.0,536.0
242.0,108.0,626.0,262.0,346.0
449.0,40.0,310.0,219.0,232.0
275.0,145.0,366.0,43.0,392.0
331.0,115.0,410.0,515.0,300.0
457.0,112.0,567.0,361.0,515.0
505.0,123.0,234.0,353.0,530.0
192.0,88.0,368.0,647.0,300.0
331.0,200.0,334.0,999.0,999.0
241.0,113.0,567.0,182.0,339.0
339.0,999.0,581.0,284.0,394.0
241.0,129.0,567.0,265.0,391.0
692.0,65.0,999.0,491.0,515.0
246.0,13.0,223.0,424.0,490.0
519.0,97.0,340.0,217.0,271.0
516.0,36.0,453.0,121.0,495.0
275.0,120.0,466.0,319.0,398.0
569.0,76.0,735.0,622.0,401.0
273.0,66.0,363.0,121.0,300.0
206.0,52.0,660.0,333.0,490.0
497.0,112.0,377.0,424.0,465.0
331.0,145.0,661.0,469.0,436.0
307.0,70.0,819.0,138.0,310.0
362.0,112.0,453.0,192.0,217.0
157.0,116.0,389.0,441.0,511.0
505.0,115.0,578.0,113.0,25.0
542.0,57.0,543.0,414.0,512.0
292.0,91.0,363.0,184.0,263.0
270.0,203.0,402.0,311.0,264.0
458.0,195.0,275.0,262.0,303.0
157.0,209.0,368.0,601.0,493.0
692.0,73.0,438.0,130.0,530.0
449.0,106.0,328.0,518.0,502.0
301.0,73.0,429.0,94.0,424.0
690.0,82.0,328.0,219.0,353.0
522.0,70.0,726.0,518.0,214.0
480.0,86.0,450.0,190.0,293.0
209.0,58.0,513.0,361.0,446.0
183.0,97.0,509.0,424.0,434.0
425.0,73.0,328.0,196.0,268.0
478.0,86.0,785.0,276.0,427.0
291.0,139.0,429.0,109.0,465.0
481.0,175.0,328.0,190.0,264.0
111.0,107.0,476.0,311.0,327.0
315.0,126.0,509.0,311.0,411.0
308.0,100.0,384.0,441.0,531.0
539.0,115.0,626.0,486.0,0.0
488.0,195.0,429.0,328.0,498.0
337.0,106.0,429.0,286.0,454.0
339.0,80.0,509.0,999.0,531.0
467.0,168.0,357.0,353.0,384.0
206.0,206.0,0.0,155.0,390.0
520.0,76.0,389.0,232.0,261.0
244.0,86.0,371.0,97.0,406.0
275.0,118.0,450.0,284.0,419.0
312.0,107.0,0.0,286.0,392.0
542.0,82.0,575.0,625.0,503.0
522.0,111.0,512.0,335.0,261.0
297.0,66.0,327.0,344.0,271.0
434.0,206.0,245.0,184.0,282.0
315.0,38.0,801.0,83.0,100.0
252.0,76.0,267.0,99.0,167.0
273.0,96.0,576.0,297.0,427.0
395.0,76.0,378.0,330.0,468.0
638.0,169.0,450.0,525.0,611.0
494.0,159.0,488.0,190.0,300.0
392.0,66.0,543.0,156.0,278.0
191.0,9.0,510.0,304.0,358.0
354.0,73.0,801.0,113.0,245.0
644.0,93.0,585.0,192.0,394.0
237.0,102.0,490.0,361.0,335.0
184.0,45.0,573.0,370.0,257.0
370.0,198.0,368.0,129.0,883.0
506.0,70.0,442.0,268.0,333.0
152.0,58.0,379.0,93.0,146.0
480.0,169.0,431.0,200.0,97.0
190.0,106.0,322.0,268.0,320.0
395.0,143.0,578.0,390.0,517.0
638.0,248.0,379.0,226.0,465.0
569.0,36.0,511.0,390.0,536.0
424.0,140.0,256.0,782.0,538.0
365.0,98.0,509.0,371.0,588.0
413.0,134.0,342.0,113.0,449.0
999.0,102.0,661.0,579.0,571.0
302.0,106.0,489.0,218.0,618.0
434.0,87.0,410.0,286.0,392.0
270.0,92.0,322.0,109.0,191.0
508.0,156.0,447.0,110.0,282.0
312.0,102.0,541.0,284.0,436.0
395.0,76.0,534.0,129.0,278.0
295.0,95.0,872.0,338.0,0.0
505.0,67.0,265.0,283.0,384.0
193.0,58.0,511.0,132.0,333.0
508.0,67.0,322.0,353.0,303.0
569.0,62.0,429.0,226.0,225.0
266.0,169.0,512.0,156.0,419.0
192.0,130.0,250.0,515.0,515.0
471.0,156.0,286.0,284.0,456.0
413.0,194.0,328.0,518.0,454.0
425.0,90.0,23.0,217.0,453.0
469.0,104.0,357.0,469.0,406.0
228.0,57.0,411.0,192.0,549.0
467.0,159.0,574.0,94.0,441.0
246.0,66.0,660.0,182.0,389.0
425.0,82.0,489.0,265.0,463.0
448.0,115.0,438.0,286.0,390.0
504.0,168.0,806.0,286.0,591.0
256.0,93.0,265.0,318.0,427.0
410.0,76.0,509.0,390.0,588.0
236.0,90.0,436.0,330.0,531.0
370.0,125.0,429.0,333.0,431.0
434.0,91.0,496.0,337.0,278.0
585.0,207.0,660.0,130.0,517.0
434.0,193.0,328.0,99.0,233.0
315.0,91.0,322.0,166.0,446.0
191.0,209.0,476.0,217.0,592.0
392.0,132.0,368.0,182.0,255.0
394.0,101.0,524.0,192.0,592.0
337.0,194.0,539.0,474.0,587.0
464.0,58.0,638.0,515.0,517.0
542.0,53.0,351.0,359.0,424.0
465.0,143.0,228.0,294.0,405.0
266.0,184.0,364.0,227.0,452.0
522.0,38.0,556.0,257.0,278.0
569.0,0.0,764.0,226.0,332.0
410.0,100.0,340.0,190.0,221.0
434.0,85.0,234.0,242.0,389.0
392.0,140.0,23.0,81.0,341.0
539.0,67.0,364.0,390.0,441.0
508.0,102.0,660.0,328.0,333.0
315.0,45.0,567.0,601.0,587.0
183.0,86.0,386.0,306.0,293.0
425.0,40.0,393.0,265.0,536.0
456.0,206.0,328.0,491.0,418.0
191.0,100.0,430.0,518.0,582.0
278.0,126.0,619.0,294.0,392.0
409.0,105.0,543.0,83.0,229.0
359.0,183.0,442.0,424.0,217.0
668.0,247.0,438.0,241.0,302.0
278.0,170.0,510.0,190.0,221.0
403.0,96.0,419.0,424.0,341.0
329.0,96.0,443.0,220.0,225.0
364.0,84.0,506.0,184.0,261.0
178.0,73.0,366.0,294.0,531.0
505.0,88.0,806.0,361.0,453.0
569.0,209.0,442.0,337.0,618.0
395.0,171.0,560.0,286.0,347.0
668.0,67.0,170.0,356.0,475.0
294.0,112.0,785.0,257.0,456.0
392.0,134.0,334.0,223.0,421.0
183.0,105.0,660.0,501.0,512.0
409.0,126.0,256.0,486.0,256.0
206.0,193.0,560.0,38.0,377.0
289.0,58.0,340.0,411.0,419.0
172.0,197.0,512.0,304.0,418.0
390.0,82.0,484.0,94.0,308.0
395.0,38.0,543.0,289.0,568.0
411.0,67.0,490.0,318.0,419.0
364.0,87.0,554.0,130.0,98.0
392.0,107.0,512.0,126.0,65.0
157.0,200.0,228.0,263.0,418.0
266.0,256.0,363.0,262.0,282.0
455.0,108.0,226.0,286.0,353.0
270.0,200.0,660.0,155.0,252.0
184.0,102.0,661.0,178.0,395.0
456.0,106.0,402.0,338.0,221.0
447.0,105.0,322.0,242.0,391.0
449.0,143.0,468.0,257.0,418.0
266.0,121.0,363.0,337.0,465.0
361.0,93.0,366.0,190.0,419.0
394.0,44.0,363.0,191.0,438.0
244.0,65.0,582.0,123.0,175.0
491.0,108.0,578.0,469.0,310.0
410.0,140.0,543.0,639.0,612.0
307.0,132.0,582.0,410.0,264.0
392.0,169.0,448.0,289.0,377.0
409.0,93.0,170.0,166.0,146.0
410.0,66.0,442.0,336.0,389.0
297.0,73.0,626.0,263.0,502.0
241.0,147.0,572.0,359.0,530.0
690.0,82.0,188.0,333.0,263.0
520.0,44.0,322.0,353.0,515.0
302.0,92.0,453.0,336.0,530.0
191.0,58.0,328.0,257.0,406.0
456.0,107.0,363.0,524.0,695.0
464.0,168.0,573.0,336.0,298.0
701.0,168.0,574.0,647.0,591.0
191.0,108.0,661.0,469.0,534.0
332.0,116.0,411.0,349.0,394.0
237.0,145.0,748.0,155.0,225.0
425.0,106.0,361.0,469.0,225.0
425.0,62.0,384.0,190.0,358.0
692.0,198.0,582.0,359.0,392.0
410.0,58.0,581.0,283.0,515.0
206.0,90.0,164.0,81.0,100.0
312.0,106.0,371.0,958.0,310.0
457.0,88.0,340.0,344.0,530.0
241.0,112.0,872.0,43.0,419.0
513.0,107.0,357.0,276.0,490.0
392.0,58.0,342.0,491.0,264.0
292.0,102.0,862.0,93.0,191.0
191.0,85.0,302.0,318.0,221.0
339.0,154.0,539.0,336.0,475.0
424.0,102.0,378.0,270.0,568.0
339.0,184.0,389.0,390.0,264.0
252.0,115.0,378.0,622.0,427.0
449.0,206.0,539.0,366.0,395.0
539.0,140.0,496.0,286.0,332.0
291.0,223.0,256.0,300.0,341.0
266.0,108.0,512.0,528.0,298.0
410.0,200.0,430.0,191.0,308.0
431.0,200.0,442.0,283.0,327.0
644.0,109.0,442.0,330.0,469.0
424.0,198.0,419.0,276.0,511.0
425.0,90.0,572.0,242.0,407.0
456.0,40.0,496.0,106.0,175.0
184.0,66.0,0.0,189.0,341.0
297.0,118.0,556.0,308.0,424.0
394.0,999.0,677.0,109.0,406.0
307.0,36.0,438.0,311.0,395.0
296.0,134.0,806.0,99.0,284.0
411.0,206.0,361.0,130.0,255.0
256.0,110.0,23.0,525.0,612.0
190.0,168.0,567.0,192.0,263.0
209.0,168.0,436.0,678.0,384.0
504.0,110.0,361.0,430.0,261.0
307.0,97.0,365.0,356.0,303.0
149.0,105.0,574.0,408.0,308.0
361.0,121.0,567.0,121.0,187.0
644.0,136.0,505.0,265.0,420.0
339.0,62.0,368.0,63.0,531.0
488.0,96.0,328.0,195.0,517.0
395.0,154.0,114.0,361.0,456.0
563.0,101.0,164.0,123.0,264.0
539.0,168.0,226.0,283.0,420.0
242.0,121.0,265.0,308.0,406.0
494.0,194.0,705.0,178.0,282.0
373.0,58.0,512.0,304.0,419.0
365.0,115.0,310.0,275.0,611.0
556.0,100.0,357.0,226.0,217.0
209.0,200.0,361.0,408.0,376.0
392.0,132.0,431.0,99.0,341.0
149.0,209.0,164.0,126.0,456.0
359.0,110.0,384.0,132.0,405.0
191.0,112.0,357.0,608.0,332.0
488.0,107.0,192.0,288.0,434.0
542.0,38.0,275.0,184.0,303.0
344.0,73.0,340.0,99.0,389.0
638.0,249.0,397.0,196.0,214.0
500.0,120.0,476.0,286.0,405.0
216.0,138.0,576.0,226.0,245.0
252.0,209.0,496.0,226.0,358.0
172.0,134.0,436.0,424.0,332.0
520.0,138.0,660.0,371.0,298.0
361.0,146.0,660.0,315.0,390.0
542.0,40.0,438.0,202.0,347.0
364.0,114.0,429.0,430.0,549.0
289.0,118.0,402.0,220.0,296.0
456.0,109.0,226.0,192.0,523.0
542.0,248.0,490.0,247.0,400.0
236.0,115.0,553.0,311.0,296.0
500.0,93.0,402.0,328.0,499.0
184.0,71.0,570.0,129.0,310.0
209.0,102.0,361.0,424.0,347.0
458.0,96.0,256.0,300.0,282.0
516.0,126.0,188.0,315.0,271.0
157.0,102.0,334.0,411.0,504.0
270.0,79.0,357.0,304.0,391.0
506.0,66.0,364.0,370.0,582.0
297.0,140.0,512.0,286.0,300.0
491.0,256.0,393.0,353.0,392.0
394.0,107.0,543.0,184.0,468.0
172.0,170.0,619.0,200.0,191.0
332.0,112.0,447.0,168.0,282.0
520.0,100.0,540.0,335.0,427.0
413.0,102.0,576.0,353.0,232.0
506.0,58.0,448.0,168.0,293.0
585.0,106.0,448.0,69.0,377.0
381.0,76.0,660.0,138.0,332.0
364.0,118.0,334.0,81.0,208.0
295.0,118.0,574.0,145.0,228.0
392.0,44.0,510.0,366.0,284.0
494.0,134.0,364.0,316.0,306.0
491.0,93.0,448.0,232.0,390.0
192.0,132.0,399.0,625.0,553.0
456.0,124.0,402.0,315.0,549.0
497.0,171.0,448.0,432.0,333.0
191.0,106.0,365.0,359.0,406.0
542.0,73.0,505.0,356.0,523.0
297.0,105.0,541.0,515.0,282.0
449.0,200.0,448.0,579.0,401.0
447.0,90.0,448.0,219.0,264.0
206.0,143.0,378.0,318.0,332.0
390.0,118.0,334.0,202.0,221.0
320.0,200.0,402.0,184.0,390.0
241.0,102.0,411.0,353.0,302.0
326.0,65.0,339.0,177.0,530.0
434.0,132.0,525.0,226.0,252.0
494.0,184.0,347.0,219.0,454.0
308.0,126.0,512.0,288.0,568.0
241.0,118.0,785.0,286.0,476.0
307.0,91.0,385.0,306.0,394.0
434.0,140.0,448.0,308.0,341.0
256.0,92.0,525.0,286.0,233.0
184.0,194.0,371.0,241.0,264.0
392.0,18.0,357.0,315.0,534.0
292.0,121.0,234.0,316.0,264.0
457.0,134.0,468.0,275.0,363.0
152.0,145.0,610.0,123.0,318.0
307.0,197.0,366.0,156.0,405.0
252.0,168.0,347.0,275.0,284.0
411.0,92.0,366.0,361.0,367.0
506.0,100.0,442.0,474.0,523.0
394.0,65.0,573.0,190.0,327.0
278.0,14.0,363.0,286.0,427.0
295.0,175.0,509.0,525.0,534.0
395.0,111.0,543.0,449.0,284.0
392.0,9.0,256.0,218.0,611.0
506.0,209.0,514.0,626.0,405.0
288.0,73.0,250.0,366.0,446.0
500.0,118.0,397.0,217.0,511.0
295.0,88.0,322.0,304.0,284.0
505.0,120.0,245.0,121.0,245.0
184.0,209.0,575.0,286.0,628.0
256.0,97.0,379.0,528.0,453.0
308.0,44.0,476.0,168.0,303.0
294.0,73.0,170.0,249.0,553.0
400.0,113.0,366.0,678.0,302.0
465.0,85.0,576.0,626.0,531.0
111.0,102.0,393.0,275.0,441.0
152.0,140.0,442.0,81.0,332.0
275.0,168.0,660.0,94.0,233.0
413.0,109.0,806.0,337.0,418.0
302.0,100.0,234.0,130.0,404.0
585.0,108.0,621.0,190.0,308.0
370.0,36.0,658.0,192.0,303.0
326.0,248.0,482.0,69.0,346.0
497.0,118.0,368.0,430.0,424.0
237.0,114.0,267.0,286.0,347.0
392.0,113.0,872.0,130.0,282.0
395.0,102.0,322.0,283.0,421.0
456.0,0.0,525.0,130.0,271.0
413.0,143.0,385.0,469.0,618.0
184.0,168.0,280.0,441.0,476.0
370.0,114.0,443.0,311.0,376.0
256.0,82.0,660.0,328.0,401.0
424.0,256.0,442.0,411.0,475.0
332.0,206.0,581.0,308.0,284.0
469.0,107.0,806.0,386.0,588.0
206.0,203.0,385.0,647.0,214.0
266.0,102.0,872.0,626.0,411.0
315.0,209.0,819.0,226.0,318.0
301.0,102.0,438.0,110.0,293.0
361.0,76.0,366.0,123.0,358.0
238.0,44.0,482.0,288.0,394.0
332.0,45.0,511.0,276.0,405.0
494.0,102.0,438.0,94.0,495.0
447.0,168.0,328.0,469.0,431.0
636.0,44.0,476.0,286.0,384.0
448.0,111.0,405.0,515.0,502.0
471.0,138.0,245.0,353.0,292.0
471.0,52.0,429.0,311.0,406.0
394.0,209.0,541.0,93.0,512.0
569.0,249.0,192.0,283.0,407.0
434.0,92.0,56.0,155.0,293.0
241.0,67.0,567.0,410.0,427.0
630.0,168.0,328.0,426.0,571.0
456.0,84.0,228.0,311.0,225.0
927.0,58.0,619.0,283.0,225.0
390.0,52.0,226.0,156.0,233.0
184.0,82.0,460.0,43.0,341.0
337.0,249.0,384.0,344.0,395.0
413.0,40.0,496.0,344.0,446.0
434.0,100.0,543.0,353.0,347.0
373.0,121.0,575.0,349.0,390.0
266.0,126.0,705.0,353.0,228.0
278.0,110.0,509.0,0.0,53.0
270.0,999.0,660.0,344.0,405.0
292.0,76.0,460.0,262.0,256.0
497.0,209.0,658.0,296.0,271.0
927.0,86.0,365.0,178.0,252.0
246.0,129.0,567.0,501.0,436.0
191.0,136.0,256.0,241.0,394.0
251.0,209.0,581.0,130.0,284.0
425.0,67.0,365.0,288.0,298.0
505.0,118.0,603.0,410.0,389.0
497.0,90.0,426.0,189.0,517.0
447.0,207.0,570.0,356.0,569.0
395.0,86.0,576.0,504.0,332.0
467.0,109.0,405.0,515.0,263.0
690.0,143.0,543.0,40.0,257.0
519.0,93.0,468.0,626.0,456.0
392.0,93.0,363.0,226.0,389.0
556.0,115.0,489.0,220.0,225.0
410.0,132.0,442.0,504.0,534.0
516.0,86.0,361.0,284.0,292.0
390.0,44.0,496.0,595.0,587.0
308.0,87.0,431.0,138.0,146.0
425.0,116.0,573.0,336.0,523.0
513.0,249.0,366.0,153.0,327.0
206.0,70.0,501.0,81.0,225.0
242.0,97.0,363.0,306.0,263.0
273.0,999.0,327.0,518.0,534.0
469.0,85.0,361.0,316.0,449.0
410.0,177.0,310.0,622.0,233.0
409.0,93.0,574.0,562.0,419.0
502.0,80.0,223.0,347.0,427.0
183.0,102.0,411.0,296.0,465.0
238.0,195.0,448.0,184.0,335.0
292.0,90.0,553.0,241.0,191.0
392.0,90.0,510.0,337.0,310.0
193.0,112.0,575.0,146.0,292.0
508.0,132.0,570.0,275.0,453.0
690.0,101.0,567.0,390.0,504.0
236.0,120.0,256.0,304.0,271.0
300.0,110.0,466.0,263.0,124.0
395.0,118.0,510.0,501.0,530.0
333.0,206.0,365.0,121.0,390.0
232.0,57.0,410.0,353.0,446.0
307.0,53.0,93.0,226.0,394.0
246.0,92.0,538.0,109.0,303.0
465.0,76.0,677.0,390.0,214.0
471.0,40.0,384.0,189.0,530.0
403.0,84.0,582.0,288.0,221.0
297.0,114.0,164.0,366.0,517.0
307.0,139.0,677.0,315.0,401.0
193.0,9.0,378.0,130.0,418.0
312.0,247.0,862.0,336.0,490.0
315.0,136.0,554.0,257.0,282.0
312.0,90.0,501.0,189.0,419.0
238.0,130.0,438.0,304.0,427.0
300.0,73.0,505.0,232.0,341.0
542.0,126.0,30.0,275.0,199.0
500.0,106.0,256.0,343.0,358.0
542.0,52.0,525.0,337.0,217.0
216.0,108.0,310.0,308.0,465.0
413.0,110.0,275.0,289.0,332.0
395.0,147.0,429.0,304.0,310.0
392.0,73.0,660.0,390.0,401.0
359.0,169.0,443.0,223.0,405.0
237.0,140.0,512.0,294.0,499.0
516.0,102.0,764.0,439.0,536.0
183.0,159.0,567.0,370.0,504.0
471.0,120.0,543.0,270.0,493.0
630.0,102.0,658.0,217.0,332.0
326.0,86.0,466.0,410.0,353.0
585.0,161.0,448.0,304.0,588.0
636.0,106.0,573.0,146.0,228.0
291.0,146.0,695.0,262.0,463.0
999.0,82.0,567.0,639.0,571.0
513.0,85.0,695.0,328.0,420.0
471.0,118.0,610.0,232.0,391.0
449.0,118.0,748.0,359.0,395.0
392.0,89.0,315.0,782.0,421.0
312.0,76.0,512.0,177.0,503.0
232.0,70.0,509.0,439.0,452.0
332.0,44.0,379.0,316.0,232.0
638.0,134.0,422.0,247.0,427.0
473.0,44.0,327.0,353.0,264.0
361.0,91.0,512.0,439.0,353.0
630.0,58.0,363.0,226.0,401.0
469.0,67.0,114.0,353.0,367.0
288.0,84.0,525.0,190.0,261.0
392.0,40.0,661.0,156.0,296.0
701.0,95.0,574.0,349.0,475.0
411.0,114.0,340.0,192.0,531.0
508.0,120.0,735.0,595.0,469.0
455.0,206.0,578.0,227.0,300.0
467.0,67.0,806.0,426.0,591.0
455.0,106.0,340.0,410.0,333.0
332.0,132.0,164.0,359.0,420.0
359.0,90.0,379.0,486.0,618.0
513.0,96.0,554.0,639.0,530.0
425.0,135.0,506.0,501.0,333.0
256.0,132.0,399.0,0.0,438.0
301.0,73.0,340.0,308.0,511.0
516.0,121.0,364.0,168.0,293.0
232.0,106.0,365.0,284.0,333.0
425.0,67.0,429.0,528.0,449.0
329.0,159.0,501.0,458.0,465.0
307.0,112.0,660.0,469.0,298.0
373.0,110.0,484.0,308.0,498.0
89.0,118.0,340.0,296.0,389.0
241.0,96.0,621.0,275.0,228.0
455.0,62.0,322.0,275.0,394.0
417.0,114.0,748.0,113.0,264.0
390.0,57.0,275.0,94.0,571.0
411.0,106.0,468.0,316.0,441.0
448.0,200.0,328.0,283.0,284.0
471.0,195.0,328.0,469.0,517.0
746.0,82.0,447.0,338.0,377.0
765.0,101.0,466.0,474.0,263.0
242.0,129.0,340.0,40.0,146.0
228.0,71.0,574.0,184.0,263.0
190.0,168.0,570.0,284.0,353.0
502.0,206.0,265.0,270.0,255.0
320.0,102.0,658.0,371.0,454.0
361.0,115.0,482.0,94.0,271.0
362.0,91.0,170.0,430.0,499.0
425.0,113.0,429.0,153.0,493.0
259.0,96.0,512.0,155.0,232.0
354.0,126.0,553.0,347.0,468.0
252.0,40.0,556.0,146.0,217.0
425.0,102.0,705.0,223.0,333.0
183.0,124.0,489.0,218.0,229.0
192.0,90.0,228.0,83.0,327.0
315.0,116.0,524.0,94.0,482.0
364.0,108.0,114.0,718.0,284.0
505.0,125.0,447.0,330.0,469.0
329.0,134.0,402.0,123.0,261.0
275.0,76.0,619.0,189.0,377.0
206.0,91.0,505.0,461.0,400.0
392.0,86.0,430.0,458.0,293.0
157.0,67.0,402.0,337.0,391.0
505.0,92.0,554.0,370.0,438.0
746.0,140.0,397.0,308.0,530.0
636.0,115.0,560.0,347.0,493.0
373.0,115.0,419.0,154.0,264.0
238.0,156.0,0.0,94.0,358.0
504.0,51.0,603.0,525.0,612.0
508.0,169.0,468.0,220.0,0.0
295.0,86.0,402.0,469.0,377.0
410.0,114.0,543.0,262.0,406.0
178.0,79.0,192.0,218.0,195.0
292.0,110.0,553.0,227.0,306.0
410.0,168.0,228.0,283.0,475.0
504.0,87.0,347.0,344.0,300.0
431.0,96.0,280.0,262.0,427.0
395.0,195.0,322.0,386.0,308.0
312.0,145.0,505.0,97.0,53.0
241.0,132.0,705.0,296.0,245.0
395.0,73.0,410.0,286.0,346.0
244.0,183.0,999.0,424.0,523.0
241.0,90.0,567.0,217.0,175.0
434.0,175.0,56.0,166.0,332.0
307.0,121.0,534.0,284.0,390.0
569.0,40.0,429.0,338.0,282.0
241.0,97.0,93.0,189.0,264.0
410.0,95.0,686.0,130.0,284.0
636.0,85.0,466.0,333.0,293.0
522.0,115.0,265.0,276.0,327.0
362.0,133.0,489.0,328.0,549.0
508.0,134.0,23.0,289.0,284.0
307.0,96.0,361.0,349.0,427.0
9.0,91.0,402.0,195.0,419.0
270.0,140.0,482.0,308.0,335.0
292.0,145.0,419.0,347.0,530.0
192.0,113.0,361.0,432.0,536.0
392.0,209.0,429.0,353.0,582.0
312.0,97.0,245.0,344.0,424.0
273.0,115.0,364.0,999.0,544.0
457.0,102.0,453.0,155.0,391.0
159.0,76.0,436.0,333.0,98.0
505.0,106.0,582.0,289.0,263.0
542.0,109.0,357.0,283.0,580.0
999.0,92.0,419.0,430.0,221.0
456.0,66.0,525.0,121.0,571.0
425.0,90.0,764.0,639.0,392.0
542.0,132.0,448.0,626.0,611.0
289.0,82.0,226.0,121.0,97.0
157.0,91.0,419.0,283.0,306.0
447.0,999.0,443.0,353.0,228.0
275.0,100.0,342.0,361.0,303.0
296.0,183.0,460.0,276.0,504.0
246.0,58.0,512.0,218.0,100.0
273.0,87.0,164.0,524.0,263.0
206.0,88.0,315.0,168.0,367.0
999.0,110.0,228.0,336.0,591.0
563.0,184.0,619.0,474.0,549.0
424.0,86.0,574.0,356.0,512.0
184.0,109.0,280.0,130.0,264.0
0.0,249.0,570.0,129.0,407.0
508.0,82.0,570.0,284.0,233.0
508.0,96.0,385.0,286.0,263.0
508.0,129.0,386.0,518.0,591.0
285.0,112.0,328.0,106.0,225.0
409.0,108.0,378.0,319.0,523.0
471.0,198.0,748.0,579.0,606.0
297.0,118.0,785.0,249.0,306.0
508.0,91.0,526.0,190.0,367.0
193.0,87.0,496.0,328.0,538.0
307.0,108.0,496.0,268.0,376.0
302.0,134.0,361.0,93.0,333.0
300.0,145.0,509.0,155.0,232.0
506.0,169.0,429.0,528.0,391.0
308.0,101.0,581.0,94.0,229.0
201.0,209.0,322.0,353.0,618.0
506.0,248.0,315.0,288.0,411.0
241.0,140.0,250.0,411.0,530.0
206.0,89.0,402.0,192.0,612.0
478.0,132.0,164.0,347.0,453.0
332.0,67.0,524.0,782.0,427.0
478.0,118.0,327.0,441.0,264.0
216.0,65.0,402.0,265.0,452.0
471.0,66.0,361.0,338.0,436.0
270.0,101.0,334.0,0.0,225.0
344.0,86.0,509.0,315.0,404.0
395.0,40.0,496.0,109.0,65.0
252.0,135.0,361.0,217.0,284.0
410.0,118.0,228.0,356.0,320.0
425.0,134.0,540.0,441.0,728.0
294.0,262.0,421.0,154.0,582.0
409.0,159.0,393.0,515.0,523.0
508.0,115.0,726.0,217.0,308.0
644.0,53.0,448.0,359.0,549.0
471.0,132.0,364.0,347.0,695.0
190.0,76.0,366.0,81.0,97.0
206.0,58.0,398.0,227.0,538.0
390.0,99.0,384.0,270.0,65.0
520.0,90.0,23.0,304.0,257.0
359.0,38.0,267.0,356.0,512.0
370.0,106.0,0.0,265.0,229.0
157.0,145.0,357.0,515.0,449.0
152.0,108.0,114.0,304.0,411.0
183.0,38.0,524.0,311.0,512.0
480.0,107.0,534.0,337.0,405.0
556.0,203.0,389.0,304.0,401.0
409.0,107.0,556.0,441.0,229.0
297.0,100.0,351.0,196.0,300.0
361.0,112.0,538.0,504.0,407.0
424.0,139.0,322.0,178.0,263.0
395.0,102.0,386.0,241.0,217.0
502.0,262.0,448.0,408.0,468.0
270.0,129.0,23.0,441.0,358.0
585.0,91.0,389.0,414.0,493.0
252.0,107.0,660.0,524.0,606.0
480.0,106.0,393.0,106.0,441.0
315.0,109.0,328.0,263.0,346.0
431.0,118.0,511.0,268.0,245.0
252.0,209.0,188.0,386.0,468.0
542.0,110.0,660.0,304.0,482.0
506.0,65.0,448.0,93.0,221.0
504.0,147.0,339.0,390.0,456.0
425.0,113.0,245.0,338.0,503.0
409.0,159.0,581.0,296.0,271.0
491.0,18.0,512.0,83.0,418.0
296.0,203.0,363.0,146.0,308.0
172.0,66.0,379.0,515.0,571.0
394.0,147.0,23.0,190.0,303.0
242.0,115.0,512.0,384.0,454.0
244.0,67.0,429.0,265.0,293.0
0.0,102.0,512.0,242.0,302.0
520.0,14.0,30.0,353.0,465.0
458.0,120.0,361.0,223.0,284.0
256.0,51.0,226.0,94.0,419.0
259.0,98.0,363.0,316.0,376.0
183.0,76.0,328.0,579.0,628.0
337.0,194.0,385.0,223.0,233.0
256.0,140.0,488.0,262.0,411.0
425.0,106.0,505.0,474.0,504.0
417.0,283.0,23.0,184.0,441.0
192.0,106.0,357.0,166.0,271.0
300.0,136.0,397.0,153.0,296.0
390.0,146.0,371.0,145.0,225.0
315.0,93.0,621.0,294.0,384.0
692.0,134.0,315.0,432.0,515.0
504.0,126.0,328.0,154.0,261.0
183.0,99.0,999.0,223.0,225.0
332.0,89.0,361.0,275.0,233.0
765.0,109.0,93.0,319.0,427.0
457.0,71.0,250.0,439.0,427.0
326.0,175.0,660.0,130.0,256.0
242.0,80.0,506.0,639.0,530.0
244.0,249.0,496.0,202.0,400.0
365.0,114.0,603.0,257.0,310.0
504.0,110.0,188.0,304.0,591.0
497.0,90.0,488.0,411.0,591.0
409.0,99.0,539.0,647.0,335.0
365.0,45.0,619.0,562.0,582.0
238.0,113.0,361.0,518.0,493.0
300.0,100.0,265.0,166.0,100.0
390.0,145.0,525.0,315.0,463.0
216.0,51.0,872.0,283.0,419.0
390.0,169.0,334.0,319.0,420.0
467.0,71.0,506.0,359.0,394.0
395.0,113.0,442.0,353.0,407.0
563.0,91.0,30.0,311.0,495.0
410.0,132.0,384.0,0.0,0.0
480.0,113.0,460.0,177.0,434.0
481.0,147.0,567.0,361.0,398.0
746.0,100.0,417.0,110.0,327.0
256.0,45.0,573.0,626.0,587.0
242.0,105.0,576.0,335.0,225.0
337.0,96.0,340.0,83.0,245.0
409.0,105.0,371.0,353.0,591.0
301.0,53.0,554.0,333.0,446.0
394.0,115.0,398.0,316.0,394.0
354.0,82.0,378.0,223.0,441.0
563.0,171.0,228.0,344.0,482.0
395.0,102.0,393.0,247.0,303.0
569.0,66.0,364.0,69.0,523.0
434.0,115.0,322.0,347.0,418.0
183.0,207.0,426.0,626.0,504.0
307.0,133.0,399.0,286.0,214.0
206.0,121.0,514.0,184.0,498.0
520.0,91.0,422.0,308.0,587.0
457.0,90.0,489.0,129.0,150.0
262.0,108.0,399.0,449.0,332.0
400.0,58.0,250.0,308.0,571.0
519.0,200.0,496.0,461.0,553.0
157.0,57.0,574.0,328.0,282.0
285.0,146.0,578.0,241.0,358.0
456.0,118.0,361.0,166.0,264.0
237.0,106.0,23.0,639.0,536.0
241.0,195.0,402.0,220.0,339.0
184.0,86.0,510.0,426.0,571.0
329.0,51.0,450.0,491.0,391.0
308.0,106.0,553.0,286.0,424.0
542.0,159.0,357.0,501.0,419.0
184.0,121.0,448.0,129.0,517.0
315.0,106.0,560.0,184.0,517.0
473.0,67.0,448.0,196.0,214.0
246.0,146.0,357.0,232.0,530.0
288.0,108.0,351.0,601.0,233.0
746.0,143.0,512.0,370.0,465.0
574.0,115.0,442.0,528.0,245.0
344.0,73.0,553.0,268.0,298.0
201.0,102.0,286.0,166.0,347.0
434.0,90.0,509.0,430.0,284.0
447.0,36.0,328.0,286.0,327.0
329.0,132.0,538.0,347.0,300.0
434.0,161.0,429.0,275.0,282.0
413.0,91.0,364.0,184.0,208.0
425.0,134.0,585.0,110.0,284.0
542.0,145.0,399.0,366.0,449.0
556.0,120.0,525.0,195.0,436.0
364.0,97.0,505.0,195.0,376.0
434.0,140.0,322.0,129.0,587.0
505.0,136.0,541.0,426.0,302.0
238.0,65.0,582.0,384.0,367.0
504.0,52.0,543.0,97.0,0.0
465.0,168.0,862.0,333.0,531.0
519.0,102.0,385.0,359.0,427.0
183.0,93.0,660.0,315.0,498.0
191.0,89.0,448.0,318.0,100.0
522.0,136.0,30.0,304.0,232.0
206.0,248.0,135.0,294.0,390.0
542.0,71.0,660.0,296.0,298.0
157.0,110.0,572.0,283.0,175.0
216.0,98.0,322.0,296.0,427.0
411.0,121.0,340.0,184.0,465.0
478.0,198.0,256.0,525.0,411.0
504.0,102.0,539.0,311.0,427.0
216.0,132.0,450.0,306.0,454.0
390.0,113.0,514.0,99.0,401.0
252.0,45.0,402.0,333.0,438.0
425.0,129.0,621.0,410.0,482.0
506.0,118.0,363.0,218.0,421.0
275.0,82.0,378.0,153.0,97.0
574.0,197.0,234.0,286.0,298.0
448.0,109.0,364.0,283.0,390.0
456.0,76.0,450.0,247.0,223.0
157.0,168.0,397.0,166.0,571.0
410.0,108.0,322.0,647.0,503.0
172.0,87.0,135.0,268.0,167.0
506.0,90.0,399.0,306.0,332.0
252.0,115.0,567.0,283.0,419.0
506.0,950.0,578.0,146.0,332.0
241.0,139.0,496.0,304.0,308.0
333.0,138.0,450.0,424.0,390.0
392.0,143.0,574.0,333.0,400.0
425.0,195.0,429.0,196.0,217.0
424.0,86.0,748.0,202.0,384.0
425.0,118.0,806.0,99.0,255.0
473.0,168.0,426.0,110.0,538.0
157.0,129.0,417.0,218.0,405.0
301.0,36.0,30.0,97.0,217.0
373.0,198.0,361.0,219.0,376.0
500.0,67.0,397.0,353.0,419.0
636.0,140.0,384.0,132.0,424.0
190.0,82.0,482.0,123.0,97.0
425.0,121.0,581.0,384.0,571.0
392.0,146.0,448.0,294.0,398.0
636.0,132.0,422.0,0.0,175.0
216.0,118.0,538.0,424.0,468.0
619.0,177.0,538.0,306.0,292.0
184.0,91.0,366.0,300.0,306.0
638.0,168.0,188.0,353.0,434.0
312.0,249.0,429.0,106.0,264.0
339.0,168.0,402.0,304.0,427.0
296.0,249.0,448.0,121.0,217.0
497.0,89.0,512.0,294.0,502.0
690.0,146.0,540.0,408.0,453.0
458.0,146.0,114.0,153.0,310.0
502.0,129.0,575.0,461.0,523.0
242.0,140.0,560.0,424.0,427.0
464.0,149.0,256.0,202.0,123.0
297.0,96.0,658.0,432.0,367.0
278.0,183.0,315.0,190.0,310.0
275.0,105.0,510.0,123.0,353.0
410.0,133.0,228.0,189.0,284.0
467.0,76.0,385.0,94.0,292.0
252.0,101.0,365.0,275.0,306.0
238.0,113.0,576.0,218.0,482.0
292.0,132.0,267.0,226.0,282.0
252.0,84.0,509.0,458.0,214.0
333.0,97.0,525.0,195.0,264.0
469.0,168.0,379.0,109.0,199.0
266.0,256.0,361.0,226.0,553.0
288.0,105.0,385.0,268.0,199.0
395.0,113.0,386.0,359.0,390.0
395.0,209.0,660.0,286.0,214.0
522.0,85.0,164.0,608.0,296.0
361.0,107.0,573.0,338.0,588.0
502.0,97.0,286.0,226.0,191.0
262.0,112.0,511.0,153.0,346.0
275.0,38.0,496.0,366.0,427.0
292.0,175.0,399.0,200.0,53.0
242.0,256.0,578.0,177.0,395.0
300.0,52.0,334.0,227.0,308.0
192.0,126.0,385.0,449.0,571.0
392.0,112.0,510.0,192.0,587.0
431.0,138.0,619.0,625.0,454.0
157.0,57.0,334.0,177.0,221.0
539.0,109.0,56.0,126.0,306.0
497.0,62.0,574.0,639.0,728.0
522.0,93.0,411.0,121.0,419.0
241.0,108.0,363.0,241.0,587.0
630.0,168.0,581.0,335.0,463.0
390.0,194.0,509.0,184.0,252.0
331.0,90.0,192.0,359.0,300.0
425.0,256.0,377.0,93.0,475.0
292.0,132.0,310.0,241.0,569.0
285.0,135.0,660.0,154.0,187.0
190.0,90.0,506.0,356.0,434.0
190.0,115.0,0.0,275.0,406.0
192.0,0.0,496.0,311.0,400.0
491.0,71.0,660.0,153.0,538.0
690.0,132.0,553.0,40.0,264.0
206.0,90.0,543.0,121.0,512.0
395.0,118.0,402.0,386.0,454.0
395.0,100.0,525.0,328.0,515.0
413.0,102.0,410.0,297.0,221.0
344.0,97.0,419.0,110.0,517.0
329.0,86.0,661.0,283.0,544.0
172.0,170.0,226.0,184.0,232.0
362.0,85.0,450.0,154.0,341.0
216.0,110.0,393.0,366.0,530.0
238.0,70.0,429.0,106.0,256.0
434.0,109.0,426.0,315.0,346.0
206.0,107.0,361.0,226.0,53.0
209.0,109.0,764.0,424.0,582.0
359.0,53.0,357.0,223.0,333.0
395.0,135.0,553.0,81.0,245.0
244.0,134.0,361.0,106.0,195.0
365.0,92.0,806.0,249.0,571.0
556.0,93.0,442.0,353.0,465.0
505.0,91.0,363.0,390.0,199.0
522.0,110.0,402.0,315.0,502.0
333.0,195.0,228.0,410.0,482.0
190.0,110.0,442.0,223.0,333.0
252.0,96.0,525.0,155.0,233.0
295.0,193.0,567.0,184.0,517.0
403.0,146.0,509.0,43.0,167.0
157.0,248.0,250.0,289.0,517.0
228.0,90.0,501.0,123.0,123.0
425.0,247.0,357.0,220.0,256.0
409.0,40.0,460.0,184.0,199.0
491.0,136.0,748.0,109.0,228.0
365.0,67.0,357.0,284.0,268.0
292.0,283.0,351.0,371.0,452.0
449.0,195.0,660.0,328.0,530.0
411.0,121.0,30.0,123.0,229.0
238.0,86.0,378.0,390.0,394.0
410.0,102.0,540.0,262.0,418.0
392.0,140.0,541.0,275.0,306.0
690.0,79.0,448.0,318.0,233.0
275.0,197.0,419.0,226.0,523.0
333.0,223.0,442.0,275.0,404.0
542.0,109.0,429.0,411.0,405.0
494.0,118.0,450.0,294.0,441.0
455.0,70.0,340.0,390.0,591.0
542.0,90.0,512.0,328.0,515.0
500.0,96.0,234.0,0.0,0.0
619.0,184.0,560.0,288.0,486.0
999.0,97.0,280.0,424.0,475.0
307.0,71.0,511.0,316.0,25.0
242.0,147.0,223.0,356.0,469.0
410.0,126.0,511.0,275.0,999.0
506.0,84.0,581.0,414.0,469.0
464.0,97.0,621.0,202.0,523.0
285.0,209.0,619.0,97.0,515.0
505.0,132.0,351.0,311.0,0.0
326.0,195.0,496.0,275.0,268.0
563.0,102.0,363.0,525.0,549.0
192.0,110.0,371.0,626.0,347.0
339.0,76.0,357.0,518.0,217.0
201.0,139.0,450.0,265.0,401.0
0.0,115.0,429.0,145.0,318.0
164.0,156.0,512.0,678.0,303.0
390.0,51.0,397.0,263.0,400.0
765.0,106.0,385.0,491.0,517.0
638.0,66.0,658.0,315.0,427.0
411.0,207.0,357.0,219.0,320.0
381.0,121.0,275.0,106.0,282.0
183.0,44.0,541.0,319.0,390.0
288.0,73.0,582.0,315.0,587.0
464.0,147.0,525.0,184.0,332.0
505.0,71.0,581.0,441.0,284.0
390.0,57.0,421.0,275.0,284.0
184.0,90.0,448.0,220.0,293.0
172.0,96.0,223.0,83.0,263.0
394.0,71.0,785.0,958.0,225.0
332.0,80.0,275.0,524.0,452.0
308.0,93.0,512.0,226.0,302.0
473.0,96.0,489.0,424.0,465.0
183.0,66.0,582.0,97.0,531.0
291.0,184.0,526.0,275.0,389.0
237.0,113.0,524.0,138.0,454.0
365.0,140.0,226.0,424.0,498.0
152.0,161.0,226.0,411.0,465.0
228.0,102.0,512.0,311.0,333.0
542.0,90.0,726.0,276.0,377.0
172.0,170.0,366.0,426.0,400.0
339.0,85.0,378.0,283.0,284.0
455.0,76.0,575.0,297.0,367.0
209.0,97.0,363.0,184.0,245.0
236.0,107.0,379.0,226.0,419.0
232.0,110.0,422.0,130.0,332.0
337.0,209.0,554.0,223.0,310.0
481.0,67.0,660.0,196.0,271.0
300.0,13.0,328.0,504.0,588.0
241.0,102.0,334.0,338.0,454.0
184.0,134.0,385.0,202.0,284.0
294.0,145.0,534.0,595.0,553.0
457.0,124.0,417.0,110.0,427.0
273.0,113.0,573.0,121.0,255.0
465.0,38.0,443.0,361.0,476.0
332.0,91.0,484.0,83.0,332.0
488.0,106.0,496.0,223.0,376.0
332.0,102.0,361.0,411.0,424.0
307.0,51.0,453.0,286.0,405.0
636.0,104.0,660.0,227.0,310.0
410.0,125.0,574.0,315.0,411.0
506.0,203.0,511.0,294.0,256.0
392.0,86.0,363.0,178.0,296.0
542.0,76.0,705.0,275.0,512.0
184.0,91.0,872.0,353.0,454.0
296.0,170.0,489.0,439.0,282.0
307.0,132.0,402.0,458.0,395.0
354.0,171.0,228.0,414.0,407.0
491.0,67.0,30.0,286.0,346.0
569.0,36.0,421.0,177.0,384.0
516.0,138.0,567.0,361.0,515.0
630.0,67.0,660.0,562.0,400.0
522.0,133.0,524.0,579.0,453.0
630.0,51.0,379.0,486.0,424.0
469.0,118.0,422.0,283.0,534.0
539.0,98.0,661.0,361.0,523.0
294.0,87.0,192.0,330.0,538.0
164.0,96.0,23.0,275.0,282.0
491.0,102.0,501.0,353.0,339.0
400.0,66.0,363.0,337.0,406.0
395.0,209.0,361.0,202.0,228.0
508.0,57.0,361.0,296.0,499.0
457.0,98.0,438.0,184.0,376.0
504.0,65.0,514.0,349.0,436.0
315.0,140.0,581.0,333.0,405.0
381.0,66.0,328.0,286.0,392.0
228.0,115.0,468.0,469.0,268.0
505.0,68.0,429.0,626.0,465.0
302.0,134.0,397.0,249.0,217.0
295.0,130.0,448.0,384.0,446.0
381.0,999.0,505.0,304.0,390.0
159.0,115.0,525.0,491.0,571.0
500.0,121.0,286.0,328.0,284.0
190.0,102.0,482.0,347.0,502.0
413.0,100.0,431.0,262.0,367.0
395.0,108.0,399.0,286.0,493.0
425.0,36.0,386.0,432.0,531.0
520.0,135.0,489.0,226.0,271.0
242.0,999.0,365.0,336.0,256.0
506.0,194.0,410.0,184.0,293.0
236.0,132.0,363.0,241.0,486.0
409.0,73.0,540.0,190.0,298.0
409.0,121.0,328.0,138.0,391.0
361.0,140.0,726.0,94.0,346.0
294.0,171.0,357.0,257.0,225.0
999.0,262.0,506.0,241.0,98.0
297.0,90.0,524.0,192.0,208.0
471.0,65.0,328.0,343.0,498.0
331.0,67.0,585.0,184.0,100.0
425.0,156.0,234.0,316.0,419.0
494.0,73.0,56.0,226.0,503.0
241.0,95.0,764.0,304.0,264.0
339.0,209.0,364.0,608.0,517.0
456.0,219.0,511.0,469.0,580.0
392.0,66.0,525.0,286.0,296.0
183.0,129.0,368.0,622.0,223.0
373.0,102.0,384.0,458.0,284.0
183.0,102.0,460.0,94.0,217.0
152.0,71.0,510.0,333.0,523.0
259.0,73.0,490.0,190.0,263.0
765.0,223.0,384.0,469.0,465.0
473.0,44.0,429.0,441.0,490.0
390.0,156.0,398.0,123.0,531.0
362.0,92.0,541.0,83.0,436.0
505.0,249.0,245.0,83.0,232.0
251.0,73.0,488.0,424.0,490.0
285.0,114.0,419.0,184.0,278.0
424.0,106.0,398.0,458.0,517.0
275.0,76.0,510.0,647.0,591.0
292.0,145.0,539.0,333.0,490.0
308.0,106.0,506.0,311.0,308.0
307.0,102.0,379.0,275.0,411.0
417.0,53.0,538.0,304.0,476.0
409.0,206.0,476.0,384.0,606.0
292.0,90.0,357.0,265.0,363.0
409.0,110.0,340.0,601.0,538.0
395.0,68.0,378.0,504.0,498.0
569.0,108.0,419.0,94.0,150.0
478.0,248.0,364.0,109.0,298.0
238.0,92.0,819.0,249.0,335.0
344.0,82.0,322.0,304.0,292.0
241.0,108.0,872.0,625.0,553.0
449.0,109.0,430.0,304.0,587.0
209.0,93.0,490.0,218.0,208.0
494.0,950.0,430.0,626.0,538.0
542.0,136.0,661.0,113.0,264.0
157.0,247.0,342.0,178.0,255.0
209.0,88.0,686.0,336.0,367.0
244.0,80.0,556.0,182.0,420.0
152.0,38.0,560.0,126.0,592.0
431.0,200.0,526.0,469.0,591.0
252.0,106.0,365.0,333.0,367.0
471.0,91.0,389.0,411.0,511.0
329.0,86.0,371.0,333.0,303.0
506.0,107.0,572.0,192.0,225.0
183.0,97.0,575.0,333.0,228.0
259.0,110.0,686.0,384.0,530.0
491.0,108.0,575.0,121.0,419.0
273.0,115.0,585.0,300.0,347.0
191.0,58.0,226.0,361.0,468.0
390.0,135.0,540.0,333.0,358.0
252.0,86.0,357.0,353.0,490.0
457.0,90.0,421.0,241.0,392.0
488.0,89.0,328.0,525.0,476.0
289.0,146.0,402.0,232.0,436.0
89.0,175.0,686.0,410.0,431.0
506.0,67.0,379.0,333.0,544.0
307.0,198.0,250.0,283.0,419.0
285.0,209.0,361.0,337.0,499.0
307.0,147.0,554.0,249.0,308.0
183.0,248.0,538.0,268.0,511.0
410.0,198.0,512.0,283.0,411.0
469.0,100.0,506.0,316.0,264.0
392.0,133.0,512.0,304.0,530.0
434.0,79.0,363.0,275.0,308.0
425.0,140.0,405.0,432.0,468.0
256.0,207.0,280.0,386.0,347.0
467.0,102.0,357.0,469.0,611.0
331.0,123.0,560.0,275.0,377.0
307.0,106.0,638.0,99.0,65.0
201.0,100.0,366.0,276.0,468.0
365.0,118.0,334.0,154.0,468.0
410.0,108.0,93.0,146.0,208.0
320.0,106.0,450.0,504.0,97.0
256.0,115.0,23.0,220.0,377.0
373.0,175.0,328.0,328.0,400.0
228.0,102.0,0.0,226.0,389.0
417.0,71.0,468.0,562.0,300.0
542.0,156.0,361.0,315.0,612.0
409.0,118.0,567.0,390.0,390.0
236.0,62.0,399.0,336.0,498.0
193.0,109.0,524.0,349.0,400.0
449.0,113.0,302.0,190.0,245.0
701.0,135.0,398.0,353.0,441.0
409.0,67.0,638.0,338.0,571.0
157.0,115.0,512.0,330.0,229.0
184.0,118.0,365.0,343.0,191.0
89.0,68.0,453.0,97.0,530.0
149.0,175.0,525.0,192.0,98.0
362.0,58.0,245.0,284.0,536.0
344.0,140.0,322.0,359.0,339.0
301.0,73.0,525.0,69.0,199.0
216.0,73.0,509.0,38.0,217.0
256.0,95.0,322.0,333.0,327.0
394.0,999.0,0.0,130.0,407.0
373.0,203.0,384.0,241.0,187.0
275.0,108.0,228.0,311.0,282.0
469.0,129.0,357.0,275.0,333.0
542.0,110.0,575.0,424.0,427.0
361.0,53.0,489.0,430.0,511.0
690.0,73.0,328.0,247.0,303.0
373.0,102.0,164.0,626.0,504.0
494.0,175.0,30.0,311.0,256.0
392.0,121.0,234.0,195.0,538.0
301.0,132.0,342.0,430.0,517.0
668.0,70.0,872.0,191.0,407.0
206.0,139.0,621.0,424.0,390.0
690.0,113.0,621.0,441.0,628.0
307.0,100.0,509.0,430.0,580.0
370.0,183.0,496.0,113.0,214.0
331.0,183.0,419.0,601.0,504.0
192.0,149.0,442.0,424.0,282.0
542.0,134.0,426.0,166.0,263.0
500.0,247.0,512.0,182.0,225.0
431.0,140.0,384.0,249.0,475.0
238.0,140.0,442.0,335.0,353.0
273.0,91.0,389.0,232.0,363.0
111.0,96.0,567.0,286.0,468.0
519.0,107.0,512.0,306.0,468.0
563.0,97.0,405.0,155.0,628.0
307.0,0.0,442.0,647.0,534.0
329.0,168.0,410.0,226.0,398.0
457.0,161.0,0.0,296.0,536.0
244.0,86.0,512.0,359.0,339.0
425.0,999.0,322.0,333.0,515.0
89.0,130.0,872.0,69.0,498.0
447.0,18.0,443.0,200.0,255.0
206.0,200.0,431.0,424.0,475.0
244.0,146.0,489.0,121.0,199.0
392.0,73.0,534.0,155.0,225.0
294.0,206.0,534.0,190.0,223.0
332.0,113.0,361.0,386.0,438.0
478.0,109.0,389.0,109.0,476.0
262.0,125.0,806.0,268.0,411.0
184.0,133.0,576.0,458.0,530.0
0.0,79.0,188.0,491.0,468.0
111.0,79.0,573.0,113.0,256.0
373.0,121.0,405.0,524.0,400.0
668.0,100.0,245.0,424.0,531.0
765.0,58.0,621.0,361.0,469.0
569.0,53.0,585.0,121.0,592.0
520.0,132.0,509.0,300.0,406.0
337.0,82.0,379.0,220.0,306.0
275.0,76.0,334.0,40.0,284.0
488.0,102.0,543.0,155.0,332.0
295.0,168.0,364.0,284.0,332.0
542.0,79.0,525.0,184.0,332.0
308.0,91.0,819.0,106.0,195.0
192.0,133.0,510.0,270.0,228.0
172.0,105.0,543.0,524.0,284.0
0.0,106.0,245.0,217.0,530.0
417.0,76.0,567.0,219.0,452.0
206.0,247.0,512.0,595.0,523.0
326.0,950.0,512.0,458.0,257.0
228.0,91.0,280.0,40.0,25.0
390.0,168.0,575.0,319.0,223.0
638.0,170.0,539.0,265.0,199.0
392.0,156.0,357.0,184.0,256.0
449.0,126.0,402.0,306.0,332.0
178.0,96.0,496.0,38.0,453.0
206.0,86.0,496.0,647.0,517.0
300.0,115.0,626.0,123.0,335.0
478.0,132.0,806.0,336.0,493.0
504.0,109.0,512.0,316.0,347.0
394.0,100.0,322.0,110.0,427.0
410.0,111.0,453.0,361.0,419.0
259.0,86.0,541.0,177.0,327.0
410.0,58.0,512.0,132.0,187.0
469.0,104.0,368.0,344.0,453.0
434.0,40.0,578.0,184.0,310.0
178.0,105.0,393.0,113.0,530.0
329.0,86.0,621.0,333.0,503.0
252.0,76.0,460.0,283.0,339.0
480.0,200.0,431.0,263.0,404.0
522.0,71.0,328.0,335.0,389.0
395.0,106.0,361.0,155.0,503.0
457.0,120.0,188.0,336.0,335.0
362.0,90.0,192.0,432.0,418.0
373.0,113.0,389.0,296.0,504.0
373.0,90.0,0.0,288.0,268.0
184.0,86.0,256.0,999.0,367.0
275.0,97.0,371.0,501.0,493.0
191.0,110.0,398.0,449.0,454.0
244.0,97.0,399.0,297.0,523.0
285.0,105.0,379.0,93.0,310.0
480.0,120.0,567.0,130.0,124.0
381.0,58.0,460.0,196.0,261.0
262.0,207.0,402.0,263.0,523.0
395.0,113.0,402.0,359.0,419.0
390.0,124.0,466.0,153.0,486.0
312.0,106.0,554.0,242.0,195.0
183.0,135.0,361.0,297.0,332.0
315.0,80.0,735.0,601.0,255.0
332.0,102.0,334.0,288.0,592.0
556.0,146.0,538.0,333.0,282.0
410.0,118.0,363.0,424.0,475.0
395.0,105.0,567.0,0.0,302.0
494.0,73.0,819.0,311.0,511.0
508.0,9.0,422.0,316.0,233.0
434.0,146.0,658.0,268.0,475.0
390.0,125.0,603.0,315.0,391.0
395.0,106.0,581.0,218.0,167.0
395.0,107.0,426.0,518.0,530.0
395.0,132.0,484.0,343.0,530.0
636.0,102.0,509.0,304.0,424.0
295.0,85.0,135.0,318.0,530.0
638.0,86.0,506.0,486.0,278.0
542.0,140.0,378.0,223.0,53.0
209.0,92.0,619.0,217.0,191.0
183.0,102.0,275.0,94.0,228.0
480.0,57.0,686.0,486.0,499.0
403.0,132.0,543.0,94.0,405.0
285.0,123.0,575.0,189.0,515.0
506.0,121.0,327.0,601.0,503.0
746.0,110.0,411.0,343.0,469.0
300.0,113.0,496.0,121.0,100.0
392.0,115.0,543.0,430.0,469.0
494.0,109.0,399.0,94.0,150.0
502.0,96.0,378.0,304.0,511.0
574.0,124.0,525.0,338.0,405.0
362.0,0.0,576.0,424.0,150.0
270.0,130.0,342.0,153.0,406.0
409.0,198.0,572.0,474.0,418.0
409.0,168.0,368.0,38.0,318.0
556.0,135.0,540.0,390.0,512.0
273.0,106.0,705.0,328.0,498.0
457.0,71.0,265.0,275.0,384.0
251.0,52.0,506.0,94.0,389.0
636.0,118.0,397.0,424.0,431.0
392.0,58.0,603.0,304.0,419.0
410.0,110.0,872.0,999.0,999.0
184.0,111.0,567.0,315.0,377.0
431.0,109.0,509.0,81.0,245.0
159.0,121.0,245.0,297.0,418.0
434.0,200.0,748.0,410.0,517.0
520.0,147.0,448.0,223.0,628.0
206.0,109.0,735.0,226.0,302.0
392.0,106.0,512.0,316.0,398.0
449.0,95.0,23.0,247.0,427.0
344.0,44.0,695.0,63.0,264.0
458.0,112.0,310.0,219.0,453.0
469.0,93.0,365.0,262.0,347.0
458.0,203.0,567.0,338.0,441.0
464.0,140.0,429.0,283.0,353.0
315.0,58.0,250.0,263.0,353.0
190.0,97.0,286.0,40.0,199.0
307.0,118.0,490.0,304.0,264.0
431.0,118.0,660.0,311.0,395.0
111.0,110.0,226.0,217.0,284.0
294.0,67.0,539.0,639.0,618.0
251.0,104.0,567.0,366.0,536.0
434.0,159.0,554.0,189.0,377.0
256.0,58.0,638.0,184.0,264.0
668.0,90.0,379.0,328.0,498.0
425.0,100.0,448.0,486.0,453.0
425.0,68.0,524.0,296.0,400.0
516.0,200.0,402.0,386.0,167.0
149.0,86.0,525.0,347.0,419.0
392.0,195.0,328.0,182.0,523.0
410.0,159.0,393.0,217.0,486.0
251.0,149.0,496.0,424.0,469.0
395.0,40.0,705.0,182.0,377.0
331.0,143.0,334.0,318.0,486.0
301.0,91.0,347.0,390.0,571.0
638.0,132.0,429.0,43.0,495.0
409.0,84.0,442.0,154.0,175.0
237.0,124.0,379.0,83.0,394.0
359.0,115.0,361.0,330.0,431.0
183.0,106.0,417.0,338.0,327.0
157.0,118.0,430.0,130.0,245.0
259.0,171.0,431.0,386.0,306.0
344.0,115.0,460.0,190.0,284.0
236.0,136.0,443.0,432.0,0.0
256.0,100.0,364.0,226.0,255.0
266.0,105.0,402.0,311.0,449.0
504.0,193.0,460.0,145.0,308.0
285.0,40.0,379.0,155.0,335.0
502.0,93.0,560.0,155.0,419.0
539.0,71.0,785.0,190.0,284.0
308.0,93.0,510.0,270.0,611.0
209.0,125.0,488.0,318.0,406.0
392.0,184.0,543.0,219.0,392.0
506.0,116.0,660.0,97.0,306.0
478.0,58.0,603.0,286.0,436.0
638.0,67.0,448.0,370.0,475.0
508.0,177.0,538.0,441.0,454.0
392.0,57.0,357.0,146.0,406.0
392.0,58.0,447.0,370.0,303.0
636.0,76.0,543.0,311.0,486.0
395.0,67.0,567.0,330.0,191.0
456.0,71.0,245.0,333.0,418.0
333.0,140.0,489.0,999.0,999.0
411.0,118.0,447.0,458.0,419.0
266.0,65.0,429.0,304.0,419.0
425.0,100.0,23.0,121.0,100.0
434.0,70.0,574.0,304.0,256.0
417.0,70.0,280.0,184.0,333.0
424.0,45.0,245.0,217.0,504.0
400.0,198.0,357.0,263.0,436.0
285.0,86.0,397.0,371.0,308.0
425.0,87.0,514.0,432.0,452.0
308.0,183.0,385.0,424.0,187.0
216.0,134.0,328.0,106.0,264.0
542.0,91.0,286.0,424.0,530.0
508.0,138.0,496.0,458.0,401.0
157.0,125.0,513.0,94.0,124.0
111.0,13.0,661.0,315.0,512.0
473.0,93.0,334.0,106.0,284.0
465.0,68.0,397.0,622.0,245.0
259.0,110.0,660.0,461.0,376.0
242.0,100.0,512.0,338.0,695.0
424.0,53.0,660.0,146.0,569.0
425.0,125.0,421.0,432.0,420.0
467.0,93.0,448.0,333.0,515.0
471.0,82.0,509.0,262.0,523.0
0.0,93.0,543.0,263.0,404.0
638.0,169.0,442.0,366.0,530.0
295.0,133.0,539.0,304.0,389.0
373.0,115.0,245.0,226.0,296.0
542.0,206.0,488.0,343.0,123.0
392.0,97.0,538.0,361.0,228.0
392.0,194.0,677.0,177.0,400.0
201.0,86.0,660.0,168.0,332.0
362.0,95.0,578.0,441.0,469.0
193.0,107.0,543.0,441.0,232.0
331.0,0.0,748.0,622.0,553.0
392.0,256.0,363.0,138.0,284.0
425.0,96.0,506.0,191.0,298.0
636.0,18.0,764.0,410.0,278.0
434.0,198.0,453.0,347.0,406.0
409.0,53.0,429.0,335.0,389.0
259.0,145.0,430.0,182.0,536.0
232.0,95.0,448.0,469.0,523.0
400.0,90.0,524.0,359.0,420.0
469.0,95.0,322.0,330.0,452.0
522.0,91.0,621.0,155.0,384.0
494.0,100.0,510.0,443.0,332.0
228.0,90.0,442.0,195.0,0.0
434.0,154.0,573.0,647.0,407.0
326.0,106.0,661.0,296.0,453.0
556.0,113.0,361.0,283.0,568.0
331.0,169.0,223.0,262.0,335.0
455.0,106.0,302.0,155.0,358.0
481.0,107.0,351.0,94.0,407.0
409.0,40.0,466.0,311.0,456.0
285.0,206.0,280.0,202.0,298.0
206.0,195.0,188.0,184.0,298.0
241.0,146.0,363.0,461.0,511.0
0.0,58.0,505.0,639.0,591.0
370.0,95.0,496.0,515.0,420.0
159.0,169.0,340.0,622.0,308.0
456.0,84.0,442.0,474.0,476.0
448.0,161.0,468.0,311.0,534.0
365.0,67.0,275.0,223.0,419.0
464.0,109.0,554.0,579.0,332.0
447.0,124.0,538.0,156.0,306.0
999.0,114.0,378.0,145.0,377.0
339.0,140.0,386.0,283.0,376.0
395.0,93.0,582.0,524.0,389.0
504.0,140.0,525.0,311.0,233.0
289.0,106.0,619.0,283.0,175.0
364.0,198.0,365.0,432.0,517.0
542.0,134.0,526.0,106.0,332.0
410.0,110.0,421.0,153.0,199.0
701.0,147.0,505.0,318.0,406.0
332.0,120.0,363.0,426.0,504.0
339.0,115.0,511.0,524.0,549.0
326.0,95.0,328.0,145.0,292.0
692.0,36.0,468.0,192.0,65.0
209.0,93.0,334.0,356.0,530.0
373.0,93.0,468.0,595.0,591.0
488.0,73.0,363.0,93.0,98.0
332.0,107.0,556.0,525.0,531.0
307.0,95.0,327.0,608.0,591.0
251.0,112.0,386.0,443.0,511.0
411.0,149.0,429.0,311.0,468.0
266.0,121.0,512.0,343.0,268.0
172.0,123.0,256.0,40.0,217.0
184.0,65.0,570.0,178.0,407.0
364.0,198.0,399.0,622.0,591.0
275.0,115.0,364.0,439.0,406.0
300.0,118.0,361.0,242.0,346.0
294.0,40.0,371.0,515.0,394.0
183.0,71.0,430.0,226.0,628.0
149.0,92.0,512.0,432.0,553.0
449.0,82.0,361.0,316.0,468.0
569.0,91.0,525.0,121.0,544.0
241.0,118.0,379.0,268.0,503.0
292.0,193.0,567.0,202.0,486.0
508.0,169.0,482.0,191.0,419.0
390.0,168.0,340.0,121.0,25.0
275.0,9.0,581.0,647.0,341.0
519.0,140.0,378.0,166.0,327.0
434.0,90.0,660.0,168.0,441.0
502.0,52.0,543.0,562.0,530.0
312.0,223.0,705.0,300.0,453.0
312.0,71.0,573.0,294.0,453.0
395.0,168.0,402.0,94.0,245.0
300.0,134.0,389.0,232.0,261.0
395.0,134.0,512.0,289.0,306.0
228.0,115.0,429.0,283.0,404.0
273.0,98.0,570.0,386.0,332.0
410.0,96.0,23.0,283.0,346.0
329.0,194.0,448.0,283.0,499.0
308.0,130.0,450.0,335.0,569.0
273.0,115.0,806.0,155.0,292.0
9.0,102.0,505.0,315.0,591.0
556.0,97.0,275.0,361.0,431.0
392.0,106.0,572.0,284.0,292.0
206.0,207.0,453.0,518.0,503.0
556.0,71.0,582.0,335.0,367.0
209.0,999.0,748.0,109.0,98.0
184.0,96.0,453.0,335.0,398.0
296.0,90.0,862.0,109.0,418.0
395.0,70.0,554.0,328.0,446.0
149.0,115.0,505.0,449.0,538.0
619.0,92.0,572.0,501.0,515.0
278.0,95.0,553.0,315.0,401.0
746.0,82.0,524.0,275.0,252.0
301.0,91.0,385.0,191.0,346.0
339.0,206.0,574.0,155.0,320.0
556.0,143.0,513.0,306.0,434.0
331.0,99.0,512.0,625.0,549.0
425.0,100.0,514.0,94.0,53.0
630.0,200.0,417.0,284.0,419.0
569.0,85.0,512.0,315.0,407.0
332.0,124.0,512.0,217.0,264.0
359.0,149.0,509.0,361.0,534.0
238.0,89.0,357.0,370.0,261.0
292.0,106.0,379.0,178.0,223.0
692.0,67.0,764.0,625.0,592.0
395.0,126.0,543.0,501.0,424.0
395.0,106.0,999.0,361.0,347.0
256.0,168.0,570.0,192.0,517.0
0.0,86.0,361.0,524.0,421.0
395.0,136.0,539.0,359.0,465.0
193.0,248.0,505.0,247.0,503.0
746.0,104.0,570.0,106.0,282.0
411.0,106.0,525.0,361.0,588.0
465.0,223.0,366.0,579.0,544.0
373.0,76.0,603.0,94.0,271.0
320.0,193.0,726.0,275.0,358.0
488.0,67.0,556.0,441.0,553.0
539.0,138.0,443.0,195.0,389.0
394.0,247.0,357.0,308.0,515.0
206.0,79.0,660.0,43.0,187.0
289.0,91.0,256.0,718.0,363.0
395.0,102.0,377.0,247.0,549.0
519.0,132.0,466.0,241.0,302.0
520.0,194.0,361.0,443.0,214.0
266.0,106.0,585.0,349.0,282.0
291.0,0.0,361.0,426.0,468.0
395.0,209.0,286.0,626.0,588.0
285.0,36.0,430.0,474.0,257.0
339.0,159.0,228.0,501.0,512.0
285.0,88.0,576.0,196.0,628.0
307.0,110.0,422.0,184.0,476.0
701.0,98.0,250.0,315.0,303.0
424.0,115.0,570.0,192.0,363.0
339.0,147.0,378.0,371.0,475.0
508.0,111.0,228.0,474.0,264.0
425.0,80.0,764.0,126.0,191.0
251.0,113.0,226.0,622.0,228.0
619.0,124.0,363.0,155.0,493.0
539.0,116.0,334.0,461.0,612.0
480.0,106.0,361.0,40.0,0.0
326.0,184.0,442.0,311.0,495.0
464.0,126.0,226.0,83.0,587.0
266.0,195.0,0.0,353.0,303.0
457.0,113.0,585.0,424.0,346.0
256.0,90.0,496.0,390.0,531.0
473.0,93.0,368.0,191.0,367.0
296.0,95.0,422.0,361.0,452.0
585.0,111.0,506.0,356.0,420.0
164.0,102.0,226.0,153.0,534.0
395.0,82.0,361.0,439.0,517.0
425.0,44.0,361.0,411.0,468.0
508.0,130.0,402.0,441.0,612.0
365.0,107.0,525.0,109.0,390.0
394.0,139.0,339.0,366.0,606.0
636.0,184.0,496.0,304.0,233.0
193.0,107.0,170.0,335.0,502.0
183.0,118.0,342.0,138.0,571.0
251.0,73.0,397.0,226.0,468.0
392.0,86.0,538.0,110.0,367.0
244.0,112.0,365.0,319.0,419.0
206.0,132.0,364.0,265.0,454.0
288.0,183.0,361.0,189.0,229.0
638.0,73.0,265.0,296.0,284.0
539.0,66.0,302.0,318.0,404.0
395.0,106.0,267.0,263.0,335.0
251.0,121.0,351.0,226.0,232.0
344.0,129.0,328.0,286.0,411.0
392.0,108.0,371.0,154.0,282.0
464.0,86.0,540.0,414.0,0.0
513.0,193.0,513.0,263.0,233.0
183.0,118.0,819.0,371.0,454.0
331.0,100.0,379.0,336.0,217.0
390.0,200.0,327.0,226.0,434.0
275.0,109.0,402.0,424.0,333.0
209.0,107.0,658.0,469.0,728.0
425.0,101.0,819.0,515.0,195.0
392.0,168.0,490.0,227.0,221.0
236.0,82.0,378.0,97.0,261.0
246.0,146.0,468.0,443.0,436.0
395.0,134.0,572.0,328.0,124.0
302.0,98.0,450.0,718.0,517.0
326.0,36.0,677.0,286.0,534.0
256.0,109.0,570.0,356.0,252.0
469.0,110.0,364.0,226.0,606.0
288.0,138.0,581.0,411.0,431.0
491.0,121.0,506.0,184.0,449.0
164.0,97.0,340.0,335.0,335.0
456.0,198.0,23.0,223.0,268.0
373.0,118.0,228.0,491.0,568.0
464.0,195.0,429.0,166.0,268.0
294.0,133.0,567.0,343.0,499.0
556.0,136.0,417.0,528.0,495.0
746.0,82.0,361.0,130.0,264.0
9.0,92.0,426.0,622.0,523.0
312.0,121.0,509.0,223.0,320.0
246.0,112.0,482.0,999.0,587.0
190.0,76.0,228.0,106.0,221.0
237.0,184.0,705.0,218.0,530.0
164.0,96.0,398.0,304.0,282.0
692.0,95.0,397.0,562.0,465.0
520.0,96.0,342.0,411.0,517.0
312.0,105.0,513.0,146.0,452.0
206.0,134.0,223.0,81.0,167.0
425.0,76.0,430.0,284.0,517.0
494.0,146.0,626.0,94.0,187.0
326.0,40.0,386.0,168.0,465.0
354.0,184.0,310.0,190.0,438.0
692.0,207.0,363.0,336.0,225.0
183.0,100.0,496.0,286.0,264.0
410.0,175.0,619.0,639.0,534.0
184.0,116.0,379.0,347.0,612.0
497.0,40.0,512.0,426.0,883.0
320.0,248.0,509.0,94.0,223.0
184.0,14.0,357.0,518.0,486.0
307.0,999.0,402.0,424.0,394.0
183.0,120.0,509.0,265.0,308.0
9.0,138.0,534.0,220.0,65.0
520.0,143.0,429.0,336.0,523.0
473.0,111.0,585.0,626.0,427.0
184.0,92.0,541.0,196.0,300.0
519.0,115.0,114.0,219.0,252.0
431.0,149.0,806.0,328.0,376.0
292.0,62.0,419.0,126.0,175.0
504.0,100.0,638.0,999.0,465.0
238.0,90.0,322.0,458.0,284.0
390.0,82.0,501.0,241.0,390.0
354.0,91.0,30.0,155.0,268.0
431.0,110.0,431.0,263.0,264.0
296.0,90.0,397.0,138.0,401.0
149.0,109.0,466.0,330.0,523.0
465.0,161.0,512.0,275.0,199.0
339.0,96.0,554.0,469.0,530.0
228.0,121.0,482.0,94.0,252.0
192.0,198.0,315.0,265.0,306.0
331.0,67.0,538.0,344.0,404.0
508.0,9.0,543.0,247.0,517.0
505.0,149.0,431.0,154.0,306.0
266.0,209.0,342.0,189.0,232.0
164.0,149.0,315.0,283.0,394.0
300.0,109.0,570.0,515.0,592.0
364.0,58.0,501.0,195.0,298.0
362.0,109.0,534.0,190.0,167.0
473.0,106.0,363.0,469.0,98.0
315.0,93.0,334.0,268.0,389.0
246.0,67.0,582.0,284.0,530.0
331.0,80.0,638.0,390.0,475.0
395.0,100.0,357.0,353.0,486.0
354.0,106.0,581.0,294.0,367.0
425.0,92.0,256.0,284.0,424.0
9.0,262.0,385.0,366.0,300.0
425.0,147.0,578.0,328.0,534.0
152.0,134.0,575.0,304.0,306.0
390.0,115.0,572.0,217.0,282.0
252.0,85.0,385.0,226.0,335.0
395.0,79.0,574.0,306.0,401.0
301.0,109.0,410.0,129.0,407.0
455.0,147.0,397.0,333.0,296.0
183.0,73.0,514.0,190.0,303.0
563.0,126.0,512.0,328.0,332.0
539.0,108.0,275.0,286.0,517.0
455.0,106.0,603.0,356.0,434.0
690.0,168.0,379.0,189.0,391.0
434.0,200.0,363.0,226.0,367.0
502.0,102.0,361.0,81.0,434.0
331.0,100.0,541.0,625.0,332.0
425.0,96.0,419.0,469.0,498.0
520.0,132.0,705.0,40.0,320.0
542.0,102.0,405.0,353.0,549.0
500.0,71.0,442.0,318.0,223.0
285.0,168.0,368.0,595.0,476.0
392.0,106.0,429.0,226.0,398.0
469.0,207.0,384.0,155.0,223.0
497.0,71.0,806.0,242.0,318.0
449.0,135.0,476.0,94.0,187.0
455.0,114.0,442.0,146.0,225.0
364.0,207.0,431.0,349.0,404.0
508.0,71.0,327.0,622.0,512.0
519.0,249.0,567.0,595.0,482.0
636.0,57.0,364.0,999.0,999.0
252.0,97.0,540.0,601.0,146.0
172.0,51.0,572.0,782.0,453.0
178.0,73.0,429.0,217.0,303.0
424.0,96.0,526.0,441.0,530.0
228.0,116.0,322.0,130.0,225.0
390.0,140.0,525.0,220.0,395.0
392.0,184.0,512.0,226.0,232.0
508.0,106.0,397.0,443.0,517.0
668.0,146.0,397.0,154.0,398.0
307.0,247.0,397.0,156.0,284.0
465.0,67.0,361.0,263.0,257.0
392.0,147.0,421.0,94.0,25.0
480.0,134.0,872.0,336.0,401.0
999.0,110.0,448.0,195.0,335.0
259.0,86.0,581.0,333.0,308.0
400.0,262.0,638.0,146.0,298.0
505.0,52.0,543.0,184.0,264.0
285.0,138.0,554.0,155.0,282.0
395.0,102.0,556.0,353.0,353.0
292.0,110.0,223.0,126.0,300.0
513.0,126.0,379.0,347.0,332.0
467.0,106.0,275.0,227.0,367.0
288.0,126.0,658.0,284.0,431.0
411.0,118.0,553.0,217.0,347.0
262.0,108.0,364.0,110.0,225.0
190.0,67.0,573.0,626.0,549.0
519.0,132.0,466.0,247.0,390.0
478.0,0.0,511.0,0.0,411.0
395.0,110.0,188.0,443.0,618.0
172.0,146.0,538.0,390.0,395.0
315.0,99.0,482.0,524.0,347.0
469.0,67.0,686.0,220.0,318.0
307.0,92.0,267.0,601.0,465.0
273.0,125.0,389.0,294.0,245.0
409.0,62.0,450.0,121.0,233.0
497.0,91.0,785.0,335.0,318.0
456.0,159.0,510.0,353.0,728.0
291.0,102.0,363.0,336.0,398.0
392.0,113.0,512.0,155.0,441.0
252.0,206.0,310.0,275.0,475.0
701.0,135.0,368.0,268.0,333.0
288.0,219.0,368.0,191.0,214.0
431.0,207.0,438.0,283.0,302.0
364.0,58.0,302.0,190.0,264.0
206.0,73.0,322.0,217.0,530.0
425.0,90.0,228.0,97.0,390.0
467.0,71.0,476.0,192.0,395.0
206.0,114.0,361.0,426.0,612.0
619.0,70.0,431.0,639.0,568.0
471.0,113.0,505.0,315.0,468.0
296.0,169.0,556.0,353.0,503.0
488.0,133.0,575.0,275.0,591.0
339.0,82.0,447.0,639.0,463.0
394.0,134.0,509.0,308.0,536.0
410.0,203.0,421.0,335.0,465.0
291.0,91.0,764.0,146.0,123.0
270.0,132.0,438.0,430.0,271.0
491.0,40.0,447.0,146.0,300.0
506.0,76.0,509.0,330.0,418.0
273.0,140.0,819.0,106.0,427.0
434.0,113.0,397.0,782.0,434.0
456.0,134.0,302.0,232.0,292.0
539.0,98.0,512.0,353.0,503.0
927.0,76.0,505.0,97.0,303.0
183.0,206.0,365.0,359.0,476.0
184.0,171.0,315.0,155.0,199.0
413.0,195.0,351.0,296.0,400.0
291.0,169.0,488.0,304.0,333.0
326.0,108.0,496.0,316.0,53.0
539.0,99.0,576.0,226.0,333.0
522.0,121.0,342.0,153.0,395.0
190.0,105.0,363.0,491.0,392.0
192.0,132.0,405.0,241.0,531.0
417.0,44.0,410.0,200.0,302.0
434.0,171.0,339.0,315.0,504.0
259.0,0.0,450.0,226.0,389.0
301.0,102.0,429.0,223.0,883.0
692.0,146.0,570.0,218.0,233.0
242.0,171.0,567.0,359.0,278.0
365.0,104.0,661.0,184.0,264.0
184.0,121.0,357.0,184.0,214.0
542.0,102.0,513.0,226.0,296.0
164.0,0.0,340.0,343.0,398.0
183.0,106.0,525.0,262.0,421.0
569.0,36.0,411.0,178.0,333.0
409.0,118.0,539.0,184.0,223.0
448.0,102.0,785.0,83.0,456.0
297.0,132.0,114.0,424.0,420.0
164.0,113.0,364.0,275.0,327.0
302.0,96.0,430.0,311.0,98.0
294.0,106.0,573.0,349.0,580.0
292.0,105.0,514.0,958.0,504.0
252.0,105.0,361.0,257.0,298.0
270.0,0.0,450.0,184.0,332.0
513.0,110.0,339.0,647.0,568.0
241.0,118.0,448.0,343.0,421.0
574.0,98.0,421.0,361.0,453.0
373.0,90.0,512.0,223.0,296.0
320.0,102.0,806.0,276.0,367.0
183.0,170.0,114.0,647.0,0.0
502.0,102.0,554.0,353.0,367.0
184.0,126.0,431.0,333.0,582.0
424.0,195.0,361.0,432.0,568.0
331.0,93.0,386.0,347.0,398.0
410.0,85.0,430.0,276.0,394.0
262.0,73.0,322.0,223.0,390.0
232.0,106.0,524.0,97.0,245.0
409.0,101.0,450.0,93.0,377.0
410.0,14.0,245.0,601.0,549.0
252.0,107.0,513.0,106.0,284.0
516.0,169.0,361.0,109.0,167.0
206.0,82.0,170.0,625.0,486.0
294.0,105.0,366.0,356.0,523.0
365.0,143.0,448.0,347.0,495.0
506.0,71.0,402.0,155.0,257.0
457.0,76.0,379.0,343.0,512.0
455.0,170.0,582.0,343.0,503.0
238.0,99.0,489.0,359.0,580.0
425.0,90.0,506.0,622.0,438.0
312.0,168.0,748.0,178.0,517.0
413.0,112.0,405.0,191.0,333.0
344.0,84.0,357.0,219.0,418.0
425.0,95.0,658.0,110.0,531.0
296.0,156.0,364.0,195.0,406.0
504.0,95.0,386.0,226.0,195.0
241.0,68.0,450.0,286.0,588.0
424.0,95.0,340.0,337.0,347.0
285.0,198.0,351.0,184.0,278.0
157.0,76.0,135.0,249.0,434.0
370.0,100.0,496.0,247.0,335.0
297.0,107.0,538.0,361.0,427.0
409.0,126.0,543.0,414.0,469.0
232.0,73.0,365.0,361.0,517.0
390.0,58.0,223.0,168.0,404.0
285.0,76.0,363.0,718.0,256.0
252.0,206.0,322.0,155.0,245.0
296.0,136.0,23.0,94.0,339.0
563.0,91.0,660.0,371.0,468.0
668.0,107.0,226.0,283.0,271.0
206.0,113.0,286.0,110.0,187.0
301.0,9.0,389.0,525.0,515.0
307.0,73.0,539.0,226.0,438.0
403.0,143.0,322.0,218.0,303.0
373.0,168.0,999.0,518.0,503.0
434.0,100.0,164.0,344.0,296.0
471.0,91.0,0.0,0.0,263.0
302.0,73.0,411.0,113.0,98.0
520.0,67.0,340.0,123.0,292.0
362.0,105.0,322.0,286.0,339.0
400.0,124.0,560.0,311.0,292.0
409.0,118.0,114.0,113.0,97.0
455.0,40.0,328.0,424.0,223.0
300.0,62.0,426.0,129.0,123.0
373.0,108.0,410.0,304.0,367.0
339.0,209.0,514.0,288.0,282.0
502.0,168.0,572.0,217.0,511.0
516.0,91.0,377.0,515.0,454.0
458.0,57.0,482.0,226.0,124.0
172.0,118.0,660.0,155.0,427.0
292.0,209.0,365.0,288.0,261.0
467.0,102.0,402.0,146.0,302.0
458.0,136.0,422.0,81.0,389.0
765.0,209.0,267.0,227.0,407.0
216.0,96.0,726.0,333.0,146.0
329.0,140.0,429.0,155.0,284.0
447.0,133.0,512.0,678.0,531.0
183.0,87.0,525.0,296.0,498.0
301.0,95.0,466.0,353.0,261.0
307.0,143.0,328.0,491.0,421.0
259.0,106.0,525.0,155.0,263.0
373.0,203.0,526.0,223.0,225.0
457.0,121.0,512.0,337.0,424.0
308.0,44.0,310.0,518.0,588.0
251.0,87.0,468.0,333.0,580.0
354.0,106.0,397.0,330.0,436.0
504.0,207.0,764.0,337.0,419.0
488.0,132.0,322.0,999.0,999.0
488.0,129.0,999.0,315.0,404.0
569.0,44.0,511.0,296.0,591.0
191.0,139.0,575.0,223.0,476.0
238.0,198.0,386.0,130.0,150.0
157.0,18.0,511.0,359.0,434.0
519.0,85.0,363.0,166.0,263.0
289.0,149.0,603.0,106.0,223.0
508.0,115.0,567.0,318.0,419.0
236.0,138.0,661.0,386.0,421.0
275.0,156.0,554.0,223.0,271.0
252.0,40.0,585.0,223.0,405.0
256.0,105.0,514.0,359.0,618.0
690.0,58.0,489.0,504.0,300.0
339.0,106.0,419.0,449.0,502.0
184.0,90.0,411.0,166.0,504.0
365.0,115.0,385.0,155.0,223.0
373.0,90.0,509.0,315.0,406.0
471.0,67.0,543.0,192.0,341.0
149.0,40.0,357.0,626.0,228.0
111.0,194.0,512.0,441.0,475.0
149.0,38.0,93.0,608.0,217.0
690.0,171.0,351.0,296.0,377.0
494.0,108.0,334.0,242.0,332.0
365.0,140.0,806.0,469.0,591.0
307.0,71.0,482.0,515.0,427.0
410.0,91.0,526.0,195.0,339.0
302.0,58.0,302.0,129.0,98.0
494.0,198.0,267.0,579.0,284.0
209.0,93.0,575.0,625.0,486.0
392.0,149.0,322.0,223.0,618.0
296.0,177.0,436.0,622.0,512.0
471.0,13.0,417.0,83.0,530.0
542.0,102.0,351.0,202.0,438.0
690.0,138.0,442.0,43.0,233.0
390.0,82.0,361.0,504.0,438.0
262.0,87.0,378.0,424.0,421.0
242.0,82.0,553.0,154.0,453.0
395.0,247.0,567.0,168.0,531.0
516.0,111.0,512.0,145.0,217.0
519.0,108.0,509.0,370.0,498.0
395.0,90.0,572.0,328.0,569.0
556.0,115.0,30.0,625.0,391.0
236.0,184.0,453.0,191.0,302.0
513.0,90.0,377.0,411.0,493.0
300.0,68.0,512.0,297.0,453.0
362.0,91.0,429.0,190.0,284.0
513.0,91.0,453.0,94.0,512.0
259.0,125.0,234.0,359.0,469.0
315.0,57.0,361.0,94.0,146.0
516.0,124.0,573.0,283.0,530.0
294.0,106.0,368.0,184.0,300.0
288.0,223.0,505.0,337.0,427.0
464.0,91.0,347.0,515.0,503.0
178.0,52.0,397.0,311.0,420.0
172.0,70.0,351.0,338.0,398.0
339.0,138.0,543.0,155.0,263.0
295.0,115.0,402.0,276.0,225.0
266.0,89.0,188.0,366.0,293.0
190.0,93.0,581.0,410.0,475.0
300.0,102.0,256.0,218.0,530.0
191.0,62.0,819.0,353.0,395.0
89.0,67.0,322.0,286.0,502.0
370.0,96.0,541.0,99.0,228.0
308.0,126.0,661.0,639.0,446.0
242.0,133.0,484.0,184.0,232.0
410.0,140.0,0.0,219.0,327.0
638.0,135.0,540.0,622.0,335.0
364.0,57.0,431.0,190.0,339.0
522.0,170.0,448.0,218.0,268.0
409.0,109.0,265.0,515.0,233.0
289.0,116.0,368.0,311.0,427.0
455.0,36.0,538.0,304.0,523.0
252.0,0.0,397.0,524.0,404.0
242.0,149.0,334.0,639.0,580.0
237.0,40.0,397.0,461.0,530.0
206.0,249.0,429.0,283.0,517.0
502.0,91.0,512.0,275.0,363.0
381.0,116.0,534.0,154.0,146.0
0.0,183.0,328.0,361.0,517.0
668.0,82.0,245.0,469.0,486.0
506.0,195.0,334.0,153.0,124.0
491.0,90.0,490.0,518.0,454.0
331.0,121.0,361.0,0.0,0.0
296.0,86.0,510.0,155.0,475.0
278.0,138.0,626.0,625.0,191.0
373.0,90.0,582.0,386.0,335.0
294.0,76.0,619.0,113.0,217.0
690.0,97.0,322.0,275.0,303.0
502.0,80.0,872.0,288.0,431.0
111.0,62.0,357.0,353.0,468.0
455.0,52.0,327.0,81.0,367.0
262.0,140.0,366.0,370.0,308.0
216.0,106.0,509.0,335.0,465.0
569.0,115.0,226.0,275.0,580.0
291.0,106.0,484.0,195.0,502.0
278.0,96.0,525.0,343.0,367.0
337.0,107.0,265.0,275.0,255.0
480.0,97.0,419.0,286.0,580.0
184.0,90.0,511.0,491.0,449.0
164.0,90.0,310.0,129.0,394.0
365.0,90.0,256.0,330.0,391.0
278.0,96.0,402.0,294.0,306.0
237.0,90.0,431.0,263.0,339.0
506.0,110.0,327.0,99.0,195.0
516.0,106.0,411.0,247.0,327.0
473.0,90.0,410.0,504.0,606.0
216.0,73.0,234.0,337.0,486.0
692.0,110.0,575.0,441.0,476.0
542.0,92.0,496.0,223.0,303.0
241.0,93.0,660.0,123.0,320.0
644.0,87.0,660.0,330.0,517.0
480.0,0.0,660.0,275.0,571.0
425.0,126.0,447.0,426.0,376.0
491.0,100.0,489.0,304.0,495.0
252.0,110.0,363.0,308.0,377.0
390.0,93.0,448.0,94.0,208.0
448.0,111.0,610.0,190.0,367.0
278.0,82.0,524.0,449.0,452.0
332.0,95.0,660.0,311.0,436.0
252.0,138.0,426.0,371.0,320.0
425.0,115.0,170.0,184.0,98.0
520.0,209.0,468.0,191.0,358.0
337.0,90.0,280.0,132.0,261.0
390.0,249.0,468.0,353.0,534.0
410.0,209.0,385.0,276.0,308.0
390.0,159.0,322.0,63.0,124.0
157.0,108.0,429.0,294.0,469.0
471.0,145.0,488.0,424.0,463.0
449.0,121.0,135.0,443.0,523.0
425.0,156.0,327.0,304.0,302.0
457.0,159.0,872.0,83.0,245.0
285.0,68.0,506.0,424.0,618.0
294.0,67.0,575.0,328.0,446.0
193.0,93.0,334.0,226.0,257.0
449.0,129.0,466.0,370.0,453.0
237.0,53.0,170.0,106.0,465.0
190.0,132.0,554.0,335.0,225.0
508.0,105.0,621.0,782.0,517.0
500.0,170.0,576.0,155.0,569.0
506.0,125.0,417.0,330.0,419.0
458.0,102.0,265.0,595.0,456.0
569.0,90.0,490.0,411.0,332.0
390.0,143.0,339.0,504.0,292.0
237.0,88.0,482.0,579.0,504.0
292.0,146.0,482.0,316.0,65.0
467.0,71.0,265.0,518.0,225.0
337.0,38.0,490.0,999.0,999.0
473.0,168.0,442.0,109.0,124.0
999.0,132.0,363.0,218.0,223.0
434.0,82.0,686.0,999.0,591.0
238.0,93.0,506.0,528.0,303.0
320.0,87.0,509.0,414.0,465.0
0.0,100.0,405.0,386.0,468.0
999.0,109.0,505.0,223.0,628.0
392.0,109.0,366.0,81.0,490.0
585.0,118.0,574.0,349.0,421.0
307.0,40.0,322.0,226.0,233.0
237.0,96.0,347.0,106.0,229.0
236.0,134.0,226.0,191.0,333.0
469.0,126.0,695.0,94.0,223.0
513.0,13.0,366.0,106.0,256.0
266.0,66.0,0.0,132.0,208.0
508.0,134.0,511.0,178.0,97.0
467.0,79.0,328.0,288.0,346.0
999.0,116.0,514.0,343.0,367.0
434.0,96.0,402.0,132.0,100.0
417.0,140.0,514.0,469.0,503.0
216.0,118.0,450.0,410.0,406.0
300.0,121.0,524.0,461.0,427.0
209.0,132.0,501.0,424.0,517.0
300.0,100.0,328.0,268.0,588.0
556.0,100.0,328.0,501.0,531.0
216.0,96.0,402.0,219.0,308.0
152.0,115.0,658.0,311.0,421.0
296.0,219.0,512.0,518.0,549.0
184.0,106.0,322.0,411.0,588.0
184.0,169.0,426.0,97.0,284.0
246.0,65.0,501.0,123.0,271.0
0.0,207.0,228.0,154.0,406.0
242.0,177.0,377.0,359.0,264.0
448.0,200.0,378.0,43.0,456.0
392.0,44.0,539.0,316.0,536.0
449.0,219.0,460.0,424.0,405.0
392.0,58.0,393.0,782.0,376.0
410.0,206.0,512.0,333.0,346.0
209.0,107.0,431.0,275.0,229.0
630.0,57.0,450.0,145.0,0.0
206.0,132.0,489.0,296.0,523.0
520.0,90.0,340.0,184.0,217.0
291.0,102.0,496.0,318.0,300.0
192.0,107.0,660.0,289.0,347.0
184.0,96.0,322.0,622.0,390.0
410.0,132.0,228.0,94.0,468.0
448.0,132.0,506.0,94.0,97.0
183.0,283.0,310.0,283.0,398.0
289.0,134.0,621.0,390.0,407.0
191.0,105.0,192.0,518.0,511.0
184.0,134.0,234.0,110.0,25.0
300.0,145.0,361.0,359.0,465.0
0.0,115.0,488.0,424.0,245.0
410.0,223.0,357.0,311.0,353.0
296.0,106.0,347.0,328.0,456.0
238.0,113.0,426.0,283.0,284.0
373.0,171.0,411.0,524.0,515.0
289.0,96.0,426.0,283.0,303.0
381.0,89.0,402.0,411.0,515.0
392.0,106.0,30.0,268.0,271.0
251.0,87.0,514.0,328.0,512.0
690.0,106.0,460.0,184.0,100.0
192.0,115.0,361.0,202.0,282.0
273.0,106.0,509.0,217.0,511.0
302.0,89.0,660.0,384.0,502.0
259.0,92.0,322.0,166.0,124.0
464.0,118.0,582.0,223.0,232.0
497.0,71.0,661.0,424.0,167.0
300.0,91.0,402.0,109.0,284.0
172.0,115.0,327.0,515.0,421.0
242.0,90.0,510.0,408.0,167.0
392.0,135.0,389.0,275.0,611.0
467.0,140.0,422.0,190.0,302.0
266.0,136.0,334.0,146.0,167.0
270.0,133.0,677.0,217.0,308.0
232.0,92.0,430.0,153.0,333.0
183.0,95.0,347.0,223.0,390.0
508.0,76.0,347.0,384.0,335.0
285.0,101.0,422.0,286.0,284.0
403.0,105.0,379.0,43.0,490.0
619.0,200.0,543.0,999.0,538.0
505.0,106.0,524.0,195.0,98.0
434.0,62.0,512.0,443.0,468.0
508.0,118.0,661.0,504.0,407.0
403.0,120.0,405.0,335.0,391.0
585.0,145.0,572.0,304.0,468.0
339.0,126.0,506.0,97.0,419.0
297.0,106.0,342.0,625.0,384.0
542.0,132.0,525.0,268.0,298.0
449.0,91.0,398.0,249.0,401.0
246.0,40.0,402.0,318.0,341.0
184.0,9.0,379.0,223.0,245.0
191.0,132.0,801.0,249.0,282.0
192.0,97.0,658.0,410.0,468.0
478.0,247.0,575.0,81.0,195.0
395.0,111.0,228.0,625.0,333.0
522.0,82.0,417.0,625.0,523.0
494.0,109.0,361.0,336.0,411.0
262.0,132.0,511.0,411.0,515.0
519.0,197.0,114.0,223.0,282.0
410.0,207.0,226.0,424.0,454.0
331.0,106.0,361.0,678.0,523.0
502.0,71.0,560.0,424.0,390.0
354.0,219.0,275.0,195.0,271.0
329.0,207.0,466.0,146.0,449.0
201.0,247.0,436.0,94.0,728.0
411.0,86.0,164.0,153.0,97.0
410.0,106.0,626.0,639.0,420.0
252.0,73.0,442.0,432.0,438.0
692.0,120.0,543.0,518.0,263.0
312.0,99.0,267.0,408.0,406.0
542.0,106.0,572.0,94.0,389.0
410.0,283.0,431.0,349.0,438.0
89.0,121.0,466.0,130.0,353.0
297.0,58.0,442.0,270.0,245.0
574.0,256.0,512.0,579.0,401.0
275.0,120.0,556.0,318.0,511.0
542.0,85.0,56.0,333.0,264.0
394.0,125.0,421.0,337.0,498.0
206.0,209.0,442.0,262.0,511.0
765.0,249.0,363.0,40.0,453.0
289.0,159.0,526.0,121.0,217.0
252.0,105.0,525.0,347.0,568.0
516.0,95.0,366.0,97.0,232.0
184.0,93.0,677.0,145.0,223.0
294.0,193.0,450.0,304.0,229.0
192.0,134.0,448.0,275.0,523.0
339.0,102.0,378.0,343.0,419.0
390.0,133.0,379.0,223.0,296.0
236.0,79.0,735.0,311.0,407.0
481.0,256.0,429.0,242.0,223.0
183.0,106.0,505.0,283.0,252.0
434.0,177.0,421.0,184.0,395.0
392.0,0.0,393.0,168.0,223.0
520.0,84.0,512.0,300.0,333.0
410.0,249.0,511.0,218.0,394.0
294.0,109.0,361.0,469.0,427.0
236.0,93.0,567.0,353.0,268.0
191.0,104.0,576.0,83.0,123.0
395.0,73.0,368.0,220.0,427.0
409.0,139.0,164.0,189.0,191.0
395.0,125.0,512.0,626.0,229.0
455.0,175.0,567.0,333.0,392.0
395.0,13.0,556.0,304.0,427.0
152.0,67.0,509.0,316.0,282.0
392.0,108.0,573.0,410.0,468.0
381.0,111.0,234.0,356.0,232.0
746.0,89.0,726.0,424.0,606.0
502.0,168.0,429.0,286.0,394.0
191.0,107.0,506.0,192.0,300.0
411.0,113.0,280.0,333.0,612.0
563.0,183.0,363.0,328.0,569.0
431.0,109.0,489.0,458.0,377.0
506.0,118.0,525.0,625.0,452.0
425.0,102.0,188.0,625.0,538.0
307.0,84.0,402.0,336.0,591.0
364.0,91.0,541.0,190.0,465.0
251.0,256.0,509.0,601.0,568.0
644.0,138.0,660.0,504.0,512.0
190.0,51.0,447.0,424.0,468.0
504.0,65.0,525.0,315.0,398.0
0.0,140.0,553.0,353.0,493.0
275.0,198.0,366.0,106.0,367.0
488.0,67.0,806.0,97.0,531.0
193.0,126.0,402.0,300.0,401.0
241.0,53.0,265.0,275.0,468.0
184.0,106.0,398.0,319.0,468.0
638.0,92.0,554.0,178.0,302.0
157.0,89.0,488.0,441.0,335.0
178.0,161.0,511.0,226.0,214.0
425.0,36.0,378.0,315.0,377.0
522.0,96.0,541.0,195.0,384.0
241.0,70.0,575.0,999.0,517.0
292.0,146.0,581.0,294.0,588.0
381.0,126.0,411.0,678.0,300.0
164.0,76.0,525.0,439.0,456.0
159.0,110.0,245.0,99.0,308.0
630.0,106.0,384.0,524.0,569.0
469.0,100.0,785.0,283.0,225.0
619.0,118.0,411.0,178.0,353.0
237.0,138.0,426.0,469.0,424.0
410.0,118.0,280.0,155.0,404.0
333.0,102.0,581.0,390.0,327.0
315.0,85.0,450.0,284.0,282.0
149.0,171.0,539.0,469.0,469.0
308.0,76.0,489.0,390.0,523.0
251.0,138.0,660.0,595.0,530.0
206.0,40.0,245.0,275.0,568.0
417.0,146.0,245.0,182.0,419.0
359.0,95.0,540.0,177.0,214.0
206.0,175.0,560.0,625.0,434.0
291.0,108.0,466.0,430.0,332.0
228.0,138.0,539.0,328.0,282.0
295.0,106.0,726.0,338.0,282.0
289.0,86.0,366.0,999.0,999.0
273.0,136.0,638.0,155.0,284.0
270.0,73.0,819.0,411.0,420.0
447.0,200.0,443.0,166.0,293.0
9.0,105.0,410.0,390.0,499.0
497.0,102.0,525.0,524.0,530.0
448.0,73.0,267.0,432.0,530.0
252.0,139.0,426.0,318.0,367.0
252.0,106.0,377.0,223.0,187.0
292.0,57.0,482.0,330.0,421.0
256.0,118.0,226.0,300.0,452.0
315.0,86.0,574.0,286.0,376.0
152.0,132.0,328.0,262.0,475.0
373.0,198.0,327.0,414.0,571.0
390.0,93.0,514.0,178.0,502.0
333.0,107.0,267.0,113.0,217.0
320.0,207.0,509.0,625.0,618.0
505.0,112.0,310.0,999.0,504.0
471.0,82.0,514.0,525.0,456.0
331.0,67.0,379.0,262.0,347.0
270.0,125.0,466.0,343.0,407.0
542.0,110.0,256.0,410.0,335.0
403.0,99.0,543.0,371.0,411.0
619.0,93.0,489.0,129.0,261.0
431.0,113.0,399.0,347.0,400.0
395.0,71.0,581.0,192.0,175.0
508.0,118.0,411.0,458.0,695.0
638.0,130.0,371.0,308.0,353.0
395.0,66.0,402.0,286.0,347.0
458.0,113.0,496.0,132.0,405.0
497.0,73.0,488.0,94.0,468.0
394.0,100.0,447.0,177.0,517.0
746.0,175.0,496.0,353.0,376.0
238.0,132.0,582.0,192.0,225.0
504.0,65.0,334.0,333.0,271.0
403.0,62.0,705.0,218.0,252.0
273.0,107.0,265.0,361.0,499.0
364.0,146.0,660.0,524.0,284.0
457.0,0.0,340.0,223.0,256.0
252.0,110.0,442.0,262.0,465.0
159.0,53.0,524.0,315.0,398.0
542.0,67.0,30.0,284.0,502.0
344.0,134.0,575.0,190.0,217.0
392.0,76.0,347.0,353.0,569.0
644.0,111.0,379.0,356.0,208.0
539.0,96.0,340.0,336.0,214.0
539.0,98.0,448.0,275.0,377.0
481.0,118.0,539.0,318.0,493.0
488.0,73.0,538.0,223.0,395.0
331.0,97.0,556.0,81.0,468.0
410.0,97.0,748.0,43.0,282.0
434.0,102.0,405.0,297.0,268.0
241.0,132.0,280.0,390.0,404.0
301.0,104.0,581.0,359.0,434.0
307.0,0.0,573.0,411.0,511.0
206.0,14.0,443.0,40.0,544.0
425.0,102.0,872.0,226.0,298.0
241.0,112.0,476.0,304.0,517.0
270.0,102.0,402.0,356.0,553.0
339.0,102.0,442.0,424.0,346.0
191.0,111.0,363.0,184.0,232.0
237.0,71.0,489.0,94.0,300.0
307.0,93.0,468.0,315.0,468.0
456.0,67.0,660.0,184.0,223.0
320.0,40.0,447.0,390.0,187.0
291.0,68.0,509.0,318.0,407.0
244.0,101.0,556.0,110.0,327.0
480.0,58.0,30.0,97.0,544.0
999.0,133.0,429.0,626.0,353.0
184.0,177.0,322.0,337.0,303.0
308.0,0.0,660.0,353.0,728.0
246.0,105.0,286.0,408.0,431.0
292.0,207.0,603.0,311.0,499.0
392.0,67.0,862.0,353.0,463.0
505.0,171.0,267.0,81.0,245.0
89.0,106.0,496.0,639.0,568.0
285.0,106.0,658.0,353.0,463.0
301.0,40.0,525.0,518.0,476.0
315.0,45.0,862.0,263.0,245.0
206.0,147.0,422.0,328.0,465.0
216.0,99.0,361.0,424.0,568.0
288.0,138.0,322.0,338.0,394.0
464.0,129.0,560.0,958.0,517.0
0.0,184.0,999.0,625.0,498.0
308.0,132.0,328.0,130.0,233.0
410.0,248.0,576.0,518.0,390.0
505.0,209.0,505.0,304.0,333.0
508.0,140.0,443.0,223.0,401.0
473.0,44.0,489.0,343.0,530.0
183.0,73.0,192.0,424.0,456.0
192.0,73.0,364.0,304.0,298.0
449.0,106.0,511.0,129.0,303.0
159.0,140.0,505.0,226.0,611.0
206.0,112.0,250.0,426.0,233.0
508.0,71.0,466.0,69.0,167.0
519.0,58.0,450.0,283.0,476.0
295.0,120.0,442.0,424.0,225.0
246.0,76.0,735.0,178.0,208.0
469.0,71.0,610.0,40.0,332.0
457.0,113.0,402.0,411.0,517.0
449.0,118.0,505.0,283.0,232.0
491.0,111.0,626.0,155.0,245.0
505.0,38.0,573.0,359.0,618.0
184.0,110.0,170.0,97.0,225.0
502.0,53.0,556.0,622.0,517.0
690.0,58.0,368.0,347.0,404.0
297.0,184.0,442.0,349.0,530.0
333.0,115.0,431.0,344.0,449.0
556.0,58.0,411.0,184.0,367.0
411.0,102.0,402.0,138.0,346.0
425.0,91.0,365.0,306.0,419.0
409.0,198.0,511.0,343.0,419.0
409.0,66.0,578.0,223.0,493.0
392.0,66.0,578.0,359.0,229.0
392.0,262.0,421.0,195.0,401.0
373.0,207.0,234.0,196.0,406.0
361.0,143.0,421.0,217.0,476.0
373.0,102.0,705.0,43.0,25.0
252.0,110.0,340.0,63.0,65.0
458.0,96.0,573.0,286.0,536.0
508.0,203.0,322.0,192.0,628.0
331.0,102.0,417.0,491.0,456.0
506.0,53.0,585.0,622.0,333.0
312.0,146.0,496.0,184.0,268.0
251.0,126.0,510.0,192.0,339.0
364.0,168.0,621.0,361.0,310.0
636.0,209.0,364.0,343.0,618.0
252.0,68.0,735.0,196.0,486.0
497.0,125.0,567.0,647.0,728.0
480.0,115.0,265.0,474.0,495.0
344.0,116.0,361.0,242.0,389.0
458.0,136.0,513.0,356.0,392.0
266.0,207.0,398.0,184.0,456.0
425.0,90.0,426.0,284.0,333.0
332.0,106.0,567.0,109.0,618.0
241.0,14.0,543.0,146.0,346.0
473.0,95.0,540.0,328.0,498.0
373.0,70.0,442.0,109.0,53.0
692.0,36.0,386.0,458.0,395.0
500.0,52.0,575.0,335.0,469.0
364.0,138.0,484.0,386.0,146.0
455.0,121.0,310.0,432.0,98.0
295.0,115.0,417.0,126.0,553.0
183.0,223.0,735.0,268.0,465.0
392.0,67.0,322.0,195.0,284.0
999.0,90.0,554.0,283.0,284.0
285.0,91.0,488.0,311.0,347.0
410.0,82.0,585.0,501.0,591.0
765.0,82.0,496.0,443.0,553.0
307.0,76.0,431.0,156.0,419.0
395.0,136.0,340.0,353.0,404.0
315.0,80.0,377.0,626.0,530.0
315.0,156.0,402.0,626.0,341.0
394.0,88.0,660.0,410.0,400.0
252.0,38.0,448.0,191.0,271.0
434.0,109.0,417.0,270.0,65.0
270.0,67.0,228.0,361.0,517.0
424.0,65.0,539.0,220.0,434.0
508.0,171.0,489.0,202.0,284.0
183.0,171.0,393.0,338.0,268.0
190.0,134.0,442.0,202.0,591.0
237.0,140.0,327.0,106.0,404.0
394.0,106.0,512.0,154.0,195.0
193.0,80.0,695.0,524.0,97.0
216.0,90.0,363.0,439.0,427.0
302.0,65.0,506.0,129.0,465.0
291.0,100.0,764.0,286.0,332.0
619.0,171.0,364.0,443.0,553.0
425.0,73.0,578.0,126.0,454.0
500.0,100.0,377.0,353.0,427.0
209.0,80.0,385.0,330.0,446.0
307.0,38.0,525.0,328.0,544.0
381.0,168.0,585.0,328.0,308.0
520.0,71.0,525.0,219.0,498.0
270.0,168.0,379.0,184.0,883.0
410.0,92.0,357.0,336.0,490.0
424.0,146.0,361.0,226.0,293.0
216.0,145.0,30.0,430.0,530.0
292.0,96.0,524.0,145.0,377.0
999.0,90.0,575.0,347.0,568.0
373.0,90.0,226.0,336.0,320.0
585.0,106.0,448.0,595.0,530.0
270.0,130.0,512.0,330.0,327.0
690.0,80.0,223.0,153.0,263.0
500.0,209.0,490.0,432.0,320.0
339.0,169.0,386.0,289.0,530.0
701.0,38.0,280.0,195.0,407.0
403.0,115.0,621.0,353.0,441.0
410.0,86.0,488.0,461.0,493.0
285.0,13.0,361.0,315.0,486.0
425.0,118.0,524.0,311.0,456.0
447.0,90.0,188.0,311.0,332.0
295.0,40.0,448.0,223.0,454.0
332.0,97.0,567.0,223.0,310.0
480.0,98.0,368.0,353.0,427.0
425.0,175.0,368.0,424.0,468.0
513.0,71.0,430.0,106.0,232.0
471.0,92.0,585.0,491.0,530.0
228.0,106.0,405.0,249.0,256.0
400.0,109.0,371.0,424.0,421.0
297.0,200.0,512.0,999.0,284.0
362.0,100.0,363.0,40.0,568.0
172.0,90.0,0.0,223.0,257.0
434.0,36.0,512.0,40.0,298.0
425.0,99.0,524.0,286.0,214.0
266.0,132.0,334.0,311.0,695.0
206.0,206.0,660.0,333.0,475.0
746.0,209.0,496.0,304.0,292.0
236.0,115.0,361.0,146.0,228.0
241.0,107.0,506.0,263.0,449.0
359.0,168.0,442.0,333.0,405.0
395.0,114.0,429.0,411.0,569.0
331.0,106.0,447.0,184.0,310.0
449.0,100.0,450.0,356.0,463.0
252.0,171.0,256.0,424.0,453.0
619.0,105.0,192.0,304.0,367.0
394.0,67.0,245.0,411.0,233.0
251.0,66.0,430.0,366.0,536.0
307.0,82.0,539.0,109.0,284.0
999.0,71.0,56.0,226.0,377.0
504.0,118.0,543.0,525.0,628.0
294.0,132.0,411.0,626.0,591.0
494.0,96.0,23.0,166.0,97.0
424.0,143.0,250.0,366.0,495.0
395.0,147.0,610.0,155.0,346.0
630.0,114.0,705.0,356.0,544.0
425.0,113.0,322.0,296.0,261.0
542.0,193.0,999.0,647.0,569.0
456.0,194.0,327.0,343.0,544.0
183.0,108.0,430.0,356.0,303.0
390.0,108.0,430.0,366.0,405.0
506.0,85.0,785.0,601.0,544.0
455.0,76.0,543.0,390.0,306.0
237.0,249.0,801.0,518.0,411.0
266.0,106.0,361.0,474.0,463.0
297.0,116.0,603.0,319.0,502.0
302.0,175.0,322.0,220.0,292.0
481.0,121.0,489.0,370.0,463.0
206.0,145.0,512.0,257.0,728.0
692.0,86.0,286.0,249.0,257.0
425.0,121.0,364.0,439.0,327.0
329.0,169.0,327.0,336.0,606.0
183.0,135.0,574.0,232.0,511.0
395.0,18.0,801.0,311.0,306.0
395.0,106.0,534.0,304.0,376.0
307.0,76.0,228.0,328.0,523.0
251.0,82.0,512.0,330.0,347.0
184.0,132.0,661.0,155.0,252.0
448.0,121.0,340.0,353.0,427.0
241.0,126.0,540.0,608.0,536.0
273.0,198.0,114.0,361.0,431.0
307.0,82.0,334.0,414.0,495.0
251.0,99.0,361.0,191.0,284.0
692.0,65.0,302.0,622.0,612.0
542.0,109.0,513.0,349.0,229.0
668.0,136.0,575.0,370.0,293.0
508.0,161.0,510.0,518.0,530.0
184.0,140.0,368.0,200.0,418.0
339.0,170.0,539.0,247.0,97.0
506.0,86.0,378.0,625.0,531.0
172.0,125.0,660.0,297.0,502.0
434.0,67.0,250.0,328.0,587.0
236.0,129.0,398.0,184.0,293.0
417.0,126.0,170.0,130.0,245.0
491.0,219.0,496.0,336.0,611.0
289.0,115.0,23.0,123.0,431.0
364.0,112.0,748.0,311.0,498.0
392.0,133.0,505.0,184.0,298.0
457.0,67.0,573.0,106.0,0.0
425.0,200.0,575.0,113.0,228.0
244.0,40.0,540.0,384.0,468.0
339.0,71.0,582.0,474.0,592.0
285.0,112.0,363.0,353.0,465.0
556.0,132.0,363.0,718.0,588.0
289.0,125.0,342.0,601.0,606.0
539.0,100.0,576.0,145.0,191.0
333.0,154.0,726.0,220.0,611.0
505.0,97.0,576.0,166.0,264.0
381.0,149.0,603.0,223.0,503.0
434.0,91.0,661.0,958.0,499.0
506.0,102.0,489.0,336.0,628.0
630.0,134.0,539.0,83.0,264.0
469.0,147.0,660.0,390.0,229.0
206.0,40.0,250.0,177.0,124.0
275.0,114.0,525.0,284.0,404.0
692.0,40.0,525.0,338.0,264.0
241.0,67.0,265.0,270.0,335.0
478.0,129.0,365.0,218.0,284.0
193.0,106.0,560.0,306.0,427.0
232.0,110.0,328.0,155.0,245.0
425.0,156.0,581.0,304.0,358.0
449.0,73.0,539.0,99.0,221.0
516.0,108.0,785.0,426.0,264.0
413.0,108.0,334.0,69.0,100.0
455.0,200.0,417.0,469.0,504.0
238.0,100.0,402.0,69.0,327.0
424.0,98.0,442.0,432.0,512.0
262.0,247.0,429.0,424.0,199.0
502.0,140.0,695.0,333.0,456.0
425.0,161.0,443.0,145.0,264.0
381.0,93.0,484.0,335.0,452.0
333.0,71.0,453.0,386.0,367.0
395.0,149.0,567.0,359.0,346.0
690.0,98.0,363.0,283.0,465.0
373.0,73.0,384.0,524.0,332.0
425.0,209.0,567.0,294.0,389.0
636.0,53.0,386.0,94.0,264.0
539.0,67.0,384.0,286.0,502.0
252.0,135.0,361.0,263.0,308.0
307.0,95.0,228.0,308.0,401.0
473.0,90.0,30.0,318.0,431.0
746.0,126.0,686.0,191.0,391.0
236.0,193.0,726.0,218.0,398.0
410.0,247.0,389.0,283.0,282.0
701.0,249.0,322.0,200.0,498.0
320.0,68.0,363.0,338.0,571.0
237.0,126.0,426.0,515.0,612.0
519.0,193.0,286.0,154.0,406.0
183.0,194.0,93.0,390.0,591.0
362.0,92.0,553.0,93.0,298.0
395.0,146.0,660.0,275.0,530.0
296.0,113.0,436.0,328.0,469.0
206.0,13.0,482.0,247.0,446.0
505.0,98.0,466.0,195.0,536.0
381.0,73.0,378.0,283.0,341.0
513.0,65.0,466.0,308.0,318.0
539.0,100.0,442.0,177.0,419.0
252.0,105.0,397.0,958.0,377.0
362.0,58.0,377.0,622.0,495.0
765.0,90.0,603.0,81.0,175.0
157.0,121.0,574.0,639.0,282.0
209.0,121.0,677.0,223.0,284.0
206.0,112.0,575.0,430.0,568.0
373.0,115.0,460.0,411.0,199.0
364.0,13.0,280.0,227.0,400.0
701.0,40.0,512.0,223.0,395.0
329.0,132.0,496.0,443.0,406.0
266.0,169.0,534.0,304.0,468.0
331.0,999.0,524.0,353.0,454.0
455.0,79.0,512.0,318.0,256.0
425.0,169.0,426.0,223.0,124.0
362.0,223.0,443.0,196.0,293.0
395.0,106.0,363.0,449.0,588.0
520.0,90.0,511.0,270.0,296.0
301.0,132.0,340.0,353.0,486.0
295.0,113.0,327.0,97.0,229.0
252.0,66.0,426.0,262.0,339.0
455.0,86.0,192.0,257.0,232.0
242.0,170.0,581.0,156.0,308.0
425.0,184.0,410.0,359.0,306.0
456.0,0.0,511.0,223.0,587.0
467.0,51.0,489.0,330.0,482.0
256.0,133.0,366.0,343.0,401.0
449.0,129.0,170.0,43.0,175.0
424.0,107.0,658.0,469.0,463.0
296.0,95.0,510.0,349.0,421.0
409.0,209.0,442.0,202.0,434.0
516.0,91.0,363.0,333.0,454.0
469.0,109.0,328.0,94.0,191.0
497.0,38.0,429.0,316.0,391.0
259.0,126.0,785.0,286.0,407.0
307.0,91.0,661.0,177.0,407.0
394.0,209.0,364.0,359.0,468.0
497.0,93.0,556.0,390.0,536.0
395.0,283.0,275.0,38.0,580.0
344.0,159.0,510.0,217.0,199.0
413.0,58.0,384.0,189.0,282.0
395.0,197.0,541.0,146.0,591.0
244.0,107.0,448.0,156.0,427.0
291.0,105.0,572.0,335.0,320.0
183.0,71.0,621.0,304.0,515.0
556.0,90.0,490.0,443.0,419.0
394.0,58.0,361.0,356.0,476.0
236.0,44.0,436.0,217.0,441.0
478.0,14.0,512.0,524.0,587.0
339.0,118.0,450.0,262.0,469.0
297.0,106.0,543.0,579.0,591.0
392.0,70.0,560.0,189.0,0.0
300.0,106.0,482.0,275.0,232.0
241.0,93.0,399.0,0.0,0.0
159.0,76.0,245.0,390.0,538.0
295.0,116.0,540.0,359.0,436.0
400.0,97.0,368.0,410.0,449.0
457.0,134.0,334.0,353.0,544.0
505.0,84.0,539.0,344.0,499.0
183.0,73.0,496.0,94.0,264.0
252.0,96.0,442.0,608.0,427.0
569.0,14.0,250.0,335.0,419.0
424.0,125.0,578.0,289.0,515.0
307.0,168.0,363.0,366.0,438.0
270.0,38.0,695.0,344.0,553.0
364.0,99.0,513.0,333.0,468.0
746.0,112.0,164.0,647.0,612.0
395.0,197.0,442.0,217.0,245.0
251.0,134.0,453.0,347.0,427.0
9.0,106.0,525.0,218.0,282.0
241.0,76.0,489.0,168.0,367.0
638.0,106.0,484.0,40.0,124.0
266.0,73.0,164.0,241.0,208.0
266.0,100.0,280.0,353.0,400.0
275.0,209.0,421.0,337.0,498.0
513.0,170.0,695.0,304.0,318.0
411.0,111.0,578.0,268.0,389.0
329.0,193.0,581.0,286.0,390.0
111.0,106.0,677.0,219.0,530.0
394.0,200.0,511.0,184.0,257.0
370.0,200.0,525.0,370.0,335.0
149.0,73.0,466.0,304.0,498.0
183.0,149.0,379.0,410.0,391.0
237.0,102.0,506.0,223.0,282.0
500.0,67.0,347.0,371.0,395.0
690.0,73.0,660.0,515.0,531.0
508.0,90.0,267.0,349.0,223.0
301.0,91.0,379.0,123.0,530.0
252.0,133.0,509.0,349.0,217.0
252.0,106.0,806.0,257.0,390.0
434.0,62.0,226.0,315.0,418.0
301.0,95.0,509.0,155.0,306.0
192.0,62.0,442.0,370.0,504.0
206.0,86.0,364.0,335.0,390.0
563.0,146.0,340.0,99.0,420.0
164.0,89.0,785.0,184.0,225.0
447.0,108.0,460.0,595.0,588.0
522.0,84.0,419.0,300.0,419.0
469.0,53.0,524.0,217.0,217.0
191.0,203.0,610.0,223.0,367.0
251.0,109.0,256.0,337.0,394.0
508.0,86.0,484.0,126.0,511.0
513.0,51.0,448.0,94.0,284.0
184.0,123.0,419.0,300.0,332.0
252.0,132.0,265.0,182.0,225.0
232.0,116.0,658.0,286.0,261.0
491.0,206.0,334.0,196.0,261.0
502.0,132.0,488.0,94.0,530.0
302.0,283.0,448.0,123.0,398.0
471.0,108.0,322.0,336.0,401.0
241.0,90.0,23.0,99.0,261.0
251.0,118.0,626.0,154.0,523.0
504.0,71.0,660.0,353.0,503.0
425.0,93.0,482.0,458.0,493.0
241.0,90.0,0.0,121.0,303.0
184.0,125.0,328.0,223.0,347.0
497.0,159.0,603.0,184.0,883.0
244.0,138.0,286.0,286.0,517.0
339.0,138.0,476.0,390.0,468.0
502.0,195.0,554.0,361.0,538.0
292.0,67.0,484.0,132.0,418.0
456.0,110.0,378.0,227.0,284.0
307.0,134.0,512.0,311.0,395.0
636.0,143.0,164.0,263.0,406.0
400.0,38.0,164.0,625.0,580.0
259.0,133.0,509.0,441.0,404.0
312.0,195.0,501.0,306.0,517.0
251.0,90.0,228.0,469.0,582.0
294.0,177.0,436.0,432.0,411.0
448.0,156.0,245.0,227.0,284.0
542.0,99.0,245.0,129.0,300.0
302.0,106.0,164.0,353.0,469.0
172.0,247.0,484.0,226.0,261.0
232.0,132.0,378.0,93.0,214.0
519.0,71.0,361.0,196.0,580.0
480.0,105.0,302.0,294.0,284.0
297.0,112.0,30.0,94.0,228.0
373.0,139.0,476.0,97.0,523.0
395.0,107.0,429.0,286.0,339.0
413.0,134.0,488.0,315.0,421.0
252.0,113.0,505.0,678.0,569.0
471.0,90.0,638.0,515.0,411.0
458.0,198.0,560.0,153.0,0.0
337.0,106.0,450.0,528.0,499.0
307.0,107.0,377.0,276.0,333.0
394.0,36.0,573.0,200.0,306.0
183.0,138.0,525.0,283.0,199.0
159.0,248.0,402.0,184.0,229.0
244.0,70.0,357.0,469.0,495.0
256.0,168.0,575.0,283.0,395.0
542.0,101.0,509.0,40.0,98.0
585.0,140.0,357.0,223.0,308.0
301.0,68.0,619.0,344.0,523.0
425.0,100.0,417.0,626.0,531.0
232.0,95.0,327.0,83.0,327.0
333.0,71.0,488.0,202.0,536.0
644.0,76.0,661.0,579.0,999.0
494.0,13.0,30.0,184.0,606.0
519.0,95.0,438.0,126.0,553.0
390.0,134.0,385.0,270.0,582.0
201.0,91.0,735.0,525.0,503.0
413.0,0.0,417.0,166.0,512.0
183.0,121.0,377.0,262.0,229.0
157.0,154.0,661.0,439.0,320.0
469.0,51.0,386.0,145.0,391.0
746.0,126.0,509.0,190.0,221.0
392.0,13.0,686.0,123.0,175.0
332.0,106.0,489.0,311.0,400.0
275.0,44.0,509.0,353.0,358.0
434.0,66.0,265.0,359.0,469.0
638.0,100.0,430.0,219.0,293.0
192.0,154.0,567.0,439.0,530.0
241.0,109.0,398.0,177.0,419.0
425.0,121.0,339.0,384.0,517.0
190.0,90.0,509.0,501.0,591.0
394.0,45.0,476.0,390.0,502.0
364.0,97.0,543.0,94.0,217.0
339.0,96.0,361.0,0.0,0.0
478.0,58.0,361.0,241.0,512.0
630.0,135.0,431.0,219.0,214.0
320.0,13.0,364.0,408.0,465.0
315.0,71.0,228.0,408.0,452.0
431.0,102.0,368.0,268.0,302.0
256.0,66.0,397.0,40.0,391.0
542.0,85.0,513.0,283.0,284.0
193.0,138.0,378.0,441.0,454.0
411.0,95.0,192.0,411.0,245.0
457.0,100.0,280.0,217.0,167.0
262.0,113.0,411.0,155.0,306.0
469.0,96.0,275.0,189.0,53.0
365.0,106.0,490.0,138.0,282.0
505.0,95.0,726.0,275.0,339.0
373.0,156.0,443.0,370.0,592.0
237.0,108.0,512.0,283.0,292.0
542.0,57.0,442.0,408.0,401.0
392.0,138.0,363.0,94.0,195.0
465.0,52.0,310.0,297.0,504.0
999.0,138.0,393.0,257.0,264.0
508.0,86.0,539.0,304.0,424.0
302.0,195.0,234.0,344.0,420.0
262.0,58.0,327.0,138.0,302.0
301.0,86.0,438.0,432.0,582.0
478.0,82.0,402.0,123.0,424.0
296.0,140.0,512.0,333.0,549.0
574.0,194.0,556.0,286.0,376.0
238.0,209.0,256.0,232.0,367.0
409.0,57.0,505.0,343.0,255.0
201.0,138.0,658.0,353.0,490.0
522.0,193.0,386.0,191.0,333.0
563.0,88.0,447.0,177.0,303.0
300.0,105.0,431.0,359.0,418.0
513.0,126.0,534.0,390.0,255.0
178.0,135.0,862.0,356.0,568.0
241.0,108.0,398.0,318.0,199.0
464.0,209.0,539.0,958.0,582.0
467.0,118.0,872.0,132.0,98.0
246.0,112.0,496.0,318.0,332.0
425.0,90.0,384.0,528.0,571.0
292.0,73.0,576.0,335.0,405.0
332.0,108.0,265.0,283.0,436.0
339.0,93.0,806.0,109.0,229.0
505.0,209.0,658.0,40.0,263.0
519.0,101.0,430.0,284.0,394.0
333.0,126.0,328.0,353.0,463.0
228.0,133.0,460.0,424.0,517.0
392.0,170.0,575.0,304.0,728.0
465.0,73.0,538.0,410.0,418.0
252.0,45.0,280.0,518.0,233.0
294.0,106.0,553.0,132.0,256.0
522.0,113.0,489.0,608.0,228.0
519.0,140.0,310.0,361.0,449.0
297.0,102.0,660.0,63.0,223.0
312.0,118.0,426.0,184.0,332.0
152.0,102.0,405.0,335.0,453.0
506.0,90.0,513.0,286.0,264.0
238.0,115.0,361.0,219.0,335.0
504.0,168.0,806.0,284.0,406.0
184.0,223.0,188.0,443.0,419.0
302.0,105.0,581.0,154.0,229.0
159.0,133.0,342.0,469.0,517.0
157.0,175.0,328.0,359.0,395.0
692.0,98.0,402.0,528.0,438.0
238.0,118.0,429.0,226.0,292.0
275.0,168.0,705.0,504.0,511.0
519.0,102.0,525.0,223.0,278.0
692.0,106.0,999.0,123.0,282.0
456.0,71.0,496.0,182.0,123.0
232.0,102.0,453.0,343.0,582.0
505.0,177.0,310.0,441.0,454.0
395.0,76.0,541.0,443.0,569.0
365.0,52.0,448.0,0.0,0.0
434.0,134.0,368.0,40.0,264.0
456.0,197.0,484.0,202.0,320.0
636.0,66.0,365.0,316.0,418.0
434.0,71.0,576.0,184.0,398.0
251.0,112.0,327.0,335.0,454.0
480.0,118.0,505.0,306.0,124.0
504.0,146.0,0.0,249.0,282.0
152.0,58.0,509.0,491.0,531.0
232.0,139.0,426.0,220.0,333.0
307.0,249.0,431.0,121.0,292.0
434.0,200.0,764.0,286.0,438.0
308.0,102.0,363.0,626.0,256.0
291.0,96.0,621.0,268.0,424.0
332.0,85.0,509.0,242.0,332.0
190.0,90.0,361.0,335.0,296.0
159.0,114.0,785.0,257.0,495.0
192.0,106.0,397.0,424.0,587.0
448.0,195.0,453.0,308.0,406.0
289.0,209.0,334.0,424.0,495.0
364.0,108.0,389.0,94.0,530.0
292.0,104.0,402.0,328.0,245.0
0.0,161.0,506.0,190.0,346.0
315.0,96.0,484.0,411.0,503.0
467.0,195.0,806.0,200.0,327.0
292.0,161.0,619.0,306.0,394.0
9.0,99.0,385.0,344.0,419.0
494.0,197.0,626.0,626.0,592.0
410.0,135.0,862.0,384.0,495.0
522.0,134.0,361.0,353.0,405.0
410.0,97.0,93.0,200.0,223.0
411.0,62.0,267.0,226.0,353.0
434.0,138.0,543.0,223.0,282.0
183.0,140.0,384.0,153.0,333.0
394.0,200.0,560.0,97.0,530.0
395.0,91.0,872.0,294.0,695.0
373.0,161.0,785.0,625.0,587.0
241.0,93.0,402.0,177.0,531.0
242.0,120.0,658.0,304.0,284.0
542.0,203.0,801.0,220.0,229.0
312.0,115.0,228.0,528.0,515.0
252.0,73.0,322.0,319.0,406.0
494.0,100.0,328.0,337.0,245.0
469.0,90.0,361.0,304.0,465.0
392.0,79.0,0.0,432.0,424.0
424.0,171.0,543.0,184.0,431.0
390.0,86.0,509.0,227.0,223.0
395.0,247.0,511.0,297.0,339.0
508.0,67.0,512.0,262.0,302.0
457.0,114.0,328.0,353.0,404.0
157.0,108.0,476.0,315.0,411.0
392.0,283.0,371.0,166.0,25.0
473.0,67.0,315.0,40.0,284.0
701.0,132.0,513.0,184.0,284.0
395.0,40.0,170.0,353.0,475.0
410.0,13.0,386.0,177.0,225.0
300.0,93.0,379.0,262.0,367.0
520.0,40.0,426.0,257.0,232.0
471.0,99.0,339.0,366.0,208.0
246.0,159.0,228.0,426.0,363.0
275.0,91.0,114.0,626.0,568.0
238.0,209.0,541.0,528.0,523.0
178.0,159.0,366.0,283.0,427.0
500.0,40.0,540.0,232.0,427.0
373.0,124.0,574.0,93.0,65.0
464.0,73.0,505.0,218.0,515.0
409.0,247.0,377.0,304.0,407.0
424.0,115.0,582.0,361.0,456.0
425.0,106.0,334.0,297.0,255.0
508.0,140.0,363.0,129.0,469.0
999.0,68.0,384.0,132.0,318.0
409.0,200.0,339.0,190.0,308.0
494.0,0.0,357.0,294.0,449.0
506.0,110.0,543.0,191.0,263.0
332.0,107.0,245.0,318.0,187.0
285.0,104.0,512.0,121.0,515.0
270.0,156.0,560.0,316.0,405.0
370.0,91.0,429.0,361.0,284.0
447.0,170.0,228.0,432.0,523.0
392.0,91.0,347.0,430.0,582.0
457.0,106.0,510.0,182.0,438.0
294.0,105.0,223.0,315.0,346.0
183.0,219.0,347.0,223.0,341.0
471.0,146.0,560.0,315.0,434.0
390.0,106.0,170.0,153.0,225.0
331.0,90.0,453.0,330.0,346.0
539.0,194.0,351.0,283.0,618.0
409.0,87.0,661.0,390.0,476.0
236.0,248.0,448.0,390.0,493.0
159.0,118.0,489.0,218.0,591.0
999.0,38.0,443.0,297.0,394.0
326.0,999.0,351.0,308.0,452.0
241.0,121.0,361.0,40.0,303.0
307.0,183.0,334.0,359.0,465.0
542.0,79.0,513.0,129.0,427.0
307.0,159.0,302.0,304.0,465.0
236.0,88.0,582.0,390.0,511.0
333.0,45.0,576.0,146.0,263.0
285.0,68.0,302.0,286.0,187.0
480.0,96.0,361.0,311.0,261.0
502.0,109.0,585.0,83.0,199.0
692.0,139.0,378.0,202.0,427.0
237.0,91.0,573.0,109.0,175.0
701.0,58.0,448.0,184.0,232.0
425.0,132.0,512.0,311.0,232.0
285.0,102.0,361.0,347.0,499.0
373.0,159.0,575.0,518.0,264.0
392.0,123.0,410.0,361.0,335.0
206.0,67.0,402.0,220.0,376.0
337.0,102.0,705.0,178.0,232.0
508.0,262.0,327.0,184.0,332.0
184.0,82.0,164.0,219.0,390.0
289.0,100.0,223.0,579.0,530.0
373.0,97.0,496.0,718.0,534.0
238.0,90.0,286.0,359.0,367.0
644.0,200.0,541.0,145.0,255.0
209.0,118.0,450.0,390.0,302.0
339.0,198.0,466.0,109.0,65.0
297.0,93.0,460.0,361.0,611.0
390.0,248.0,431.0,83.0,303.0
448.0,138.0,442.0,195.0,504.0
359.0,207.0,510.0,195.0,421.0
159.0,111.0,510.0,601.0,553.0
424.0,138.0,402.0,562.0,628.0
668.0,170.0,619.0,343.0,405.0
270.0,110.0,245.0,311.0,308.0
448.0,102.0,538.0,190.0,503.0
297.0,96.0,695.0,217.0,256.0
373.0,89.0,509.0,318.0,310.0
307.0,40.0,660.0,195.0,257.0
266.0,58.0,524.0,226.0,225.0
410.0,113.0,543.0,202.0,434.0
370.0,86.0,801.0,241.0,263.0
332.0,118.0,334.0,390.0,320.0
392.0,132.0,228.0,414.0,377.0
273.0,101.0,660.0,525.0,588.0
329.0,140.0,661.0,38.0,217.0
504.0,104.0,256.0,94.0,225.0
392.0,73.0,496.0,109.0,389.0
373.0,87.0,384.0,153.0,264.0
285.0,71.0,524.0,353.0,327.0
251.0,51.0,399.0,518.0,256.0
508.0,170.0,170.0,353.0,452.0
410.0,145.0,496.0,94.0,405.0
471.0,68.0,170.0,349.0,469.0
320.0,223.0,785.0,268.0,438.0
392.0,209.0,695.0,226.0,553.0
465.0,108.0,567.0,190.0,384.0
361.0,90.0,570.0,424.0,449.0
480.0,124.0,496.0,153.0,282.0
339.0,97.0,578.0,304.0,320.0
216.0,159.0,361.0,337.0,298.0
275.0,147.0,386.0,106.0,175.0
392.0,91.0,328.0,338.0,245.0
296.0,86.0,999.0,270.0,367.0
409.0,143.0,512.0,297.0,395.0
344.0,154.0,619.0,288.0,332.0
390.0,91.0,275.0,275.0,333.0
331.0,97.0,399.0,999.0,553.0
252.0,124.0,411.0,491.0,468.0
320.0,102.0,339.0,432.0,261.0
516.0,107.0,322.0,219.0,282.0
480.0,177.0,801.0,121.0,0.0
344.0,95.0,442.0,202.0,195.0
395.0,146.0,371.0,283.0,406.0
288.0,194.0,506.0,200.0,332.0
481.0,206.0,610.0,356.0,475.0
178.0,102.0,371.0,275.0,293.0
289.0,102.0,342.0,579.0,146.0
296.0,198.0,226.0,218.0,395.0
409.0,120.0,431.0,132.0,427.0
297.0,154.0,430.0,441.0,512.0
394.0,96.0,482.0,275.0,544.0
232.0,82.0,405.0,525.0,530.0
569.0,71.0,448.0,333.0,452.0
392.0,207.0,402.0,562.0,475.0
295.0,102.0,340.0,300.0,221.0
172.0,170.0,410.0,333.0,376.0
307.0,107.0,525.0,283.0,420.0
539.0,97.0,322.0,40.0,195.0
300.0,108.0,570.0,123.0,427.0
519.0,156.0,398.0,241.0,124.0
478.0,96.0,686.0,268.0,695.0
434.0,58.0,164.0,330.0,611.0
478.0,106.0,484.0,195.0,463.0
413.0,113.0,442.0,289.0,284.0
252.0,86.0,505.0,306.0,394.0
289.0,138.0,574.0,311.0,419.0
692.0,112.0,554.0,200.0,553.0
497.0,115.0,393.0,94.0,404.0
410.0,219.0,23.0,241.0,490.0
644.0,58.0,328.0,275.0,261.0
331.0,132.0,228.0,432.0,553.0
494.0,71.0,256.0,283.0,517.0
172.0,121.0,512.0,191.0,264.0
425.0,126.0,429.0,154.0,232.0
390.0,90.0,575.0,97.0,214.0
184.0,125.0,228.0,191.0,341.0
339.0,124.0,245.0,678.0,611.0
447.0,109.0,280.0,311.0,452.0
302.0,146.0,265.0,154.0,405.0
331.0,138.0,660.0,336.0,284.0
488.0,113.0,223.0,344.0,482.0
395.0,90.0,443.0,262.0,999.0
172.0,80.0,448.0,109.0,232.0
183.0,115.0,135.0,129.0,261.0
395.0,149.0,570.0,328.0,427.0
469.0,106.0,371.0,184.0,303.0
252.0,86.0,573.0,410.0,515.0
410.0,18.0,114.0,338.0,406.0
192.0,86.0,526.0,390.0,306.0
394.0,70.0,512.0,184.0,225.0
373.0,146.0,245.0,439.0,463.0
425.0,86.0,541.0,110.0,580.0
471.0,200.0,482.0,93.0,282.0
392.0,96.0,422.0,223.0,407.0
278.0,109.0,226.0,43.0,225.0
288.0,76.0,506.0,192.0,282.0
434.0,91.0,514.0,308.0,441.0
392.0,106.0,164.0,441.0,512.0
417.0,115.0,484.0,178.0,252.0
491.0,247.0,658.0,146.0,318.0
89.0,99.0,512.0,300.0,310.0
329.0,98.0,429.0,316.0,431.0
395.0,82.0,361.0,275.0,282.0
216.0,93.0,661.0,113.0,100.0
291.0,100.0,677.0,263.0,401.0
373.0,146.0,626.0,426.0,498.0
425.0,121.0,567.0,330.0,531.0
400.0,111.0,726.0,275.0,233.0
425.0,113.0,267.0,43.0,538.0
337.0,58.0,575.0,384.0,411.0
157.0,91.0,534.0,223.0,353.0
505.0,523.0,363.0,469.0,493.0
294.0,170.0,245.0,275.0,456.0
201.0,115.0,442.0,306.0,195.0
184.0,113.0,430.0,958.0,588.0
354.0,76.0,999.0,361.0,296.0
300.0,138.0,322.0,469.0,257.0
241.0,89.0,534.0,189.0,282.0
467.0,248.0,695.0,647.0,592.0
236.0,184.0,525.0,226.0,434.0
467.0,168.0,357.0,182.0,431.0
361.0,90.0,365.0,283.0,468.0
488.0,106.0,442.0,69.0,512.0
184.0,138.0,402.0,288.0,293.0
539.0,108.0,484.0,647.0,427.0
469.0,90.0,468.0,262.0,446.0
390.0,115.0,223.0,223.0,456.0
381.0,106.0,386.0,0.0,389.0
237.0,283.0,511.0,286.0,493.0
307.0,118.0,339.0,283.0,405.0
508.0,97.0,334.0,469.0,534.0
339.0,170.0,735.0,0.0,167.0
434.0,132.0,543.0,242.0,419.0
242.0,107.0,764.0,579.0,407.0
395.0,110.0,510.0,449.0,499.0
206.0,126.0,385.0,353.0,498.0
636.0,195.0,660.0,196.0,517.0
291.0,206.0,164.0,129.0,303.0
159.0,110.0,328.0,129.0,191.0
434.0,109.0,512.0,123.0,284.0
449.0,120.0,361.0,184.0,534.0
190.0,89.0,234.0,130.0,124.0
184.0,73.0,340.0,275.0,390.0
206.0,115.0,572.0,525.0,587.0
556.0,95.0,572.0,177.0,284.0
246.0,138.0,512.0,268.0,282.0
409.0,145.0,361.0,43.0,245.0
308.0,129.0,539.0,145.0,327.0
692.0,67.0,265.0,411.0,490.0
252.0,209.0,512.0,304.0,398.0
300.0,107.0,347.0,217.0,424.0
431.0,85.0,450.0,999.0,490.0
478.0,136.0,334.0,182.0,217.0
157.0,115.0,496.0,218.0,293.0
241.0,95.0,368.0,458.0,456.0
157.0,107.0,490.0,408.0,392.0
467.0,132.0,351.0,579.0,523.0
262.0,133.0,361.0,249.0,232.0
539.0,82.0,626.0,97.0,228.0
285.0,105.0,512.0,275.0,456.0
190.0,139.0,509.0,284.0,390.0
504.0,13.0,361.0,192.0,256.0
241.0,110.0,509.0,241.0,195.0
409.0,13.0,275.0,390.0,454.0
332.0,105.0,357.0,178.0,400.0
291.0,76.0,328.0,371.0,424.0
331.0,87.0,357.0,344.0,531.0
638.0,110.0,234.0,622.0,407.0
542.0,132.0,23.0,283.0,407.0
491.0,73.0,567.0,132.0,292.0
242.0,114.0,265.0,223.0,332.0
644.0,67.0,351.0,184.0,367.0
308.0,121.0,275.0,226.0,498.0
308.0,97.0,806.0,338.0,431.0
9.0,96.0,389.0,227.0,498.0
329.0,14.0,114.0,113.0,223.0
456.0,86.0,322.0,491.0,568.0
344.0,107.0,512.0,426.0,569.0
359.0,79.0,275.0,268.0,395.0
183.0,44.0,397.0,99.0,449.0
556.0,100.0,245.0,38.0,515.0
89.0,223.0,488.0,284.0,255.0
184.0,140.0,361.0,411.0,245.0
172.0,132.0,339.0,126.0,284.0
273.0,113.0,582.0,308.0,498.0
320.0,209.0,511.0,371.0,618.0
563.0,118.0,310.0,283.0,499.0
513.0,90.0,539.0,639.0,195.0
242.0,138.0,541.0,38.0,523.0
417.0,134.0,386.0,361.0,278.0
563.0,13.0,560.0,361.0,695.0
273.0,168.0,554.0,311.0,346.0
448.0,113.0,484.0,195.0,376.0
480.0,175.0,436.0,335.0,195.0
241.0,124.0,801.0,426.0,580.0
403.0,209.0,339.0,430.0,465.0
301.0,62.0,482.0,328.0,591.0
157.0,90.0,361.0,284.0,229.0
193.0,110.0,267.0,318.0,332.0
0.0,91.0,250.0,328.0,257.0
413.0,107.0,135.0,524.0,503.0
370.0,118.0,411.0,262.0,124.0
236.0,102.0,378.0,132.0,264.0
513.0,140.0,310.0,99.0,434.0
201.0,197.0,399.0,218.0,284.0
390.0,171.0,511.0,443.0,611.0
292.0,40.0,510.0,257.0,512.0
392.0,106.0,378.0,184.0,401.0
297.0,113.0,170.0,275.0,245.0
270.0,154.0,872.0,319.0,419.0
480.0,115.0,315.0,219.0,376.0
362.0,121.0,386.0,276.0,406.0
508.0,18.0,572.0,297.0,187.0
190.0,195.0,389.0,366.0,293.0
337.0,91.0,430.0,227.0,327.0
273.0,108.0,30.0,678.0,504.0
410.0,168.0,512.0,335.0,530.0
296.0,105.0,411.0,232.0,363.0
337.0,102.0,419.0,226.0,245.0
206.0,115.0,322.0,138.0,229.0
469.0,111.0,357.0,330.0,229.0
183.0,115.0,378.0,182.0,628.0
206.0,134.0,389.0,146.0,191.0
149.0,80.0,93.0,338.0,167.0
574.0,36.0,368.0,275.0,406.0
333.0,67.0,560.0,155.0,264.0
409.0,116.0,334.0,469.0,523.0
425.0,183.0,567.0,347.0,407.0
183.0,93.0,357.0,622.0,511.0
251.0,156.0,509.0,195.0,377.0
638.0,200.0,512.0,182.0,284.0
296.0,209.0,342.0,328.0,424.0
373.0,161.0,340.0,192.0,284.0
149.0,99.0,638.0,191.0,256.0
519.0,110.0,384.0,449.0,456.0
329.0,112.0,431.0,443.0,612.0
392.0,73.0,339.0,469.0,284.0
395.0,124.0,56.0,226.0,376.0
244.0,106.0,430.0,182.0,245.0
488.0,93.0,267.0,318.0,225.0
478.0,209.0,402.0,424.0,512.0
164.0,90.0,560.0,110.0,195.0
157.0,91.0,574.0,40.0,229.0
692.0,125.0,0.0,247.0,264.0
411.0,106.0,660.0,370.0,427.0
392.0,73.0,315.0,426.0,468.0
164.0,76.0,334.0,335.0,438.0
266.0,249.0,419.0,226.0,517.0
285.0,58.0,534.0,353.0,390.0
488.0,73.0,363.0,439.0,511.0
183.0,102.0,357.0,999.0,187.0
505.0,90.0,426.0,384.0,300.0
237.0,93.0,509.0,366.0,465.0
413.0,206.0,164.0,97.0,167.0
251.0,87.0,334.0,223.0,261.0
434.0,147.0,402.0,347.0,363.0
192.0,195.0,660.0,371.0,420.0
216.0,82.0,170.0,328.0,347.0
478.0,135.0,496.0,518.0,611.0
294.0,121.0,466.0,289.0,591.0
519.0,147.0,286.0,304.0,523.0
410.0,132.0,393.0,501.0,530.0
411.0,193.0,512.0,265.0,400.0
447.0,168.0,603.0,43.0,427.0
252.0,121.0,785.0,333.0,308.0
270.0,108.0,567.0,223.0,245.0
690.0,168.0,384.0,156.0,124.0
392.0,113.0,510.0,424.0,495.0
410.0,115.0,509.0,106.0,271.0
244.0,129.0,505.0,318.0,347.0
569.0,66.0,460.0,458.0,217.0
339.0,121.0,436.0,196.0,221.0
424.0,99.0,340.0,390.0,530.0
164.0,73.0,466.0,319.0,298.0
395.0,120.0,501.0,218.0,424.0
392.0,209.0,448.0,94.0,363.0
201.0,40.0,468.0,361.0,284.0
332.0,135.0,442.0,308.0,404.0
331.0,115.0,801.0,155.0,310.0
563.0,197.0,340.0,275.0,284.0
508.0,120.0,410.0,288.0,367.0
585.0,58.0,334.0,69.0,264.0
395.0,45.0,56.0,177.0,553.0
425.0,159.0,705.0,241.0,502.0
392.0,102.0,543.0,311.0,436.0
434.0,140.0,660.0,242.0,376.0
497.0,71.0,526.0,518.0,367.0
434.0,256.0,339.0,304.0,284.0
337.0,193.0,505.0,371.0,419.0
149.0,200.0,506.0,226.0,347.0
488.0,108.0,384.0,328.0,511.0
410.0,107.0,164.0,524.0,504.0
9.0,38.0,267.0,220.0,335.0
392.0,90.0,339.0,275.0,512.0
354.0,79.0,419.0,501.0,588.0
373.0,100.0,267.0,189.0,233.0
502.0,169.0,482.0,288.0,606.0
390.0,115.0,363.0,335.0,398.0
542.0,149.0,448.0,353.0,418.0
434.0,110.0,363.0,289.0,284.0
297.0,58.0,619.0,218.0,264.0
320.0,200.0,686.0,219.0,214.0
183.0,118.0,361.0,518.0,420.0
630.0,134.0,250.0,242.0,395.0
417.0,108.0,447.0,121.0,217.0
339.0,146.0,872.0,315.0,427.0
256.0,147.0,610.0,132.0,421.0
273.0,132.0,505.0,958.0,0.0
390.0,79.0,398.0,275.0,391.0
192.0,52.0,385.0,265.0,264.0
508.0,44.0,397.0,426.0,465.0
192.0,147.0,560.0,110.0,363.0
473.0,139.0,365.0,283.0,421.0
409.0,120.0,378.0,432.0,502.0
999.0,134.0,23.0,109.0,405.0
354.0,168.0,581.0,349.0,420.0
425.0,93.0,582.0,43.0,100.0
307.0,102.0,443.0,43.0,358.0
184.0,108.0,234.0,268.0,571.0
394.0,248.0,322.0,304.0,0.0
520.0,102.0,436.0,184.0,531.0
191.0,36.0,686.0,337.0,332.0
409.0,84.0,543.0,275.0,268.0
505.0,115.0,512.0,178.0,175.0
300.0,132.0,334.0,202.0,257.0
563.0,139.0,442.0,283.0,401.0
302.0,84.0,482.0,386.0,482.0
480.0,40.0,328.0,337.0,390.0
505.0,66.0,357.0,178.0,284.0
508.0,82.0,422.0,99.0,302.0
516.0,57.0,361.0,286.0,308.0
465.0,115.0,447.0,426.0,493.0
307.0,91.0,334.0,308.0,217.0
354.0,170.0,567.0,316.0,499.0
395.0,105.0,402.0,113.0,353.0
520.0,13.0,512.0,958.0,536.0
410.0,134.0,489.0,289.0,420.0
392.0,207.0,509.0,196.0,332.0
288.0,100.0,511.0,608.0,611.0
491.0,110.0,567.0,241.0,318.0
410.0,170.0,322.0,196.0,284.0
183.0,124.0,556.0,275.0,398.0
542.0,97.0,30.0,265.0,296.0
246.0,93.0,538.0,306.0,419.0
292.0,168.0,660.0,370.0,98.0
457.0,109.0,621.0,218.0,332.0
0.0,73.0,0.0,359.0,175.0
505.0,58.0,512.0,647.0,515.0
339.0,139.0,686.0,625.0,530.0
332.0,118.0,56.0,625.0,580.0
373.0,58.0,397.0,195.0,264.0
392.0,67.0,135.0,297.0,394.0
516.0,14.0,553.0,647.0,454.0
471.0,135.0,660.0,168.0,252.0
278.0,198.0,748.0,129.0,225.0
296.0,219.0,695.0,318.0,296.0
295.0,13.0,438.0,424.0,427.0
278.0,107.0,310.0,622.0,523.0
296.0,118.0,525.0,184.0,264.0
159.0,135.0,453.0,718.0,306.0
425.0,118.0,411.0,424.0,568.0
392.0,76.0,638.0,461.0,618.0
266.0,159.0,363.0,146.0,310.0
619.0,200.0,405.0,361.0,404.0
329.0,198.0,524.0,639.0,515.0
295.0,108.0,419.0,424.0,511.0
238.0,248.0,402.0,504.0,511.0
329.0,93.0,334.0,608.0,495.0
638.0,197.0,393.0,154.0,284.0
266.0,91.0,310.0,359.0,469.0
619.0,147.0,496.0,184.0,187.0
585.0,209.0,510.0,178.0,436.0
630.0,36.0,188.0,286.0,318.0
238.0,154.0,23.0,283.0,245.0
500.0,140.0,361.0,220.0,303.0
417.0,183.0,114.0,283.0,418.0
502.0,86.0,525.0,386.0,431.0
513.0,107.0,567.0,192.0,298.0
307.0,133.0,539.0,311.0,407.0
539.0,108.0,351.0,338.0,405.0
275.0,92.0,581.0,286.0,404.0
192.0,98.0,389.0,432.0,612.0
395.0,96.0,819.0,121.0,339.0
409.0,134.0,468.0,335.0,536.0
409.0,66.0,436.0,424.0,284.0
201.0,13.0,660.0,390.0,536.0
359.0,18.0,361.0,275.0,264.0
539.0,90.0,705.0,430.0,618.0
494.0,76.0,512.0,337.0,261.0
508.0,138.0,399.0,154.0,292.0
359.0,97.0,468.0,328.0,468.0
425.0,209.0,450.0,562.0,553.0
395.0,140.0,453.0,286.0,486.0
519.0,90.0,543.0,275.0,223.0
288.0,108.0,315.0,353.0,303.0
425.0,193.0,286.0,315.0,367.0
302.0,209.0,556.0,110.0,252.0
403.0,143.0,361.0,286.0,588.0
301.0,108.0,23.0,284.0,398.0
480.0,70.0,379.0,524.0,536.0
505.0,126.0,660.0,625.0,538.0
516.0,145.0,327.0,276.0,405.0
9.0,106.0,443.0,424.0,571.0
206.0,102.0,619.0,347.0,407.0
183.0,86.0,228.0,430.0,469.0
394.0,107.0,448.0,226.0,284.0
478.0,58.0,280.0,353.0,498.0
449.0,156.0,534.0,121.0,124.0
259.0,73.0,365.0,430.0,454.0
184.0,44.0,496.0,647.0,456.0
184.0,82.0,442.0,528.0,390.0
172.0,105.0,223.0,353.0,523.0
516.0,197.0,93.0,132.0,333.0
542.0,184.0,250.0,97.0,332.0
505.0,207.0,397.0,156.0,256.0
471.0,86.0,509.0,410.0,208.0
275.0,209.0,570.0,441.0,503.0
488.0,100.0,660.0,411.0,468.0
331.0,118.0,386.0,192.0,384.0
563.0,93.0,0.0,195.0,167.0
394.0,73.0,256.0,300.0,419.0
339.0,100.0,543.0,601.0,523.0
184.0,85.0,389.0,184.0,339.0
668.0,95.0,509.0,458.0,504.0
390.0,105.0,431.0,283.0,232.0
513.0,115.0,466.0,411.0,245.0
619.0,256.0,447.0,94.0,482.0
190.0,156.0,872.0,138.0,278.0
395.0,138.0,541.0,145.0,332.0
339.0,40.0,541.0,184.0,308.0
425.0,184.0,429.0,432.0,468.0
326.0,95.0,585.0,311.0,536.0
409.0,96.0,366.0,275.0,363.0
320.0,111.0,256.0,622.0,468.0
690.0,76.0,442.0,432.0,465.0
668.0,115.0,448.0,192.0,225.0
395.0,36.0,660.0,300.0,504.0
458.0,45.0,489.0,297.0,308.0
289.0,197.0,567.0,109.0,284.0
331.0,0.0,23.0,126.0,175.0
500.0,108.0,442.0,226.0,395.0
307.0,36.0,430.0,410.0,394.0
690.0,88.0,488.0,184.0,225.0
275.0,76.0,170.0,515.0,482.0
390.0,109.0,511.0,336.0,255.0
362.0,106.0,660.0,40.0,191.0
184.0,124.0,429.0,284.0,167.0
359.0,40.0,513.0,94.0,587.0
513.0,100.0,490.0,370.0,268.0
259.0,198.0,371.0,411.0,421.0
395.0,121.0,512.0,353.0,482.0
395.0,123.0,340.0,718.0,618.0
297.0,58.0,328.0,328.0,363.0
467.0,90.0,509.0,289.0,530.0
395.0,58.0,506.0,439.0,463.0
519.0,106.0,223.0,232.0,534.0
364.0,90.0,0.0,319.0,476.0
410.0,57.0,496.0,217.0,517.0
508.0,66.0,364.0,121.0,298.0
425.0,115.0,334.0,328.0,502.0
425.0,126.0,525.0,283.0,263.0
320.0,129.0,398.0,304.0,512.0
491.0,125.0,726.0,262.0,264.0
329.0,248.0,223.0,562.0,195.0
425.0,200.0,513.0,247.0,391.0
178.0,138.0,543.0,300.0,346.0
252.0,125.0,357.0,639.0,208.0
542.0,76.0,488.0,196.0,252.0
400.0,143.0,368.0,300.0,146.0
519.0,38.0,361.0,99.0,199.0
569.0,87.0,379.0,601.0,346.0
395.0,84.0,342.0,184.0,358.0
417.0,168.0,361.0,306.0,332.0
326.0,73.0,638.0,286.0,538.0
692.0,130.0,448.0,300.0,419.0
508.0,40.0,513.0,474.0,367.0
206.0,113.0,573.0,123.0,221.0
237.0,67.0,448.0,424.0,580.0
520.0,138.0,489.0,424.0,452.0
522.0,113.0,567.0,182.0,512.0
361.0,105.0,429.0,410.0,406.0
502.0,68.0,512.0,525.0,400.0
184.0,97.0,328.0,184.0,476.0
464.0,139.0,340.0,308.0,395.0
159.0,118.0,543.0,155.0,124.0
294.0,145.0,339.0,217.0,339.0
297.0,97.0,410.0,289.0,419.0
273.0,116.0,234.0,501.0,536.0
242.0,93.0,357.0,625.0,592.0
481.0,113.0,806.0,97.0,278.0
542.0,57.0,430.0,525.0,495.0
425.0,108.0,366.0,361.0,569.0
574.0,80.0,801.0,276.0,502.0
417.0,44.0,371.0,43.0,150.0
111.0,113.0,576.0,999.0,531.0
320.0,38.0,862.0,347.0,434.0
332.0,90.0,436.0,439.0,263.0
395.0,76.0,280.0,343.0,123.0
395.0,109.0,23.0,318.0,465.0
409.0,113.0,384.0,63.0,97.0
190.0,115.0,509.0,359.0,229.0
373.0,90.0,806.0,232.0,332.0
300.0,96.0,513.0,196.0,502.0
690.0,124.0,489.0,601.0,465.0
506.0,89.0,421.0,601.0,523.0
569.0,999.0,513.0,130.0,332.0
539.0,134.0,638.0,178.0,255.0
569.0,93.0,223.0,501.0,495.0
392.0,100.0,421.0,356.0,454.0
508.0,107.0,93.0,601.0,498.0
364.0,82.0,541.0,311.0,400.0
295.0,132.0,619.0,288.0,310.0
206.0,97.0,638.0,678.0,536.0
157.0,132.0,603.0,99.0,187.0
89.0,219.0,135.0,333.0,419.0
494.0,73.0,192.0,469.0,591.0
505.0,203.0,228.0,184.0,318.0
183.0,171.0,489.0,408.0,463.0
191.0,92.0,695.0,491.0,306.0
410.0,175.0,417.0,390.0,441.0
619.0,13.0,363.0,226.0,436.0
504.0,108.0,726.0,335.0,469.0
152.0,168.0,525.0,155.0,123.0
241.0,109.0,436.0,177.0,298.0
237.0,106.0,505.0,304.0,332.0
184.0,248.0,368.0,288.0,517.0
425.0,114.0,334.0,458.0,502.0
395.0,86.0,267.0,219.0,208.0
296.0,121.0,468.0,390.0,517.0
295.0,40.0,553.0,270.0,341.0
339.0,45.0,405.0,153.0,261.0
333.0,115.0,660.0,361.0,339.0
183.0,121.0,417.0,639.0,517.0
183.0,71.0,525.0,226.0,476.0
0.0,147.0,660.0,424.0,517.0
467.0,118.0,468.0,336.0,999.0
164.0,112.0,310.0,40.0,456.0
585.0,132.0,511.0,384.0,187.0
291.0,58.0,328.0,284.0,398.0
556.0,177.0,677.0,286.0,517.0
190.0,95.0,554.0,458.0,512.0
690.0,73.0,223.0,220.0,553.0
333.0,135.0,660.0,283.0,420.0
392.0,58.0,512.0,469.0,515.0
447.0,112.0,429.0,43.0,568.0
361.0,107.0,526.0,178.0,446.0
302.0,136.0,450.0,268.0,463.0
339.0,121.0,484.0,184.0,298.0
500.0,73.0,511.0,249.0,394.0
417.0,200.0,188.0,678.0,327.0
307.0,200.0,488.0,361.0,339.0
361.0,57.0,0.0,304.0,495.0
542.0,104.0,501.0,126.0,341.0
237.0,121.0,328.0,196.0,431.0
295.0,168.0,534.0,410.0,284.0
494.0,92.0,661.0,338.0,292.0
513.0,80.0,364.0,458.0,517.0
216.0,110.0,419.0,441.0,568.0
448.0,67.0,581.0,232.0,495.0
457.0,44.0,538.0,154.0,264.0
201.0,93.0,484.0,297.0,308.0
244.0,58.0,405.0,219.0,333.0
473.0,104.0,357.0,94.0,123.0
192.0,126.0,540.0,219.0,465.0
542.0,87.0,658.0,184.0,221.0
252.0,96.0,245.0,275.0,591.0
238.0,66.0,347.0,94.0,175.0
392.0,134.0,402.0,154.0,225.0
522.0,58.0,453.0,166.0,195.0
630.0,67.0,541.0,306.0,389.0
447.0,200.0,513.0,384.0,504.0
275.0,219.0,575.0,190.0,591.0
395.0,194.0,511.0,178.0,303.0
373.0,58.0,576.0,316.0,476.0
183.0,156.0,339.0,304.0,98.0
491.0,169.0,621.0,328.0,65.0
504.0,115.0,322.0,129.0,187.0
395.0,121.0,442.0,626.0,296.0
491.0,90.0,377.0,300.0,883.0
480.0,183.0,585.0,595.0,0.0
456.0,86.0,574.0,286.0,65.0
636.0,90.0,567.0,469.0,476.0
505.0,89.0,280.0,110.0,476.0
425.0,139.0,371.0,622.0,123.0
491.0,147.0,363.0,184.0,221.0
209.0,209.0,509.0,439.0,225.0
273.0,44.0,361.0,132.0,229.0
331.0,70.0,371.0,474.0,591.0
480.0,98.0,619.0,328.0,434.0
481.0,134.0,543.0,83.0,592.0
365.0,106.0,397.0,184.0,618.0
237.0,58.0,256.0,999.0,611.0
288.0,51.0,570.0,275.0,187.0
252.0,183.0,525.0,289.0,278.0
457.0,194.0,585.0,241.0,195.0
278.0,177.0,466.0,121.0,419.0
381.0,200.0,556.0,155.0,232.0
542.0,132.0,539.0,625.0,695.0
184.0,105.0,484.0,353.0,384.0
505.0,129.0,512.0,190.0,346.0
458.0,110.0,385.0,449.0,493.0
458.0,105.0,539.0,319.0,419.0
395.0,68.0,442.0,191.0,191.0
508.0,115.0,339.0,283.0,695.0
275.0,132.0,361.0,219.0,453.0
244.0,256.0,364.0,226.0,441.0
273.0,79.0,379.0,218.0,367.0
455.0,168.0,379.0,113.0,332.0
294.0,108.0,484.0,294.0,264.0
252.0,102.0,819.0,316.0,476.0
425.0,105.0,56.0,386.0,475.0
184.0,92.0,567.0,408.0,469.0
491.0,106.0,245.0,97.0,438.0
270.0,109.0,482.0,155.0,486.0
392.0,76.0,524.0,491.0,225.0
242.0,206.0,328.0,130.0,214.0
411.0,101.0,389.0,525.0,293.0
206.0,125.0,610.0,247.0,591.0
370.0,102.0,677.0,474.0,465.0
320.0,114.0,509.0,189.0,591.0
506.0,115.0,426.0,384.0,418.0
364.0,68.0,56.0,200.0,282.0
425.0,87.0,534.0,647.0,498.0
241.0,108.0,509.0,524.0,534.0
339.0,45.0,328.0,156.0,523.0
506.0,129.0,417.0,353.0,390.0
516.0,109.0,402.0,132.0,255.0
300.0,171.0,448.0,195.0,320.0
497.0,112.0,567.0,168.0,284.0
395.0,82.0,862.0,130.0,255.0
252.0,108.0,442.0,217.0,544.0
297.0,135.0,226.0,333.0,549.0
455.0,108.0,496.0,608.0,282.0
252.0,86.0,170.0,191.0,228.0
434.0,91.0,658.0,501.0,468.0
574.0,38.0,582.0,315.0,588.0
275.0,107.0,576.0,390.0,264.0
329.0,106.0,275.0,94.0,124.0
400.0,89.0,553.0,384.0,449.0
542.0,195.0,327.0,441.0,517.0
574.0,90.0,364.0,219.0,569.0
192.0,107.0,540.0,109.0,229.0
192.0,58.0,540.0,335.0,264.0
337.0,126.0,443.0,223.0,411.0
228.0,99.0,541.0,349.0,438.0
373.0,106.0,267.0,300.0,292.0
494.0,523.0,506.0,190.0,100.0
668.0,40.0,581.0,518.0,534.0
294.0,112.0,322.0,333.0,465.0
457.0,132.0,660.0,223.0,332.0
242.0,171.0,619.0,178.0,257.0
259.0,106.0,328.0,223.0,498.0
478.0,100.0,512.0,177.0,245.0
183.0,118.0,582.0,110.0,332.0
237.0,170.0,581.0,217.0,318.0
275.0,62.0,567.0,226.0,335.0
542.0,106.0,431.0,335.0,384.0
574.0,115.0,385.0,647.0,612.0
297.0,262.0,705.0,678.0,463.0
373.0,118.0,506.0,353.0,405.0
111.0,97.0,660.0,579.0,523.0
152.0,97.0,510.0,370.0,390.0
410.0,36.0,513.0,311.0,398.0
502.0,99.0,164.0,424.0,367.0
409.0,36.0,411.0,227.0,123.0
193.0,184.0,234.0,353.0,582.0
307.0,93.0,357.0,145.0,268.0
307.0,93.0,340.0,353.0,469.0
164.0,121.0,686.0,227.0,303.0
480.0,71.0,422.0,347.0,401.0
364.0,87.0,660.0,38.0,208.0
448.0,110.0,399.0,366.0,695.0
184.0,115.0,402.0,196.0,446.0
270.0,156.0,429.0,153.0,282.0
295.0,76.0,310.0,639.0,569.0
508.0,139.0,488.0,318.0,441.0
246.0,106.0,322.0,223.0,263.0
425.0,184.0,429.0,328.0,293.0
320.0,106.0,567.0,94.0,146.0
458.0,108.0,447.0,337.0,420.0
295.0,95.0,363.0,518.0,591.0
395.0,184.0,402.0,318.0,391.0
295.0,170.0,735.0,192.0,427.0
236.0,111.0,819.0,515.0,612.0
519.0,67.0,286.0,276.0,376.0
184.0,108.0,256.0,319.0,530.0
508.0,197.0,361.0,328.0,523.0
520.0,108.0,351.0,262.0,424.0
301.0,168.0,436.0,300.0,436.0
409.0,91.0,366.0,113.0,195.0
236.0,86.0,431.0,411.0,434.0
262.0,102.0,621.0,121.0,391.0
184.0,95.0,170.0,297.0,358.0
237.0,91.0,430.0,184.0,97.0
563.0,126.0,361.0,474.0,225.0
312.0,118.0,513.0,366.0,427.0
273.0,256.0,447.0,315.0,332.0
392.0,121.0,397.0,622.0,530.0
556.0,105.0,378.0,359.0,475.0
480.0,9.0,430.0,226.0,320.0
516.0,105.0,328.0,154.0,245.0
206.0,70.0,468.0,184.0,284.0
542.0,207.0,450.0,411.0,264.0
339.0,62.0,534.0,390.0,434.0
183.0,82.0,686.0,94.0,175.0
289.0,115.0,660.0,311.0,395.0
206.0,87.0,619.0,121.0,534.0
488.0,52.0,573.0,639.0,502.0
409.0,70.0,621.0,177.0,523.0
458.0,104.0,585.0,226.0,53.0
395.0,108.0,429.0,276.0,214.0
184.0,118.0,275.0,353.0,394.0
467.0,105.0,234.0,286.0,358.0
508.0,156.0,114.0,132.0,271.0
241.0,115.0,576.0,43.0,217.0
190.0,86.0,192.0,286.0,568.0
191.0,120.0,411.0,132.0,308.0
644.0,209.0,384.0,304.0,232.0
209.0,116.0,574.0,390.0,612.0
354.0,45.0,419.0,626.0,499.0
291.0,66.0,505.0,579.0,456.0
288.0,198.0,438.0,370.0,503.0
506.0,132.0,135.0,353.0,523.0
206.0,177.0,525.0,184.0,296.0
480.0,9.0,192.0,390.0,465.0
184.0,139.0,364.0,262.0,587.0
481.0,170.0,872.0,337.0,221.0
329.0,91.0,567.0,226.0,341.0
307.0,36.0,378.0,469.0,490.0
516.0,175.0,135.0,304.0,449.0
481.0,116.0,234.0,424.0,523.0
508.0,96.0,429.0,153.0,419.0
178.0,100.0,357.0,289.0,431.0
259.0,125.0,476.0,190.0,335.0
159.0,93.0,575.0,283.0,465.0
497.0,100.0,402.0,83.0,97.0
301.0,100.0,0.0,217.0,25.0
246.0,97.0,417.0,343.0,534.0
410.0,209.0,378.0,275.0,223.0
216.0,91.0,363.0,371.0,523.0
508.0,168.0,576.0,106.0,98.0
500.0,71.0,430.0,283.0,424.0
425.0,108.0,286.0,219.0,469.0
295.0,107.0,426.0,639.0,592.0
425.0,86.0,484.0,390.0,553.0
390.0,66.0,135.0,486.0,454.0
359.0,194.0,402.0,469.0,454.0
329.0,66.0,526.0,344.0,468.0
333.0,73.0,567.0,311.0,376.0
409.0,86.0,226.0,286.0,293.0
251.0,175.0,505.0,223.0,618.0
252.0,84.0,512.0,410.0,400.0
392.0,73.0,573.0,678.0,257.0
520.0,70.0,351.0,268.0,335.0
178.0,45.0,429.0,432.0,503.0
692.0,58.0,660.0,155.0,434.0
302.0,209.0,363.0,190.0,465.0
273.0,132.0,393.0,353.0,346.0
574.0,118.0,226.0,275.0,453.0
308.0,40.0,265.0,958.0,999.0
183.0,156.0,421.0,275.0,389.0
339.0,209.0,524.0,626.0,284.0
392.0,116.0,525.0,145.0,441.0
242.0,90.0,328.0,347.0,503.0
500.0,249.0,393.0,81.0,150.0
241.0,124.0,363.0,328.0,591.0
506.0,195.0,526.0,344.0,469.0
332.0,110.0,543.0,432.0,392.0
152.0,108.0,223.0,424.0,591.0
471.0,249.0,250.0,191.0,476.0
390.0,118.0,748.0,349.0,421.0
184.0,90.0,431.0,356.0,569.0
296.0,14.0,514.0,311.0,534.0
183.0,105.0,234.0,297.0,502.0
574.0,108.0,256.0,110.0,407.0
410.0,91.0,872.0,268.0,398.0
392.0,168.0,575.0,361.0,395.0
395.0,209.0,526.0,311.0,446.0
447.0,73.0,512.0,296.0,407.0
206.0,99.0,417.0,182.0,228.0
364.0,66.0,448.0,81.0,65.0
455.0,96.0,585.0,338.0,405.0
206.0,146.0,334.0,153.0,296.0
455.0,90.0,621.0,461.0,534.0
183.0,249.0,339.0,304.0,264.0
497.0,106.0,334.0,218.0,292.0
159.0,90.0,448.0,337.0,538.0
201.0,194.0,386.0,622.0,347.0
370.0,134.0,705.0,349.0,419.0
425.0,203.0,540.0,328.0,404.0
252.0,73.0,384.0,94.0,217.0
425.0,115.0,393.0,311.0,523.0
192.0,67.0,460.0,311.0,427.0
266.0,106.0,484.0,275.0,728.0
326.0,130.0,574.0,622.0,217.0
417.0,67.0,438.0,99.0,389.0
278.0,90.0,368.0,275.0,333.0
455.0,132.0,188.0,94.0,284.0
164.0,104.0,327.0,330.0,580.0
413.0,66.0,543.0,242.0,549.0
252.0,197.0,511.0,132.0,187.0
473.0,139.0,334.0,155.0,469.0
206.0,79.0,575.0,257.0,476.0
522.0,97.0,398.0,486.0,376.0
266.0,90.0,250.0,525.0,582.0
89.0,134.0,399.0,366.0,553.0
0.0,58.0,280.0,304.0,463.0
252.0,177.0,426.0,370.0,0.0
520.0,138.0,328.0,328.0,504.0
410.0,115.0,405.0,319.0,418.0
228.0,209.0,265.0,595.0,695.0
410.0,115.0,543.0,223.0,232.0
542.0,87.0,626.0,311.0,405.0
184.0,143.0,442.0,218.0,97.0
465.0,106.0,567.0,81.0,256.0
331.0,9.0,556.0,226.0,353.0
241.0,114.0,999.0,432.0,606.0
471.0,71.0,364.0,69.0,310.0
339.0,168.0,402.0,525.0,431.0
395.0,133.0,442.0,189.0,611.0
157.0,96.0,661.0,93.0,296.0
502.0,105.0,377.0,154.0,347.0
291.0,82.0,585.0,190.0,195.0
244.0,71.0,265.0,121.0,225.0
251.0,40.0,468.0,336.0,517.0
471.0,90.0,334.0,177.0,187.0
394.0,107.0,267.0,106.0,97.0
690.0,999.0,785.0,315.0,695.0
542.0,86.0,573.0,130.0,449.0
292.0,106.0,364.0,94.0,264.0
315.0,107.0,554.0,315.0,434.0
638.0,223.0,567.0,336.0,503.0
339.0,58.0,560.0,390.0,377.0
292.0,121.0,450.0,43.0,228.0
478.0,146.0,280.0,283.0,592.0
394.0,143.0,234.0,306.0,475.0
469.0,58.0,460.0,97.0,424.0
359.0,40.0,543.0,424.0,392.0
289.0,104.0,540.0,469.0,534.0
449.0,97.0,342.0,130.0,233.0
411.0,134.0,512.0,126.0,199.0
456.0,106.0,540.0,63.0,308.0
574.0,262.0,371.0,335.0,261.0
300.0,90.0,429.0,43.0,257.0
701.0,36.0,501.0,286.0,456.0
409.0,66.0,23.0,288.0,523.0
630.0,93.0,334.0,83.0,530.0
458.0,123.0,510.0,625.0,568.0
392.0,85.0,422.0,265.0,225.0
149.0,40.0,511.0,232.0,245.0
289.0,9.0,334.0,83.0,124.0
285.0,209.0,442.0,270.0,229.0
425.0,91.0,575.0,153.0,214.0
354.0,136.0,540.0,337.0,405.0
425.0,71.0,539.0,286.0,883.0
190.0,115.0,0.0,262.0,98.0
395.0,132.0,466.0,129.0,405.0
556.0,209.0,489.0,469.0,367.0
206.0,249.0,621.0,315.0,441.0
692.0,73.0,226.0,333.0,611.0
494.0,118.0,538.0,223.0,306.0
508.0,115.0,705.0,458.0,411.0
456.0,247.0,188.0,315.0,346.0
473.0,38.0,570.0,308.0,221.0
285.0,90.0,170.0,275.0,419.0
307.0,95.0,361.0,289.0,419.0
159.0,108.0,228.0,110.0,175.0
411.0,102.0,361.0,319.0,482.0
403.0,113.0,524.0,184.0,398.0
390.0,82.0,538.0,443.0,523.0
172.0,102.0,322.0,384.0,580.0
278.0,107.0,228.0,121.0,420.0
390.0,110.0,582.0,304.0,503.0
410.0,219.0,660.0,166.0,282.0
172.0,58.0,0.0,296.0,100.0
332.0,88.0,489.0,347.0,504.0
411.0,87.0,426.0,121.0,195.0
508.0,145.0,819.0,191.0,292.0
193.0,109.0,638.0,449.0,495.0
172.0,140.0,513.0,154.0,208.0
644.0,71.0,661.0,441.0,502.0
417.0,105.0,368.0,0.0,504.0
238.0,71.0,705.0,390.0,482.0
497.0,101.0,334.0,153.0,308.0
424.0,92.0,405.0,356.0,229.0
520.0,110.0,524.0,318.0,367.0
999.0,80.0,764.0,284.0,339.0
513.0,109.0,575.0,219.0,225.0
395.0,82.0,512.0,432.0,441.0
339.0,96.0,429.0,283.0,245.0
392.0,115.0,302.0,411.0,282.0
539.0,40.0,430.0,268.0,292.0
242.0,134.0,560.0,99.0,284.0
447.0,86.0,363.0,129.0,390.0
520.0,115.0,322.0,333.0,256.0
206.0,93.0,677.0,268.0,333.0
292.0,130.0,393.0,283.0,233.0
192.0,134.0,371.0,311.0,377.0
259.0,111.0,265.0,518.0,394.0
236.0,118.0,361.0,579.0,271.0
365.0,107.0,436.0,227.0,223.0
364.0,184.0,556.0,155.0,302.0
413.0,57.0,543.0,647.0,611.0
636.0,99.0,610.0,129.0,436.0
285.0,132.0,267.0,275.0,391.0
252.0,112.0,399.0,283.0,282.0
285.0,203.0,505.0,408.0,571.0
542.0,999.0,286.0,223.0,284.0
456.0,92.0,726.0,328.0,411.0
206.0,99.0,342.0,296.0,503.0
295.0,112.0,541.0,154.0,296.0
480.0,80.0,363.0,333.0,358.0
701.0,73.0,393.0,177.0,232.0
464.0,143.0,429.0,525.0,582.0
294.0,108.0,585.0,353.0,538.0
395.0,85.0,638.0,106.0,376.0
326.0,109.0,363.0,156.0,199.0
585.0,121.0,476.0,126.0,523.0
765.0,79.0,806.0,411.0,468.0
312.0,138.0,570.0,123.0,195.0
497.0,112.0,399.0,328.0,530.0
262.0,110.0,677.0,300.0,225.0
410.0,139.0,328.0,608.0,341.0
409.0,106.0,510.0,335.0,390.0
478.0,71.0,310.0,189.0,208.0
364.0,115.0,553.0,270.0,347.0
232.0,114.0,512.0,515.0,221.0
252.0,57.0,438.0,347.0,571.0
373.0,159.0,510.0,283.0,421.0
395.0,135.0,638.0,562.0,469.0
9.0,159.0,999.0,202.0,398.0
193.0,999.0,410.0,218.0,606.0
273.0,66.0,347.0,182.0,255.0
636.0,45.0,442.0,461.0,504.0
542.0,136.0,135.0,328.0,549.0
520.0,58.0,223.0,294.0,278.0
190.0,58.0,543.0,410.0,503.0
252.0,146.0,525.0,318.0,482.0
425.0,66.0,357.0,132.0,195.0
294.0,126.0,389.0,426.0,293.0
563.0,129.0,366.0,424.0,346.0
192.0,132.0,512.0,315.0,367.0
392.0,106.0,488.0,426.0,530.0
362.0,73.0,30.0,353.0,407.0
504.0,145.0,512.0,315.0,569.0
522.0,102.0,226.0,449.0,517.0
206.0,84.0,365.0,338.0,256.0
465.0,101.0,334.0,608.0,454.0
256.0,161.0,385.0,83.0,98.0
164.0,66.0,506.0,123.0,392.0
765.0,62.0,541.0,123.0,376.0
638.0,86.0,328.0,189.0,592.0
294.0,198.0,357.0,155.0,612.0
339.0,108.0,512.0,284.0,225.0
481.0,106.0,410.0,595.0,530.0
192.0,109.0,442.0,97.0,214.0
392.0,67.0,506.0,232.0,278.0
390.0,106.0,575.0,353.0,377.0
449.0,92.0,315.0,524.0,421.0
519.0,134.0,384.0,330.0,320.0
183.0,109.0,417.0,330.0,456.0
157.0,82.0,389.0,371.0,298.0
209.0,136.0,660.0,311.0,530.0
522.0,18.0,553.0,286.0,434.0
508.0,109.0,660.0,304.0,392.0
292.0,101.0,509.0,297.0,252.0
508.0,115.0,505.0,283.0,282.0
329.0,194.0,371.0,195.0,225.0
431.0,111.0,603.0,639.0,302.0
395.0,108.0,512.0,69.0,493.0
519.0,219.0,429.0,190.0,97.0
508.0,130.0,371.0,458.0,728.0
326.0,193.0,539.0,283.0,261.0
513.0,95.0,496.0,217.0,306.0
456.0,45.0,801.0,469.0,517.0
394.0,193.0,363.0,443.0,293.0
410.0,95.0,489.0,283.0,612.0
191.0,67.0,661.0,424.0,468.0
403.0,121.0,361.0,411.0,530.0
270.0,111.0,660.0,622.0,499.0
307.0,102.0,422.0,294.0,453.0
480.0,113.0,371.0,121.0,195.0
508.0,86.0,695.0,63.0,618.0
339.0,145.0,556.0,639.0,493.0
216.0,95.0,328.0,441.0,530.0
183.0,101.0,476.0,94.0,284.0
157.0,0.0,686.0,83.0,195.0
242.0,101.0,489.0,318.0,406.0
307.0,58.0,819.0,443.0,498.0
232.0,106.0,363.0,601.0,588.0
365.0,100.0,410.0,249.0,394.0
392.0,121.0,365.0,184.0,284.0
478.0,105.0,619.0,154.0,284.0
259.0,132.0,524.0,63.0,146.0
332.0,109.0,581.0,192.0,398.0
465.0,115.0,357.0,441.0,536.0
301.0,118.0,378.0,94.0,97.0
159.0,145.0,429.0,315.0,384.0
519.0,92.0,819.0,625.0,544.0
294.0,147.0,322.0,155.0,228.0
285.0,66.0,443.0,390.0,582.0
636.0,219.0,422.0,110.0,98.0
505.0,9.0,567.0,247.0,587.0
307.0,95.0,368.0,366.0,358.0
246.0,130.0,525.0,263.0,530.0
471.0,93.0,402.0,184.0,223.0
469.0,124.0,610.0,361.0,475.0
184.0,129.0,371.0,525.0,523.0
237.0,198.0,726.0,515.0,512.0
238.0,91.0,265.0,190.0,568.0
395.0,203.0,575.0,349.0,306.0
359.0,183.0,677.0,408.0,476.0
184.0,135.0,365.0,155.0,347.0
337.0,58.0,626.0,461.0,431.0
191.0,96.0,621.0,195.0,431.0
467.0,102.0,315.0,304.0,332.0
519.0,135.0,363.0,283.0,278.0
288.0,95.0,347.0,424.0,438.0
301.0,106.0,501.0,283.0,407.0
394.0,58.0,405.0,218.0,486.0
183.0,118.0,468.0,528.0,531.0
273.0,132.0,512.0,300.0,261.0
506.0,130.0,302.0,474.0,568.0
569.0,105.0,364.0,328.0,377.0
506.0,129.0,351.0,524.0,407.0
425.0,76.0,484.0,443.0,523.0
183.0,58.0,23.0,390.0,427.0
291.0,58.0,361.0,40.0,245.0
508.0,97.0,250.0,504.0,512.0
252.0,195.0,496.0,0.0,146.0
410.0,100.0,525.0,647.0,486.0
288.0,115.0,419.0,601.0,591.0
465.0,88.0,363.0,184.0,233.0
244.0,136.0,567.0,525.0,523.0
0.0,86.0,361.0,242.0,255.0
301.0,76.0,422.0,524.0,431.0
192.0,90.0,509.0,353.0,490.0
425.0,223.0,245.0,284.0,486.0
395.0,123.0,385.0,353.0,469.0
273.0,133.0,351.0,191.0,268.0
0.0,134.0,250.0,283.0,124.0
381.0,247.0,384.0,227.0,389.0
417.0,38.0,726.0,0.0,358.0
172.0,73.0,806.0,319.0,208.0
252.0,110.0,226.0,288.0,465.0
409.0,51.0,496.0,414.0,65.0
542.0,91.0,525.0,138.0,150.0
425.0,118.0,660.0,297.0,405.0
746.0,86.0,686.0,414.0,398.0
395.0,197.0,357.0,311.0,256.0
256.0,102.0,574.0,97.0,245.0
370.0,140.0,442.0,335.0,476.0
373.0,86.0,482.0,441.0,465.0
458.0,130.0,661.0,424.0,503.0
288.0,168.0,585.0,0.0,0.0
184.0,97.0,431.0,40.0,463.0
326.0,90.0,431.0,275.0,327.0
294.0,149.0,489.0,200.0,347.0
297.0,100.0,806.0,268.0,449.0
425.0,132.0,510.0,469.0,544.0
373.0,67.0,525.0,308.0,302.0
410.0,91.0,543.0,190.0,421.0
184.0,106.0,399.0,311.0,282.0
542.0,168.0,363.0,40.0,449.0
339.0,84.0,250.0,328.0,255.0
390.0,102.0,431.0,328.0,427.0
513.0,115.0,658.0,411.0,431.0
362.0,171.0,490.0,155.0,255.0
449.0,107.0,567.0,81.0,0.0
252.0,118.0,275.0,474.0,363.0
636.0,124.0,460.0,286.0,229.0
312.0,193.0,447.0,154.0,123.0
307.0,106.0,402.0,625.0,486.0
157.0,40.0,114.0,275.0,353.0
307.0,88.0,442.0,304.0,389.0
209.0,207.0,398.0,491.0,389.0
259.0,0.0,164.0,132.0,221.0
178.0,132.0,512.0,218.0,284.0
302.0,206.0,735.0,81.0,367.0
0.0,175.0,512.0,469.0,588.0
236.0,198.0,573.0,424.0,376.0
636.0,112.0,328.0,344.0,395.0
522.0,209.0,393.0,343.0,233.0
238.0,145.0,448.0,338.0,446.0
434.0,130.0,482.0,184.0,195.0
494.0,183.0,554.0,414.0,449.0
556.0,86.0,442.0,304.0,293.0
505.0,91.0,286.0,411.0,544.0
411.0,99.0,567.0,390.0,395.0
236.0,73.0,638.0,40.0,150.0
232.0,183.0,361.0,182.0,298.0
362.0,58.0,538.0,625.0,306.0
288.0,102.0,539.0,304.0,284.0
424.0,96.0,512.0,226.0,441.0
392.0,183.0,512.0,349.0,436.0
252.0,100.0,411.0,110.0,332.0
183.0,262.0,23.0,361.0,398.0
520.0,102.0,410.0,195.0,278.0
491.0,97.0,447.0,328.0,454.0
425.0,206.0,411.0,410.0,390.0
273.0,85.0,385.0,359.0,498.0
206.0,95.0,490.0,304.0,278.0
307.0,126.0,365.0,518.0,232.0
237.0,113.0,785.0,335.0,225.0
365.0,132.0,677.0,337.0,504.0
331.0,209.0,23.0,718.0,452.0
409.0,135.0,357.0,220.0,256.0
184.0,105.0,448.0,296.0,465.0
9.0,170.0,398.0,430.0,245.0
332.0,195.0,660.0,296.0,419.0
337.0,132.0,576.0,138.0,695.0
392.0,206.0,574.0,316.0,544.0
241.0,90.0,429.0,191.0,308.0
480.0,90.0,429.0,458.0,511.0
315.0,159.0,228.0,524.0,327.0
256.0,86.0,436.0,366.0,438.0
392.0,76.0,514.0,426.0,256.0
251.0,97.0,484.0,518.0,523.0
516.0,100.0,366.0,328.0,530.0
252.0,90.0,351.0,81.0,306.0
273.0,143.0,366.0,109.0,195.0
149.0,100.0,819.0,184.0,592.0
252.0,118.0,379.0,241.0,728.0
365.0,73.0,363.0,286.0,571.0
332.0,104.0,735.0,226.0,498.0
563.0,57.0,417.0,315.0,228.0
209.0,73.0,626.0,113.0,580.0
395.0,193.0,509.0,370.0,490.0
292.0,70.0,328.0,335.0,384.0
467.0,132.0,572.0,330.0,308.0
252.0,110.0,429.0,138.0,347.0
513.0,100.0,417.0,184.0,427.0
644.0,90.0,567.0,316.0,310.0
434.0,106.0,511.0,270.0,394.0
448.0,116.0,999.0,335.0,347.0
506.0,138.0,862.0,486.0,427.0
478.0,87.0,705.0,265.0,318.0
111.0,219.0,513.0,297.0,400.0
320.0,92.0,660.0,304.0,436.0
390.0,66.0,541.0,40.0,245.0
478.0,112.0,560.0,349.0,264.0
289.0,116.0,806.0,311.0,517.0
285.0,73.0,610.0,263.0,536.0
288.0,86.0,686.0,349.0,469.0
362.0,88.0,410.0,262.0,441.0
392.0,118.0,347.0,333.0,606.0
241.0,121.0,442.0,220.0,263.0
569.0,104.0,510.0,184.0,404.0
244.0,106.0,436.0,284.0,284.0
206.0,123.0,496.0,335.0,456.0
491.0,132.0,509.0,94.0,255.0
636.0,169.0,466.0,366.0,420.0
638.0,203.0,506.0,999.0,523.0
409.0,139.0,538.0,622.0,553.0
236.0,156.0,567.0,196.0,498.0
410.0,90.0,660.0,333.0,367.0
395.0,102.0,431.0,647.0,591.0
520.0,132.0,567.0,217.0,436.0
301.0,105.0,572.0,38.0,229.0
465.0,120.0,364.0,241.0,347.0
275.0,143.0,365.0,318.0,454.0
513.0,66.0,398.0,356.0,580.0
193.0,58.0,114.0,333.0,476.0
395.0,108.0,554.0,191.0,284.0
520.0,170.0,695.0,184.0,268.0
410.0,71.0,619.0,333.0,490.0
206.0,53.0,661.0,515.0,453.0
157.0,126.0,511.0,249.0,302.0
692.0,13.0,286.0,390.0,453.0
164.0,111.0,638.0,217.0,332.0
183.0,194.0,686.0,411.0,523.0
315.0,219.0,23.0,275.0,225.0
320.0,121.0,315.0,296.0,569.0
395.0,90.0,578.0,319.0,53.0
410.0,105.0,447.0,625.0,569.0
339.0,96.0,448.0,190.0,271.0
206.0,108.0,658.0,430.0,536.0
431.0,950.0,442.0,94.0,256.0
209.0,82.0,30.0,461.0,452.0
301.0,115.0,421.0,491.0,523.0
291.0,76.0,422.0,330.0,97.0
308.0,102.0,735.0,458.0,512.0
465.0,112.0,538.0,129.0,404.0
332.0,133.0,328.0,304.0,53.0
206.0,62.0,245.0,441.0,353.0
183.0,67.0,695.0,113.0,123.0
209.0,147.0,310.0,43.0,320.0
636.0,183.0,872.0,284.0,498.0
244.0,107.0,603.0,338.0,333.0
410.0,170.0,512.0,121.0,538.0
312.0,125.0,351.0,166.0,332.0
516.0,195.0,509.0,390.0,495.0
457.0,146.0,443.0,311.0,454.0
508.0,53.0,638.0,579.0,504.0
273.0,108.0,361.0,189.0,452.0
201.0,129.0,686.0,153.0,199.0
585.0,104.0,339.0,69.0,255.0
296.0,118.0,513.0,123.0,553.0
307.0,87.0,397.0,99.0,53.0
563.0,84.0,328.0,353.0,453.0
361.0,121.0,361.0,338.0,587.0
638.0,107.0,431.0,361.0,229.0
241.0,73.0,192.0,113.0,367.0
434.0,200.0,603.0,626.0,278.0
237.0,149.0,417.0,315.0,300.0
273.0,113.0,430.0,219.0,463.0
434.0,90.0,265.0,353.0,476.0
516.0,118.0,806.0,504.0,499.0
434.0,138.0,438.0,40.0,199.0
392.0,73.0,267.0,289.0,300.0
362.0,198.0,447.0,43.0,124.0
410.0,223.0,411.0,338.0,327.0
262.0,132.0,509.0,155.0,515.0
201.0,109.0,366.0,265.0,252.0
424.0,112.0,572.0,458.0,569.0
508.0,100.0,525.0,226.0,495.0
333.0,198.0,431.0,270.0,469.0
275.0,76.0,192.0,184.0,536.0
488.0,97.0,328.0,283.0,282.0
354.0,112.0,419.0,145.0,308.0
296.0,168.0,315.0,241.0,333.0
241.0,169.0,510.0,223.0,490.0
395.0,106.0,223.0,430.0,264.0
307.0,93.0,405.0,486.0,587.0
302.0,99.0,785.0,145.0,191.0
410.0,138.0,361.0,366.0,618.0
448.0,108.0,510.0,356.0,284.0
292.0,13.0,436.0,441.0,441.0
585.0,154.0,250.0,311.0,502.0
172.0,133.0,429.0,304.0,999.0
308.0,105.0,402.0,601.0,523.0
508.0,107.0,511.0,294.0,475.0
395.0,108.0,363.0,166.0,232.0
392.0,140.0,228.0,410.0,512.0
480.0,175.0,806.0,626.0,582.0
201.0,200.0,363.0,347.0,544.0
464.0,124.0,357.0,226.0,512.0
364.0,86.0,819.0,390.0,421.0
455.0,101.0,573.0,306.0,53.0
542.0,84.0,422.0,94.0,199.0
425.0,71.0,245.0,97.0,427.0
256.0,97.0,361.0,361.0,391.0
448.0,102.0,489.0,223.0,465.0
291.0,73.0,570.0,562.0,454.0
410.0,115.0,539.0,999.0,217.0
256.0,110.0,389.0,218.0,255.0
447.0,93.0,553.0,154.0,339.0
502.0,129.0,328.0,318.0,377.0
619.0,71.0,397.0,318.0,411.0
563.0,168.0,660.0,344.0,398.0
315.0,115.0,378.0,294.0,517.0
464.0,140.0,443.0,182.0,332.0
183.0,169.0,422.0,356.0,292.0
373.0,950.0,417.0,227.0,394.0
361.0,70.0,363.0,306.0,327.0
636.0,132.0,226.0,195.0,367.0
434.0,102.0,573.0,130.0,347.0
251.0,99.0,170.0,296.0,544.0
362.0,97.0,429.0,304.0,327.0
172.0,171.0,365.0,461.0,229.0
362.0,113.0,386.0,121.0,223.0
411.0,102.0,234.0,184.0,424.0
149.0,58.0,496.0,525.0,523.0
326.0,207.0,379.0,190.0,255.0
359.0,102.0,510.0,257.0,469.0
302.0,98.0,422.0,223.0,221.0
542.0,71.0,541.0,316.0,475.0
392.0,87.0,447.0,168.0,376.0
458.0,116.0,619.0,315.0,358.0
425.0,102.0,482.0,469.0,404.0
400.0,58.0,363.0,626.0,512.0
232.0,106.0,453.0,328.0,394.0
252.0,96.0,334.0,328.0,465.0
332.0,118.0,582.0,344.0,282.0
365.0,58.0,419.0,242.0,221.0
457.0,108.0,572.0,311.0,367.0
307.0,145.0,250.0,336.0,404.0
308.0,90.0,512.0,232.0,245.0
252.0,156.0,334.0,145.0,199.0
206.0,84.0,686.0,311.0,123.0
400.0,195.0,361.0,370.0,465.0
301.0,262.0,310.0,184.0,232.0
504.0,197.0,525.0,315.0,419.0
159.0,106.0,379.0,338.0,438.0
431.0,88.0,573.0,338.0,420.0
228.0,98.0,785.0,146.0,367.0
692.0,89.0,411.0,439.0,517.0
362.0,82.0,334.0,491.0,465.0
425.0,105.0,490.0,306.0,424.0
491.0,58.0,572.0,99.0,515.0
467.0,58.0,658.0,97.0,517.0
630.0,111.0,429.0,223.0,392.0
447.0,200.0,322.0,424.0,391.0
183.0,90.0,429.0,226.0,420.0
259.0,71.0,267.0,353.0,284.0
690.0,58.0,512.0,469.0,98.0
152.0,76.0,366.0,190.0,363.0
183.0,149.0,603.0,319.0,282.0
505.0,92.0,361.0,411.0,588.0
410.0,106.0,686.0,999.0,391.0
288.0,123.0,310.0,384.0,268.0
539.0,110.0,638.0,318.0,482.0
478.0,138.0,460.0,283.0,512.0
455.0,106.0,460.0,424.0,517.0
236.0,102.0,806.0,184.0,580.0
364.0,102.0,660.0,184.0,271.0
542.0,121.0,661.0,441.0,569.0
505.0,203.0,567.0,275.0,335.0
409.0,125.0,429.0,129.0,217.0
505.0,106.0,421.0,625.0,591.0
164.0,129.0,509.0,311.0,424.0
502.0,207.0,512.0,359.0,465.0
488.0,107.0,398.0,491.0,453.0
471.0,132.0,328.0,155.0,199.0
192.0,96.0,513.0,146.0,282.0
256.0,68.0,363.0,155.0,353.0
500.0,115.0,438.0,94.0,449.0
434.0,96.0,511.0,353.0,511.0
270.0,121.0,405.0,153.0,255.0
315.0,135.0,322.0,297.0,468.0
636.0,108.0,357.0,289.0,456.0
519.0,109.0,512.0,184.0,187.0
449.0,207.0,764.0,94.0,217.0
241.0,140.0,368.0,390.0,463.0
542.0,38.0,512.0,639.0,452.0
500.0,207.0,347.0,232.0,587.0
295.0,65.0,468.0,220.0,284.0
563.0,106.0,582.0,338.0,544.0
585.0,102.0,386.0,311.0,611.0
339.0,171.0,188.0,40.0,228.0
425.0,106.0,581.0,353.0,296.0
400.0,106.0,512.0,286.0,284.0
465.0,138.0,509.0,276.0,263.0
395.0,134.0,705.0,608.0,419.0
469.0,115.0,417.0,202.0,292.0
999.0,86.0,384.0,390.0,406.0
183.0,203.0,509.0,217.0,347.0
373.0,108.0,574.0,518.0,568.0
491.0,999.0,286.0,40.0,225.0
193.0,73.0,431.0,424.0,515.0
542.0,169.0,421.0,217.0,398.0
362.0,89.0,540.0,121.0,293.0
508.0,109.0,509.0,93.0,405.0
152.0,106.0,541.0,283.0,441.0
164.0,129.0,748.0,328.0,391.0
469.0,113.0,430.0,424.0,389.0
508.0,132.0,501.0,999.0,523.0
178.0,86.0,512.0,297.0,728.0
262.0,139.0,819.0,99.0,517.0
390.0,40.0,377.0,241.0,284.0
241.0,102.0,534.0,386.0,530.0
236.0,97.0,226.0,153.0,332.0
337.0,200.0,23.0,283.0,400.0
251.0,110.0,431.0,43.0,146.0
364.0,105.0,429.0,155.0,221.0
251.0,147.0,512.0,410.0,512.0
184.0,73.0,576.0,154.0,284.0
320.0,40.0,56.0,639.0,530.0
471.0,66.0,170.0,411.0,252.0
307.0,92.0,525.0,411.0,452.0
246.0,87.0,0.0,337.0,498.0
504.0,171.0,357.0,232.0,394.0
395.0,86.0,405.0,178.0,208.0
457.0,73.0,501.0,184.0,150.0
362.0,73.0,686.0,154.0,449.0
307.0,113.0,393.0,328.0,592.0
464.0,92.0,726.0,138.0,146.0
206.0,147.0,363.0,262.0,268.0
448.0,105.0,603.0,123.0,300.0
184.0,132.0,658.0,155.0,261.0
392.0,52.0,366.0,94.0,124.0
425.0,102.0,506.0,257.0,282.0
574.0,999.0,302.0,333.0,468.0
89.0,118.0,310.0,999.0,999.0
206.0,66.0,512.0,109.0,97.0
690.0,115.0,398.0,202.0,284.0
252.0,73.0,397.0,130.0,150.0
508.0,109.0,576.0,192.0,498.0
236.0,110.0,576.0,343.0,424.0
164.0,71.0,482.0,97.0,225.0
365.0,40.0,489.0,192.0,208.0
285.0,65.0,377.0,286.0,420.0
332.0,116.0,443.0,639.0,591.0
505.0,120.0,488.0,424.0,302.0
425.0,134.0,410.0,335.0,424.0
362.0,53.0,397.0,130.0,465.0
172.0,58.0,510.0,129.0,303.0
464.0,85.0,422.0,177.0,454.0
307.0,145.0,610.0,168.0,580.0
692.0,91.0,405.0,249.0,293.0
326.0,91.0,540.0,191.0,419.0
504.0,45.0,334.0,328.0,418.0
370.0,112.0,357.0,315.0,418.0
315.0,149.0,460.0,184.0,384.0
480.0,130.0,402.0,353.0,418.0
395.0,38.0,448.0,138.0,452.0
183.0,88.0,340.0,284.0,282.0
425.0,206.0,603.0,121.0,282.0
636.0,183.0,509.0,289.0,406.0
315.0,68.0,512.0,156.0,264.0
508.0,86.0,574.0,226.0,98.0
307.0,97.0,56.0,315.0,504.0
434.0,98.0,438.0,343.0,335.0
292.0,107.0,363.0,226.0,282.0
636.0,106.0,365.0,184.0,199.0
447.0,108.0,310.0,184.0,217.0
315.0,133.0,405.0,608.0,438.0
337.0,183.0,429.0,191.0,341.0
381.0,256.0,363.0,189.0,100.0
644.0,110.0,574.0,639.0,495.0
690.0,209.0,361.0,289.0,363.0
339.0,209.0,660.0,353.0,588.0
692.0,13.0,170.0,196.0,225.0
178.0,105.0,357.0,275.0,504.0
392.0,38.0,621.0,353.0,611.0
206.0,86.0,402.0,283.0,282.0
183.0,95.0,525.0,469.0,469.0
294.0,247.0,430.0,138.0,187.0
425.0,104.0,510.0,319.0,292.0
242.0,203.0,541.0,337.0,401.0
329.0,100.0,501.0,461.0,512.0
370.0,118.0,525.0,190.0,571.0
332.0,36.0,509.0,177.0,217.0
184.0,116.0,567.0,344.0,438.0
191.0,168.0,735.0,38.0,256.0
361.0,67.0,389.0,226.0,282.0
469.0,95.0,512.0,93.0,530.0
411.0,132.0,419.0,146.0,187.0
746.0,90.0,862.0,94.0,308.0
480.0,120.0,310.0,336.0,405.0
242.0,108.0,250.0,196.0,405.0
480.0,67.0,443.0,315.0,434.0
232.0,107.0,512.0,424.0,175.0
242.0,256.0,626.0,217.0,530.0
505.0,247.0,553.0,94.0,327.0
381.0,89.0,764.0,424.0,536.0
519.0,106.0,357.0,296.0,146.0
307.0,102.0,686.0,155.0,167.0
494.0,198.0,496.0,40.0,257.0
184.0,100.0,402.0,177.0,293.0
359.0,102.0,574.0,524.0,587.0
237.0,113.0,361.0,443.0,498.0
242.0,106.0,496.0,432.0,512.0
361.0,101.0,512.0,461.0,65.0
400.0,58.0,801.0,344.0,517.0
513.0,66.0,245.0,408.0,530.0
242.0,146.0,513.0,330.0,568.0
630.0,66.0,512.0,130.0,195.0
365.0,82.0,322.0,306.0,530.0
508.0,177.0,378.0,315.0,223.0
362.0,40.0,365.0,189.0,418.0
494.0,106.0,275.0,182.0,592.0
409.0,118.0,310.0,579.0,531.0
497.0,90.0,526.0,353.0,511.0
244.0,126.0,603.0,333.0,252.0
644.0,132.0,280.0,297.0,468.0
456.0,159.0,135.0,353.0,401.0
494.0,262.0,567.0,184.0,245.0
539.0,132.0,626.0,247.0,384.0
159.0,170.0,489.0,344.0,618.0
241.0,73.0,371.0,196.0,419.0
216.0,97.0,438.0,227.0,332.0
339.0,95.0,806.0,424.0,377.0
478.0,115.0,430.0,94.0,264.0
193.0,87.0,379.0,177.0,367.0
364.0,71.0,340.0,306.0,282.0
413.0,85.0,999.0,328.0,293.0
337.0,106.0,447.0,177.0,401.0
301.0,82.0,677.0,184.0,353.0
491.0,130.0,419.0,353.0,406.0
424.0,105.0,501.0,0.0,544.0
516.0,110.0,430.0,601.0,530.0
502.0,112.0,785.0,304.0,306.0
508.0,102.0,228.0,335.0,611.0
506.0,53.0,603.0,335.0,400.0
434.0,118.0,496.0,275.0,468.0
273.0,171.0,524.0,318.0,401.0
364.0,134.0,228.0,333.0,503.0
690.0,67.0,397.0,504.0,400.0
411.0,90.0,484.0,315.0,292.0
300.0,86.0,567.0,410.0,530.0
262.0,161.0,496.0,311.0,332.0
636.0,126.0,378.0,191.0,293.0
434.0,200.0,509.0,390.0,392.0
373.0,145.0,543.0,390.0,523.0
449.0,209.0,496.0,626.0,592.0
296.0,90.0,322.0,432.0,468.0
241.0,97.0,389.0,361.0,333.0
295.0,66.0,419.0,308.0,588.0
157.0,99.0,30.0,182.0,98.0
307.0,95.0,489.0,43.0,530.0
339.0,45.0,397.0,286.0,284.0
9.0,112.0,570.0,639.0,534.0
574.0,67.0,410.0,349.0,612.0
300.0,194.0,567.0,218.0,264.0
159.0,118.0,402.0,218.0,53.0
409.0,140.0,509.0,311.0,358.0
289.0,197.0,347.0,153.0,394.0
506.0,193.0,512.0,219.0,264.0
0.0,88.0,448.0,217.0,390.0
228.0,116.0,578.0,330.0,468.0
478.0,132.0,448.0,268.0,400.0
417.0,112.0,510.0,311.0,395.0
424.0,86.0,806.0,166.0,606.0
209.0,86.0,554.0,297.0,255.0
701.0,138.0,397.0,196.0,530.0
232.0,132.0,572.0,218.0,391.0
692.0,102.0,526.0,40.0,411.0
390.0,40.0,245.0,166.0,255.0
395.0,90.0,490.0,257.0,363.0
244.0,140.0,379.0,311.0,695.0
242.0,198.0,389.0,153.0,53.0
201.0,102.0,192.0,424.0,468.0
500.0,91.0,23.0,99.0,175.0
190.0,124.0,377.0,121.0,223.0
473.0,159.0,496.0,315.0,449.0
638.0,169.0,429.0,249.0,389.0
152.0,82.0,484.0,330.0,296.0
636.0,118.0,567.0,318.0,367.0
504.0,132.0,339.0,268.0,482.0
690.0,168.0,506.0,718.0,502.0
574.0,90.0,510.0,265.0,504.0
289.0,87.0,447.0,223.0,298.0
701.0,249.0,363.0,330.0,100.0
312.0,13.0,513.0,353.0,438.0
464.0,156.0,280.0,328.0,449.0
456.0,89.0,806.0,113.0,333.0
302.0,82.0,801.0,276.0,434.0
183.0,71.0,450.0,249.0,517.0
457.0,58.0,379.0,286.0,436.0
184.0,206.0,574.0,190.0,332.0
252.0,53.0,363.0,247.0,264.0
395.0,76.0,379.0,192.0,225.0
506.0,85.0,543.0,43.0,199.0
504.0,102.0,310.0,316.0,503.0
636.0,248.0,411.0,518.0,531.0
183.0,107.0,421.0,217.0,229.0
668.0,207.0,426.0,999.0,427.0
184.0,100.0,385.0,361.0,225.0
542.0,40.0,322.0,226.0,363.0
464.0,171.0,660.0,286.0,167.0
542.0,66.0,342.0,94.0,245.0
339.0,66.0,661.0,338.0,592.0
326.0,159.0,466.0,353.0,468.0
456.0,138.0,638.0,524.0,421.0
252.0,85.0,397.0,226.0,377.0
746.0,79.0,422.0,184.0,264.0
500.0,132.0,442.0,336.0,571.0
190.0,99.0,448.0,156.0,271.0
251.0,14.0,371.0,242.0,293.0
354.0,104.0,422.0,155.0,475.0
354.0,66.0,572.0,333.0,427.0
390.0,106.0,436.0,184.0,256.0
370.0,82.0,540.0,361.0,504.0
273.0,105.0,570.0,349.0,424.0
344.0,95.0,573.0,217.0,347.0
191.0,200.0,334.0,218.0,453.0
361.0,91.0,581.0,336.0,436.0
236.0,114.0,496.0,390.0,591.0
434.0,99.0,386.0,626.0,591.0
285.0,200.0,543.0,178.0,390.0
193.0,0.0,267.0,288.0,482.0
556.0,0.0,188.0,318.0,400.0
301.0,0.0,621.0,263.0,469.0
206.0,13.0,567.0,344.0,523.0
331.0,126.0,448.0,241.0,333.0
262.0,950.0,328.0,219.0,534.0
184.0,96.0,554.0,343.0,401.0
542.0,102.0,228.0,121.0,454.0
307.0,102.0,660.0,359.0,389.0
191.0,71.0,660.0,288.0,367.0
434.0,82.0,135.0,276.0,628.0
381.0,184.0,513.0,227.0,476.0
488.0,108.0,448.0,474.0,292.0
256.0,170.0,460.0,189.0,123.0
410.0,91.0,575.0,304.0,420.0
159.0,132.0,567.0,123.0,217.0
315.0,73.0,581.0,347.0,441.0
425.0,68.0,286.0,123.0,271.0
497.0,62.0,512.0,132.0,293.0
585.0,86.0,506.0,528.0,571.0
331.0,52.0,512.0,410.0,318.0
469.0,110.0,539.0,83.0,424.0
333.0,110.0,567.0,184.0,252.0
690.0,223.0,496.0,424.0,512.0
190.0,98.0,223.0,286.0,588.0
513.0,82.0,431.0,184.0,332.0
448.0,110.0,572.0,226.0,405.0
542.0,149.0,999.0,626.0,0.0
392.0,132.0,543.0,469.0,580.0
270.0,203.0,567.0,304.0,482.0
361.0,168.0,695.0,218.0,303.0
307.0,138.0,419.0,491.0,549.0
157.0,115.0,603.0,390.0,498.0
469.0,184.0,429.0,106.0,65.0
307.0,106.0,328.0,424.0,391.0
273.0,207.0,488.0,146.0,0.0
192.0,108.0,572.0,283.0,221.0
296.0,134.0,366.0,155.0,282.0
259.0,113.0,302.0,330.0,339.0
999.0,249.0,573.0,424.0,611.0
449.0,71.0,363.0,257.0,504.0
337.0,51.0,453.0,335.0,449.0
434.0,45.0,556.0,109.0,97.0
297.0,84.0,872.0,366.0,441.0
542.0,169.0,460.0,94.0,335.0
332.0,100.0,322.0,639.0,587.0
206.0,124.0,431.0,337.0,571.0
329.0,73.0,660.0,469.0,504.0
425.0,91.0,525.0,353.0,310.0
337.0,171.0,512.0,469.0,420.0
505.0,147.0,538.0,410.0,591.0
312.0,209.0,581.0,177.0,146.0
183.0,195.0,419.0,424.0,612.0
251.0,113.0,357.0,247.0,303.0
344.0,249.0,322.0,410.0,405.0
237.0,40.0,660.0,524.0,463.0
332.0,183.0,438.0,328.0,436.0
425.0,52.0,554.0,191.0,498.0
636.0,219.0,539.0,94.0,208.0
296.0,197.0,576.0,296.0,225.0
292.0,66.0,192.0,469.0,523.0
425.0,115.0,572.0,315.0,606.0
395.0,118.0,399.0,178.0,406.0
362.0,121.0,363.0,283.0,395.0
692.0,86.0,543.0,595.0,695.0
390.0,209.0,385.0,315.0,263.0
395.0,79.0,512.0,190.0,453.0
520.0,100.0,429.0,69.0,223.0
273.0,209.0,554.0,232.0,427.0
241.0,58.0,534.0,515.0,468.0
183.0,100.0,695.0,300.0,404.0
206.0,108.0,361.0,242.0,453.0
410.0,85.0,302.0,300.0,284.0
417.0,76.0,429.0,625.0,588.0
539.0,113.0,192.0,408.0,523.0
252.0,97.0,366.0,178.0,53.0
425.0,108.0,328.0,184.0,327.0
491.0,91.0,506.0,439.0,332.0
296.0,85.0,328.0,130.0,298.0
506.0,198.0,539.0,390.0,515.0
252.0,36.0,560.0,336.0,446.0
193.0,105.0,430.0,608.0,229.0
434.0,116.0,514.0,156.0,175.0
206.0,523.0,23.0,275.0,229.0
539.0,97.0,361.0,337.0,569.0
478.0,200.0,368.0,123.0,98.0
246.0,101.0,501.0,306.0,420.0
241.0,102.0,567.0,178.0,293.0
465.0,132.0,250.0,353.0,493.0
467.0,138.0,361.0,263.0,515.0
424.0,115.0,442.0,155.0,228.0
425.0,93.0,361.0,202.0,353.0
636.0,219.0,570.0,294.0,367.0
172.0,120.0,357.0,328.0,431.0
256.0,168.0,164.0,129.0,264.0
300.0,82.0,806.0,232.0,347.0
275.0,110.0,342.0,361.0,490.0
556.0,171.0,280.0,286.0,363.0
365.0,120.0,496.0,202.0,255.0
361.0,115.0,429.0,232.0,318.0
520.0,89.0,410.0,262.0,418.0
339.0,96.0,322.0,286.0,284.0
409.0,133.0,361.0,283.0,175.0
308.0,66.0,468.0,43.0,468.0
291.0,65.0,468.0,130.0,463.0
392.0,96.0,361.0,304.0,377.0
236.0,108.0,488.0,270.0,320.0
252.0,249.0,379.0,182.0,390.0
236.0,136.0,56.0,518.0,476.0
307.0,198.0,862.0,156.0,523.0
425.0,169.0,626.0,286.0,392.0
519.0,91.0,482.0,178.0,389.0
644.0,110.0,402.0,192.0,208.0
288.0,66.0,280.0,424.0,499.0
297.0,107.0,540.0,474.0,517.0
506.0,124.0,512.0,217.0,335.0
464.0,223.0,525.0,639.0,571.0
237.0,90.0,410.0,202.0,300.0
273.0,135.0,514.0,316.0,298.0
201.0,44.0,512.0,265.0,419.0
469.0,132.0,512.0,109.0,530.0
191.0,102.0,328.0,414.0,449.0
237.0,146.0,677.0,97.0,100.0
9.0,168.0,484.0,232.0,517.0
644.0,66.0,422.0,40.0,282.0
473.0,138.0,572.0,316.0,503.0
206.0,96.0,748.0,469.0,400.0
159.0,113.0,578.0,130.0,282.0
494.0,97.0,468.0,184.0,463.0
434.0,70.0,228.0,361.0,332.0
184.0,73.0,677.0,333.0,339.0
354.0,256.0,342.0,424.0,446.0
395.0,112.0,234.0,316.0,390.0
502.0,93.0,489.0,275.0,475.0
500.0,109.0,327.0,328.0,499.0
574.0,99.0,582.0,283.0,434.0
449.0,102.0,660.0,626.0,580.0
505.0,76.0,364.0,155.0,255.0
308.0,38.0,431.0,226.0,339.0
329.0,118.0,429.0,625.0,476.0
256.0,146.0,574.0,370.0,264.0
307.0,18.0,540.0,318.0,394.0
392.0,143.0,363.0,390.0,256.0
417.0,71.0,999.0,316.0,490.0
668.0,100.0,556.0,366.0,495.0
505.0,124.0,363.0,123.0,228.0
395.0,175.0,448.0,306.0,391.0
434.0,138.0,402.0,195.0,261.0
520.0,140.0,567.0,262.0,394.0
569.0,146.0,442.0,622.0,530.0
513.0,169.0,509.0,94.0,53.0
241.0,96.0,389.0,458.0,421.0
458.0,106.0,610.0,595.0,468.0
251.0,125.0,430.0,300.0,394.0
395.0,198.0,505.0,275.0,390.0
457.0,121.0,509.0,153.0,530.0
516.0,100.0,286.0,97.0,411.0
556.0,203.0,56.0,528.0,406.0
539.0,99.0,806.0,366.0,427.0
256.0,100.0,540.0,608.0,98.0
456.0,38.0,361.0,608.0,530.0
291.0,123.0,524.0,333.0,332.0
434.0,193.0,509.0,289.0,420.0
209.0,138.0,256.0,184.0,394.0
508.0,70.0,443.0,319.0,456.0
455.0,156.0,228.0,275.0,229.0
373.0,139.0,228.0,97.0,390.0
359.0,134.0,660.0,265.0,530.0
241.0,102.0,397.0,182.0,195.0
636.0,53.0,361.0,344.0,255.0
291.0,102.0,819.0,106.0,306.0
183.0,115.0,581.0,40.0,223.0
259.0,138.0,280.0,154.0,335.0
542.0,146.0,363.0,289.0,427.0
539.0,184.0,660.0,220.0,298.0
456.0,107.0,512.0,284.0,498.0
508.0,92.0,389.0,424.0,339.0
296.0,134.0,357.0,410.0,588.0
228.0,67.0,322.0,153.0,217.0
252.0,14.0,421.0,308.0,446.0
291.0,118.0,512.0,69.0,347.0
390.0,256.0,364.0,241.0,406.0
411.0,145.0,328.0,286.0,252.0
370.0,118.0,339.0,195.0,252.0
494.0,248.0,443.0,126.0,284.0
574.0,132.0,582.0,424.0,392.0
183.0,193.0,402.0,178.0,124.0
390.0,58.0,363.0,110.0,376.0
574.0,146.0,553.0,430.0,427.0
431.0,207.0,334.0,262.0,284.0
354.0,102.0,234.0,200.0,302.0
326.0,132.0,342.0,94.0,255.0
252.0,105.0,379.0,338.0,427.0
302.0,115.0,512.0,311.0,400.0
302.0,67.0,570.0,247.0,332.0
332.0,133.0,726.0,330.0,465.0
464.0,136.0,379.0,315.0,612.0
252.0,93.0,553.0,155.0,257.0
364.0,108.0,468.0,184.0,284.0
392.0,106.0,411.0,371.0,418.0
542.0,108.0,256.0,361.0,502.0
395.0,67.0,430.0,328.0,232.0
513.0,67.0,567.0,958.0,580.0
292.0,107.0,357.0,410.0,217.0
668.0,105.0,410.0,184.0,229.0
256.0,100.0,361.0,639.0,534.0
285.0,206.0,417.0,347.0,395.0
392.0,89.0,553.0,268.0,271.0
359.0,168.0,576.0,155.0,199.0
458.0,108.0,513.0,515.0,544.0
266.0,143.0,302.0,356.0,427.0
183.0,118.0,466.0,196.0,256.0
262.0,96.0,442.0,129.0,223.0
542.0,118.0,442.0,270.0,384.0
431.0,76.0,228.0,318.0,502.0
192.0,88.0,393.0,518.0,261.0
516.0,134.0,543.0,411.0,495.0
296.0,97.0,621.0,390.0,475.0
390.0,86.0,496.0,275.0,454.0
183.0,110.0,570.0,184.0,245.0
361.0,106.0,560.0,366.0,252.0
362.0,108.0,426.0,184.0,263.0
373.0,108.0,484.0,262.0,363.0
505.0,133.0,585.0,113.0,214.0
465.0,149.0,328.0,40.0,261.0
520.0,132.0,56.0,249.0,245.0
251.0,87.0,476.0,286.0,544.0
315.0,18.0,572.0,241.0,261.0
307.0,82.0,534.0,491.0,569.0
270.0,118.0,334.0,424.0,436.0
542.0,96.0,351.0,265.0,347.0
289.0,256.0,539.0,200.0,221.0
236.0,183.0,431.0,336.0,427.0
190.0,58.0,30.0,121.0,618.0
465.0,66.0,621.0,595.0,588.0
191.0,195.0,510.0,226.0,256.0
291.0,71.0,748.0,424.0,449.0
228.0,115.0,501.0,93.0,553.0
285.0,95.0,431.0,304.0,320.0
157.0,132.0,448.0,390.0,468.0
500.0,209.0,267.0,184.0,263.0
242.0,116.0,488.0,190.0,512.0
585.0,118.0,417.0,283.0,268.0
172.0,98.0,512.0,595.0,511.0
152.0,86.0,339.0,190.0,498.0
488.0,149.0,442.0,311.0,257.0
292.0,62.0,228.0,639.0,536.0
508.0,102.0,429.0,146.0,150.0
301.0,45.0,512.0,335.0,453.0
409.0,96.0,379.0,414.0,264.0
289.0,206.0,538.0,625.0,233.0
488.0,70.0,402.0,469.0,395.0
0.0,96.0,610.0,528.0,367.0
563.0,123.0,582.0,286.0,523.0
242.0,97.0,525.0,196.0,454.0
292.0,9.0,402.0,622.0,504.0
411.0,67.0,250.0,625.0,530.0
192.0,206.0,310.0,286.0,503.0
411.0,53.0,385.0,491.0,245.0
395.0,86.0,448.0,441.0,534.0
206.0,136.0,365.0,625.0,463.0
216.0,105.0,438.0,315.0,431.0
500.0,171.0,509.0,217.0,98.0
242.0,82.0,567.0,268.0,320.0
178.0,92.0,23.0,155.0,303.0
236.0,100.0,621.0,518.0,523.0
410.0,45.0,417.0,647.0,482.0
425.0,102.0,735.0,491.0,400.0
236.0,132.0,430.0,83.0,271.0
488.0,88.0,509.0,190.0,392.0
508.0,80.0,328.0,366.0,123.0
471.0,66.0,514.0,486.0,223.0
149.0,90.0,334.0,268.0,436.0
320.0,159.0,164.0,296.0,482.0
320.0,154.0,490.0,286.0,384.0
473.0,209.0,468.0,190.0,228.0
183.0,80.0,361.0,218.0,232.0
364.0,146.0,801.0,411.0,232.0
542.0,79.0,489.0,318.0,421.0
301.0,97.0,574.0,223.0,245.0
216.0,223.0,429.0,69.0,261.0
411.0,194.0,361.0,328.0,332.0
373.0,118.0,402.0,40.0,53.0
192.0,135.0,399.0,639.0,261.0
619.0,102.0,334.0,430.0,549.0
425.0,115.0,543.0,330.0,335.0
157.0,52.0,93.0,304.0,318.0
339.0,70.0,334.0,343.0,293.0
251.0,110.0,578.0,441.0,264.0
690.0,88.0,619.0,304.0,504.0
365.0,86.0,573.0,94.0,531.0
164.0,36.0,23.0,69.0,225.0
291.0,93.0,431.0,449.0,446.0
246.0,193.0,421.0,153.0,398.0
458.0,101.0,385.0,504.0,401.0
473.0,9.0,573.0,184.0,504.0
519.0,14.0,505.0,408.0,341.0
457.0,93.0,466.0,424.0,606.0
469.0,66.0,339.0,99.0,298.0
494.0,138.0,256.0,469.0,580.0
364.0,108.0,339.0,318.0,395.0
448.0,70.0,328.0,223.0,456.0
329.0,109.0,862.0,93.0,306.0
464.0,194.0,489.0,958.0,569.0
193.0,112.0,402.0,109.0,465.0
513.0,118.0,506.0,300.0,407.0
296.0,168.0,431.0,184.0,320.0
999.0,79.0,135.0,432.0,367.0
190.0,107.0,447.0,129.0,146.0
373.0,115.0,660.0,110.0,300.0
172.0,58.0,322.0,333.0,421.0
692.0,115.0,429.0,227.0,187.0
344.0,256.0,379.0,335.0,392.0
252.0,132.0,575.0,504.0,282.0
301.0,76.0,512.0,316.0,284.0
172.0,111.0,267.0,316.0,404.0
365.0,67.0,245.0,288.0,245.0
409.0,109.0,539.0,155.0,221.0
320.0,96.0,538.0,333.0,335.0
467.0,209.0,192.0,347.0,353.0
520.0,109.0,541.0,316.0,454.0
190.0,87.0,567.0,94.0,245.0
508.0,175.0,581.0,304.0,353.0
395.0,9.0,443.0,155.0,498.0
425.0,71.0,442.0,386.0,255.0
183.0,132.0,490.0,121.0,150.0
242.0,108.0,661.0,121.0,390.0
292.0,168.0,363.0,625.0,421.0
331.0,106.0,23.0,275.0,229.0
266.0,950.0,442.0,411.0,421.0
295.0,209.0,764.0,275.0,358.0
392.0,93.0,510.0,184.0,257.0
425.0,95.0,554.0,439.0,245.0
193.0,97.0,567.0,958.0,517.0
471.0,67.0,658.0,370.0,469.0
184.0,0.0,56.0,184.0,332.0
370.0,66.0,361.0,270.0,618.0
238.0,106.0,402.0,223.0,434.0
500.0,76.0,426.0,184.0,468.0
232.0,116.0,245.0,153.0,310.0
192.0,112.0,256.0,265.0,284.0
273.0,138.0,389.0,518.0,367.0
262.0,194.0,361.0,138.0,419.0
410.0,105.0,661.0,411.0,588.0
278.0,36.0,505.0,443.0,591.0
425.0,136.0,421.0,410.0,446.0
315.0,82.0,872.0,504.0,569.0
359.0,40.0,572.0,528.0,446.0
409.0,200.0,250.0,138.0,420.0
630.0,121.0,442.0,155.0,98.0
228.0,65.0,431.0,189.0,335.0
300.0,950.0,334.0,338.0,523.0
425.0,108.0,228.0,333.0,490.0
285.0,111.0,538.0,130.0,296.0
542.0,102.0,509.0,130.0,339.0
520.0,183.0,256.0,202.0,284.0
455.0,209.0,443.0,356.0,504.0
519.0,248.0,511.0,155.0,271.0
425.0,248.0,56.0,184.0,512.0
242.0,206.0,453.0,93.0,268.0
392.0,140.0,512.0,408.0,394.0
417.0,111.0,361.0,83.0,268.0
292.0,106.0,315.0,424.0,453.0
241.0,68.0,581.0,138.0,195.0
701.0,38.0,488.0,518.0,536.0
246.0,44.0,619.0,353.0,436.0
434.0,18.0,402.0,289.0,407.0
191.0,195.0,512.0,184.0,263.0
465.0,87.0,496.0,999.0,999.0
270.0,132.0,490.0,458.0,536.0
574.0,58.0,334.0,275.0,268.0
354.0,109.0,429.0,232.0,391.0
236.0,88.0,385.0,155.0,264.0
478.0,95.0,526.0,608.0,284.0
520.0,66.0,661.0,283.0,515.0
539.0,58.0,389.0,220.0,320.0
157.0,175.0,526.0,366.0,420.0
0.0,96.0,573.0,93.0,391.0
307.0,109.0,361.0,432.0,468.0
237.0,84.0,245.0,227.0,534.0
513.0,200.0,525.0,192.0,358.0
473.0,999.0,748.0,474.0,436.0
411.0,85.0,334.0,353.0,465.0
172.0,58.0,496.0,386.0,441.0
157.0,140.0,385.0,311.0,523.0
308.0,126.0,315.0,226.0,490.0
339.0,138.0,366.0,595.0,628.0
403.0,82.0,576.0,390.0,346.0
500.0,132.0,576.0,622.0,123.0
270.0,134.0,450.0,0.0,264.0
292.0,105.0,661.0,366.0,517.0
362.0,0.0,371.0,315.0,587.0
236.0,161.0,510.0,330.0,463.0
392.0,147.0,256.0,40.0,264.0
448.0,121.0,582.0,474.0,482.0
332.0,102.0,351.0,121.0,300.0
302.0,82.0,398.0,439.0,611.0
449.0,999.0,339.0,626.0,454.0
690.0,82.0,365.0,491.0,420.0
644.0,73.0,410.0,241.0,320.0
636.0,183.0,357.0,190.0,335.0
630.0,36.0,543.0,424.0,229.0
152.0,90.0,512.0,217.0,284.0
556.0,133.0,488.0,178.0,293.0
508.0,198.0,610.0,300.0,308.0
157.0,203.0,442.0,525.0,531.0
519.0,121.0,164.0,226.0,264.0
500.0,140.0,379.0,353.0,582.0
0.0,105.0,526.0,283.0,405.0
152.0,66.0,448.0,469.0,310.0
295.0,105.0,482.0,311.0,146.0
636.0,108.0,361.0,177.0,264.0
506.0,209.0,443.0,297.0,530.0
668.0,209.0,448.0,366.0,420.0
370.0,209.0,265.0,223.0,292.0
157.0,14.0,872.0,353.0,191.0
333.0,102.0,114.0,200.0,568.0
395.0,76.0,419.0,390.0,503.0
326.0,143.0,541.0,83.0,65.0
455.0,219.0,505.0,189.0,255.0
295.0,206.0,366.0,311.0,232.0
447.0,177.0,525.0,184.0,282.0
307.0,136.0,447.0,241.0,217.0
425.0,91.0,512.0,344.0,398.0
516.0,169.0,328.0,304.0,282.0
585.0,200.0,430.0,424.0,569.0
302.0,108.0,398.0,300.0,568.0
394.0,209.0,379.0,311.0,310.0
424.0,38.0,280.0,129.0,208.0
539.0,53.0,638.0,424.0,476.0
403.0,108.0,328.0,370.0,358.0
192.0,106.0,543.0,361.0,245.0
488.0,249.0,484.0,359.0,469.0
508.0,106.0,361.0,123.0,421.0
392.0,115.0,448.0,469.0,588.0
244.0,58.0,509.0,782.0,536.0
455.0,102.0,402.0,337.0,504.0
370.0,88.0,660.0,439.0,320.0
172.0,111.0,610.0,366.0,123.0
178.0,154.0,501.0,219.0,263.0
292.0,145.0,585.0,275.0,568.0
301.0,92.0,539.0,461.0,341.0
244.0,161.0,322.0,83.0,499.0
238.0,91.0,453.0,622.0,441.0
410.0,209.0,448.0,718.0,229.0
636.0,98.0,574.0,353.0,465.0
504.0,207.0,310.0,268.0,502.0
152.0,134.0,540.0,432.0,611.0
638.0,89.0,334.0,304.0,404.0
9.0,262.0,442.0,353.0,427.0
252.0,209.0,286.0,311.0,347.0
201.0,101.0,377.0,38.0,225.0
425.0,66.0,489.0,601.0,346.0
266.0,100.0,265.0,390.0,511.0
447.0,71.0,386.0,155.0,221.0
410.0,85.0,429.0,315.0,298.0
394.0,71.0,448.0,328.0,504.0
344.0,139.0,431.0,156.0,486.0
252.0,175.0,570.0,424.0,588.0
193.0,106.0,489.0,132.0,332.0
448.0,107.0,660.0,218.0,263.0
242.0,175.0,429.0,458.0,463.0
259.0,950.0,328.0,390.0,582.0
478.0,106.0,801.0,109.0,298.0
370.0,209.0,506.0,501.0,517.0
519.0,91.0,509.0,268.0,523.0
456.0,132.0,576.0,223.0,431.0
294.0,121.0,578.0,366.0,401.0
630.0,100.0,496.0,333.0,523.0
504.0,168.0,422.0,441.0,446.0
275.0,171.0,460.0,156.0,98.0
329.0,106.0,509.0,182.0,264.0
295.0,0.0,228.0,218.0,536.0
152.0,146.0,538.0,123.0,465.0
242.0,118.0,511.0,315.0,339.0
201.0,109.0,280.0,491.0,490.0
256.0,108.0,510.0,458.0,571.0
457.0,109.0,801.0,335.0,419.0
410.0,161.0,265.0,353.0,588.0
434.0,106.0,513.0,318.0,406.0
494.0,86.0,351.0,138.0,225.0
464.0,58.0,399.0,622.0,482.0
296.0,143.0,364.0,155.0,214.0
395.0,140.0,351.0,196.0,482.0
339.0,110.0,513.0,223.0,347.0
365.0,130.0,506.0,461.0,405.0
275.0,140.0,748.0,469.0,400.0
244.0,247.0,339.0,370.0,580.0
638.0,121.0,365.0,366.0,427.0
152.0,44.0,422.0,126.0,389.0
307.0,105.0,431.0,94.0,282.0
192.0,89.0,402.0,315.0,498.0
502.0,111.0,379.0,390.0,391.0
690.0,107.0,512.0,93.0,100.0
395.0,9.0,389.0,319.0,261.0
448.0,147.0,660.0,469.0,420.0
519.0,132.0,357.0,294.0,531.0
252.0,90.0,302.0,647.0,612.0
425.0,156.0,371.0,190.0,498.0
410.0,111.0,686.0,625.0,284.0
184.0,95.0,509.0,178.0,256.0
409.0,85.0,575.0,69.0,98.0
392.0,100.0,539.0,223.0,98.0
183.0,183.0,421.0,109.0,377.0
296.0,91.0,135.0,411.0,407.0
315.0,98.0,363.0,184.0,308.0
252.0,126.0,322.0,296.0,420.0
241.0,91.0,386.0,601.0,420.0
447.0,70.0,476.0,304.0,233.0
434.0,114.0,660.0,408.0,395.0
183.0,108.0,30.0,439.0,495.0
569.0,193.0,539.0,155.0,100.0
190.0,156.0,539.0,347.0,503.0
157.0,106.0,361.0,286.0,376.0
206.0,133.0,430.0,424.0,530.0
307.0,58.0,538.0,226.0,256.0
392.0,171.0,339.0,458.0,493.0
394.0,102.0,578.0,184.0,100.0
413.0,108.0,748.0,353.0,293.0
644.0,93.0,411.0,311.0,308.0
301.0,123.0,512.0,275.0,549.0
236.0,195.0,429.0,184.0,150.0
585.0,91.0,661.0,371.0,580.0
520.0,118.0,484.0,168.0,225.0
465.0,73.0,512.0,626.0,544.0
237.0,100.0,658.0,333.0,346.0
332.0,40.0,322.0,328.0,438.0
448.0,100.0,621.0,262.0,332.0
569.0,102.0,30.0,0.0,530.0
206.0,108.0,575.0,220.0,298.0
307.0,51.0,410.0,283.0,333.0
339.0,139.0,509.0,335.0,418.0
302.0,121.0,509.0,242.0,353.0
424.0,91.0,543.0,83.0,229.0
301.0,90.0,638.0,97.0,264.0
542.0,110.0,363.0,625.0,401.0
246.0,65.0,93.0,286.0,229.0
519.0,171.0,429.0,311.0,339.0
542.0,108.0,686.0,132.0,228.0
312.0,106.0,399.0,390.0,389.0
301.0,108.0,534.0,432.0,465.0
542.0,170.0,334.0,999.0,611.0
256.0,96.0,442.0,110.0,588.0
522.0,108.0,448.0,184.0,257.0
252.0,106.0,234.0,268.0,346.0
252.0,84.0,386.0,958.0,883.0
216.0,106.0,322.0,408.0,333.0
361.0,100.0,453.0,218.0,358.0
329.0,200.0,351.0,262.0,256.0
184.0,100.0,188.0,268.0,530.0
183.0,120.0,228.0,562.0,611.0
9.0,134.0,256.0,579.0,517.0
522.0,79.0,541.0,410.0,427.0
473.0,115.0,510.0,308.0,502.0
765.0,118.0,327.0,647.0,427.0
262.0,51.0,621.0,328.0,123.0
275.0,132.0,553.0,110.0,446.0
242.0,36.0,351.0,286.0,278.0
410.0,93.0,334.0,579.0,400.0
191.0,132.0,363.0,408.0,534.0
297.0,107.0,164.0,306.0,310.0
183.0,206.0,365.0,123.0,0.0
307.0,95.0,402.0,284.0,256.0
467.0,110.0,603.0,223.0,332.0
508.0,102.0,460.0,154.0,195.0
206.0,124.0,328.0,249.0,389.0
504.0,115.0,578.0,515.0,465.0
469.0,73.0,334.0,286.0,436.0
506.0,45.0,322.0,113.0,195.0
395.0,52.0,286.0,486.0,582.0
365.0,123.0,525.0,491.0,367.0
288.0,91.0,453.0,227.0,303.0
701.0,209.0,585.0,43.0,233.0
394.0,105.0,534.0,129.0,264.0
184.0,140.0,539.0,370.0,427.0
447.0,118.0,525.0,338.0,256.0
505.0,112.0,342.0,40.0,150.0
478.0,102.0,453.0,94.0,406.0
520.0,109.0,361.0,491.0,465.0
333.0,100.0,389.0,424.0,588.0
308.0,58.0,476.0,132.0,424.0
395.0,140.0,192.0,113.0,531.0
329.0,248.0,510.0,639.0,628.0
425.0,106.0,460.0,276.0,424.0
294.0,108.0,450.0,106.0,367.0
434.0,140.0,438.0,296.0,367.0
630.0,102.0,357.0,390.0,587.0
457.0,100.0,429.0,146.0,255.0
409.0,197.0,402.0,195.0,580.0
395.0,90.0,405.0,315.0,191.0
563.0,71.0,402.0,296.0,358.0
494.0,159.0,482.0,579.0,587.0
520.0,999.0,164.0,311.0,97.0
275.0,135.0,429.0,501.0,292.0
295.0,170.0,327.0,432.0,347.0
332.0,123.0,93.0,153.0,25.0
241.0,111.0,543.0,449.0,228.0
409.0,93.0,553.0,366.0,263.0
326.0,58.0,660.0,515.0,469.0
467.0,115.0,512.0,411.0,531.0
326.0,106.0,489.0,353.0,498.0
183.0,132.0,438.0,270.0,523.0
339.0,108.0,426.0,408.0,394.0
381.0,108.0,999.0,286.0,628.0
337.0,134.0,484.0,223.0,191.0
392.0,200.0,567.0,247.0,284.0
373.0,999.0,442.0,93.0,611.0
308.0,950.0,448.0,384.0,544.0
292.0,108.0,442.0,196.0,284.0
183.0,115.0,512.0,371.0,544.0
469.0,110.0,164.0,343.0,252.0
331.0,134.0,368.0,192.0,252.0
636.0,90.0,576.0,190.0,390.0
478.0,156.0,658.0,184.0,221.0
417.0,73.0,351.0,424.0,449.0
312.0,105.0,170.0,349.0,469.0
473.0,156.0,280.0,296.0,395.0
520.0,147.0,310.0,40.0,453.0
434.0,126.0,476.0,424.0,264.0
232.0,102.0,377.0,432.0,475.0
307.0,124.0,501.0,525.0,568.0
478.0,168.0,525.0,223.0,421.0
390.0,109.0,361.0,469.0,300.0
236.0,115.0,448.0,223.0,303.0
275.0,66.0,245.0,361.0,332.0
409.0,219.0,328.0,318.0,65.0
354.0,90.0,430.0,343.0,282.0
307.0,197.0,334.0,289.0,310.0
410.0,82.0,334.0,275.0,367.0
471.0,91.0,482.0,184.0,284.0
339.0,140.0,429.0,343.0,223.0
270.0,123.0,572.0,219.0,303.0
569.0,203.0,541.0,219.0,530.0
394.0,134.0,364.0,608.0,228.0
370.0,95.0,365.0,283.0,187.0
159.0,79.0,525.0,145.0,493.0
392.0,168.0,585.0,347.0,427.0
307.0,109.0,334.0,106.0,363.0
638.0,106.0,0.0,155.0,367.0
365.0,110.0,581.0,315.0,302.0
413.0,51.0,554.0,311.0,517.0
296.0,102.0,234.0,275.0,395.0
252.0,90.0,429.0,999.0,347.0
542.0,118.0,265.0,192.0,394.0
285.0,126.0,525.0,469.0,332.0
296.0,97.0,347.0,304.0,187.0
638.0,195.0,448.0,284.0,465.0
236.0,108.0,315.0,782.0,233.0
362.0,113.0,514.0,218.0,306.0
508.0,193.0,265.0,504.0,395.0
337.0,115.0,556.0,338.0,419.0
292.0,107.0,735.0,283.0,339.0
469.0,109.0,267.0,328.0,465.0
395.0,58.0,540.0,353.0,495.0
251.0,107.0,322.0,184.0,333.0
183.0,135.0,322.0,262.0,449.0
409.0,112.0,357.0,410.0,582.0
411.0,219.0,543.0,270.0,282.0
296.0,194.0,351.0,343.0,569.0
157.0,161.0,525.0,242.0,268.0
183.0,76.0,402.0,283.0,421.0
556.0,87.0,764.0,263.0,391.0
339.0,106.0,862.0,190.0,252.0
242.0,76.0,361.0,294.0,377.0
190.0,96.0,578.0,130.0,303.0
183.0,209.0,399.0,304.0,65.0
285.0,121.0,23.0,270.0,394.0
500.0,168.0,660.0,263.0,376.0
394.0,76.0,524.0,525.0,536.0
999.0,132.0,509.0,353.0,468.0
354.0,219.0,339.0,196.0,268.0
183.0,71.0,543.0,999.0,999.0
252.0,140.0,357.0,390.0,523.0
262.0,105.0,286.0,223.0,225.0
331.0,93.0,361.0,283.0,228.0
288.0,193.0,619.0,81.0,549.0
636.0,159.0,393.0,335.0,493.0
638.0,106.0,365.0,424.0,517.0
320.0,105.0,386.0,184.0,341.0
425.0,71.0,525.0,219.0,486.0
999.0,87.0,315.0,408.0,228.0
251.0,87.0,328.0,328.0,446.0
400.0,169.0,315.0,83.0,592.0
456.0,96.0,490.0,223.0,587.0
539.0,118.0,748.0,191.0,223.0
542.0,121.0,525.0,328.0,515.0
149.0,112.0,364.0,178.0,53.0
201.0,105.0,660.0,69.0,252.0
513.0,175.0,448.0,424.0,245.0
365.0,80.0,626.0,217.0,282.0
556.0,84.0,660.0,474.0,449.0
307.0,249.0,567.0,304.0,465.0
262.0,84.0,379.0,109.0,282.0
294.0,70.0,421.0,129.0,225.0
252.0,57.0,448.0,424.0,454.0
291.0,207.0,30.0,276.0,302.0
644.0,121.0,234.0,99.0,306.0
574.0,108.0,322.0,335.0,424.0
149.0,65.0,513.0,93.0,100.0
425.0,40.0,339.0,153.0,282.0
480.0,104.0,368.0,678.0,0.0
308.0,209.0,411.0,223.0,363.0
508.0,123.0,223.0,359.0,441.0
157.0,200.0,245.0,304.0,449.0
434.0,132.0,575.0,106.0,150.0
373.0,93.0,511.0,40.0,146.0
424.0,134.0,695.0,106.0,592.0
307.0,248.0,450.0,94.0,438.0
392.0,115.0,334.0,130.0,587.0
192.0,132.0,385.0,81.0,282.0
431.0,170.0,340.0,132.0,446.0
315.0,92.0,482.0,504.0,441.0
285.0,118.0,619.0,156.0,221.0
690.0,76.0,402.0,154.0,405.0
294.0,80.0,398.0,63.0,233.0
456.0,97.0,442.0,333.0,486.0
556.0,105.0,509.0,622.0,293.0
392.0,38.0,573.0,304.0,217.0
278.0,86.0,56.0,284.0,405.0
241.0,58.0,361.0,469.0,569.0
237.0,112.0,426.0,145.0,404.0
409.0,149.0,453.0,189.0,308.0
373.0,183.0,512.0,289.0,223.0
307.0,114.0,785.0,94.0,284.0
273.0,106.0,466.0,370.0,228.0
409.0,98.0,347.0,297.0,419.0
425.0,120.0,573.0,353.0,398.0
448.0,140.0,578.0,999.0,999.0
392.0,110.0,512.0,782.0,591.0
297.0,87.0,170.0,361.0,580.0
315.0,132.0,582.0,288.0,245.0
395.0,146.0,660.0,130.0,221.0
668.0,76.0,368.0,283.0,419.0
209.0,145.0,363.0,424.0,523.0
506.0,82.0,511.0,155.0,298.0
457.0,194.0,509.0,424.0,538.0
516.0,132.0,525.0,426.0,418.0
242.0,219.0,540.0,439.0,418.0
244.0,102.0,363.0,196.0,225.0
410.0,102.0,265.0,626.0,728.0
448.0,118.0,430.0,411.0,490.0
9.0,249.0,334.0,524.0,341.0
424.0,100.0,525.0,81.0,332.0
467.0,132.0,448.0,330.0,217.0
381.0,145.0,399.0,184.0,223.0
315.0,38.0,567.0,304.0,264.0
206.0,40.0,567.0,178.0,268.0
252.0,65.0,389.0,297.0,214.0
505.0,207.0,448.0,195.0,418.0
410.0,169.0,347.0,424.0,465.0
232.0,9.0,280.0,166.0,225.0
373.0,129.0,460.0,449.0,504.0
431.0,73.0,509.0,343.0,191.0
315.0,102.0,405.0,217.0,255.0
111.0,121.0,626.0,121.0,98.0
395.0,85.0,419.0,275.0,569.0
288.0,89.0,429.0,219.0,332.0
520.0,134.0,339.0,196.0,404.0
569.0,9.0,419.0,195.0,293.0
431.0,200.0,443.0,247.0,268.0
425.0,102.0,554.0,126.0,406.0
373.0,169.0,328.0,241.0,214.0
152.0,168.0,496.0,318.0,400.0
456.0,115.0,368.0,311.0,296.0
585.0,100.0,785.0,306.0,580.0
520.0,93.0,578.0,226.0,376.0
520.0,121.0,512.0,328.0,335.0
361.0,58.0,476.0,528.0,449.0
392.0,118.0,513.0,296.0,571.0
469.0,0.0,322.0,370.0,511.0
295.0,99.0,489.0,430.0,394.0
539.0,108.0,496.0,129.0,98.0
473.0,113.0,361.0,424.0,511.0
331.0,209.0,164.0,347.0,392.0
409.0,92.0,448.0,220.0,245.0
365.0,109.0,0.0,353.0,400.0
434.0,70.0,448.0,411.0,257.0
668.0,169.0,619.0,94.0,332.0
410.0,120.0,322.0,311.0,453.0
373.0,143.0,801.0,297.0,449.0
417.0,13.0,484.0,439.0,353.0
256.0,58.0,366.0,178.0,228.0
464.0,106.0,506.0,283.0,98.0
574.0,88.0,226.0,97.0,395.0
448.0,118.0,328.0,486.0,233.0
362.0,97.0,705.0,443.0,612.0
395.0,146.0,442.0,353.0,499.0
172.0,106.0,351.0,94.0,284.0
278.0,140.0,570.0,518.0,531.0
390.0,65.0,447.0,486.0,544.0
307.0,53.0,265.0,411.0,465.0
692.0,168.0,677.0,347.0,531.0
296.0,53.0,442.0,268.0,400.0
448.0,132.0,245.0,217.0,282.0
556.0,121.0,429.0,275.0,418.0
619.0,138.0,540.0,366.0,306.0
190.0,108.0,361.0,132.0,611.0
473.0,52.0,442.0,333.0,335.0
373.0,105.0,226.0,336.0,427.0
364.0,132.0,366.0,328.0,424.0
395.0,100.0,872.0,359.0,261.0
473.0,112.0,525.0,263.0,453.0
308.0,86.0,541.0,294.0,296.0
638.0,126.0,135.0,678.0,530.0
364.0,203.0,496.0,195.0,333.0
456.0,85.0,448.0,469.0,544.0
241.0,219.0,447.0,297.0,284.0
390.0,100.0,429.0,242.0,282.0
481.0,169.0,686.0,562.0,523.0
491.0,154.0,554.0,515.0,332.0
457.0,73.0,476.0,424.0,523.0
0.0,169.0,334.0,525.0,308.0
456.0,96.0,638.0,155.0,150.0
228.0,108.0,436.0,958.0,225.0
236.0,40.0,567.0,130.0,187.0
361.0,121.0,573.0,283.0,346.0
297.0,91.0,267.0,304.0,405.0
424.0,129.0,399.0,145.0,25.0
448.0,71.0,506.0,338.0,468.0
241.0,114.0,554.0,366.0,358.0
520.0,249.0,93.0,308.0,530.0
497.0,118.0,286.0,333.0,418.0
395.0,123.0,170.0,123.0,208.0
410.0,146.0,572.0,318.0,367.0
252.0,183.0,621.0,195.0,257.0
390.0,154.0,422.0,177.0,517.0
244.0,121.0,621.0,177.0,358.0
183.0,170.0,496.0,361.0,611.0
0.0,200.0,363.0,639.0,531.0
464.0,106.0,361.0,525.0,531.0
192.0,67.0,228.0,333.0,332.0
701.0,121.0,430.0,304.0,339.0
206.0,38.0,501.0,249.0,421.0
354.0,87.0,506.0,138.0,538.0
519.0,249.0,573.0,97.0,284.0
206.0,105.0,496.0,155.0,221.0
236.0,113.0,442.0,469.0,499.0
457.0,169.0,514.0,247.0,376.0
339.0,200.0,574.0,146.0,523.0
307.0,66.0,361.0,168.0,376.0
494.0,79.0,267.0,338.0,394.0
395.0,170.0,509.0,283.0,391.0
307.0,58.0,385.0,347.0,486.0
392.0,175.0,256.0,486.0,405.0
542.0,58.0,405.0,304.0,419.0
295.0,121.0,512.0,390.0,456.0
434.0,93.0,510.0,93.0,453.0
395.0,97.0,364.0,232.0,282.0
480.0,248.0,302.0,424.0,495.0
164.0,66.0,538.0,518.0,346.0
159.0,86.0,228.0,97.0,282.0
539.0,247.0,511.0,432.0,482.0
252.0,106.0,512.0,315.0,377.0
563.0,123.0,377.0,608.0,264.0
488.0,194.0,512.0,286.0,618.0
563.0,100.0,660.0,286.0,300.0
746.0,93.0,377.0,289.0,263.0
365.0,109.0,567.0,410.0,468.0
471.0,130.0,560.0,283.0,339.0
690.0,183.0,364.0,241.0,97.0
289.0,123.0,223.0,113.0,98.0
252.0,62.0,610.0,647.0,257.0
206.0,108.0,489.0,371.0,587.0
339.0,206.0,621.0,528.0,468.0
315.0,138.0,366.0,123.0,264.0
262.0,109.0,347.0,782.0,580.0
241.0,140.0,363.0,286.0,493.0
344.0,68.0,574.0,113.0,495.0
458.0,118.0,513.0,328.0,436.0
344.0,113.0,735.0,286.0,191.0
242.0,248.0,658.0,562.0,606.0
361.0,135.0,442.0,275.0,333.0
500.0,198.0,442.0,126.0,191.0
458.0,62.0,450.0,93.0,255.0
394.0,126.0,286.0,275.0,100.0
289.0,247.0,442.0,424.0,587.0
329.0,85.0,509.0,469.0,404.0
455.0,108.0,340.0,286.0,401.0
149.0,105.0,512.0,333.0,405.0
332.0,115.0,543.0,518.0,339.0
364.0,52.0,686.0,330.0,511.0
333.0,82.0,862.0,275.0,284.0
339.0,90.0,389.0,335.0,452.0
522.0,76.0,328.0,288.0,367.0
692.0,58.0,422.0,338.0,398.0
409.0,121.0,660.0,184.0,263.0
467.0,92.0,460.0,83.0,225.0
296.0,177.0,512.0,97.0,298.0
333.0,108.0,621.0,424.0,544.0
504.0,115.0,419.0,184.0,225.0
289.0,115.0,541.0,328.0,476.0
297.0,99.0,567.0,184.0,225.0
361.0,100.0,378.0,220.0,999.0
190.0,91.0,489.0,43.0,97.0
294.0,14.0,361.0,289.0,392.0
359.0,110.0,801.0,93.0,515.0
275.0,113.0,114.0,353.0,332.0
411.0,90.0,422.0,525.0,449.0
157.0,98.0,442.0,275.0,431.0
273.0,84.0,361.0,297.0,587.0
192.0,115.0,862.0,182.0,482.0
192.0,198.0,660.0,184.0,523.0
244.0,57.0,23.0,424.0,517.0
362.0,118.0,421.0,241.0,332.0
434.0,108.0,448.0,217.0,569.0
469.0,87.0,371.0,249.0,320.0
390.0,107.0,448.0,297.0,303.0
292.0,121.0,488.0,270.0,284.0
400.0,58.0,286.0,359.0,538.0
270.0,247.0,347.0,226.0,232.0
392.0,57.0,256.0,336.0,401.0
359.0,97.0,245.0,294.0,282.0
331.0,113.0,534.0,316.0,523.0
192.0,36.0,572.0,343.0,999.0
467.0,79.0,660.0,424.0,419.0
252.0,138.0,310.0,411.0,233.0
206.0,102.0,567.0,608.0,284.0
201.0,45.0,135.0,155.0,245.0
424.0,249.0,397.0,276.0,530.0
478.0,168.0,442.0,288.0,229.0
508.0,203.0,114.0,286.0,468.0
569.0,96.0,426.0,247.0,332.0
331.0,138.0,581.0,449.0,333.0
296.0,133.0,280.0,156.0,404.0
232.0,58.0,490.0,300.0,256.0
331.0,76.0,384.0,333.0,264.0
494.0,102.0,322.0,518.0,407.0
469.0,126.0,417.0,283.0,398.0
266.0,169.0,806.0,227.0,282.0
505.0,999.0,488.0,390.0,436.0
556.0,85.0,567.0,123.0,229.0
395.0,112.0,512.0,63.0,303.0
497.0,118.0,567.0,441.0,591.0
424.0,132.0,488.0,344.0,606.0
505.0,159.0,540.0,43.0,208.0
193.0,203.0,327.0,218.0,293.0
410.0,115.0,999.0,155.0,390.0
464.0,139.0,275.0,386.0,511.0
508.0,91.0,363.0,311.0,292.0
424.0,40.0,363.0,330.0,582.0
238.0,132.0,540.0,196.0,308.0
395.0,90.0,447.0,93.0,0.0
193.0,134.0,819.0,443.0,252.0
370.0,115.0,93.0,249.0,282.0
359.0,115.0,302.0,333.0,298.0
364.0,53.0,363.0,601.0,438.0
400.0,89.0,581.0,333.0,367.0
241.0,86.0,801.0,154.0,293.0
431.0,90.0,543.0,319.0,418.0
505.0,124.0,541.0,284.0,469.0
0.0,135.0,525.0,601.0,591.0
361.0,100.0,430.0,349.0,228.0
395.0,67.0,567.0,528.0,332.0
288.0,95.0,245.0,126.0,225.0
295.0,159.0,328.0,353.0,245.0
270.0,106.0,378.0,182.0,98.0
409.0,102.0,541.0,232.0,544.0
413.0,111.0,443.0,283.0,452.0
431.0,109.0,448.0,232.0,335.0
232.0,58.0,468.0,386.0,384.0
183.0,129.0,443.0,218.0,438.0
464.0,0.0,256.0,153.0,284.0
184.0,134.0,447.0,439.0,191.0
326.0,65.0,377.0,328.0,582.0
506.0,207.0,581.0,121.0,327.0
392.0,108.0,585.0,443.0,208.0
542.0,36.0,524.0,121.0,612.0
241.0,118.0,378.0,155.0,225.0
259.0,71.0,442.0,347.0,406.0
390.0,40.0,399.0,347.0,504.0
294.0,106.0,540.0,315.0,456.0
294.0,96.0,327.0,220.0,195.0
447.0,950.0,361.0,153.0,310.0
520.0,89.0,386.0,308.0,320.0
390.0,145.0,410.0,184.0,406.0
0.0,82.0,402.0,958.0,571.0
294.0,110.0,482.0,223.0,257.0
690.0,124.0,357.0,192.0,296.0
190.0,132.0,402.0,458.0,517.0
191.0,121.0,506.0,408.0,588.0
497.0,197.0,361.0,40.0,97.0
285.0,76.0,402.0,518.0,363.0
473.0,108.0,509.0,191.0,434.0
513.0,126.0,339.0,93.0,199.0
373.0,76.0,361.0,138.0,97.0
373.0,184.0,512.0,97.0,225.0
478.0,82.0,234.0,300.0,536.0
636.0,146.0,364.0,337.0,431.0
508.0,96.0,357.0,315.0,476.0
297.0,93.0,585.0,311.0,420.0
251.0,104.0,164.0,262.0,588.0
209.0,115.0,286.0,155.0,284.0
494.0,97.0,524.0,223.0,544.0
364.0,161.0,442.0,601.0,588.0
339.0,58.0,226.0,38.0,306.0
504.0,40.0,489.0,626.0,534.0
184.0,106.0,430.0,311.0,407.0
448.0,121.0,398.0,625.0,475.0
505.0,135.0,585.0,458.0,332.0
365.0,114.0,509.0,626.0,498.0
157.0,134.0,351.0,94.0,353.0
636.0,53.0,379.0,196.0,199.0
157.0,175.0,764.0,370.0,419.0
191.0,76.0,801.0,424.0,531.0
178.0,161.0,402.0,999.0,553.0
241.0,105.0,560.0,275.0,195.0
424.0,70.0,421.0,308.0,490.0
574.0,105.0,361.0,283.0,347.0
273.0,121.0,556.0,69.0,232.0
339.0,45.0,328.0,81.0,469.0
395.0,194.0,442.0,424.0,261.0
520.0,111.0,575.0,999.0,232.0
456.0,184.0,484.0,424.0,454.0
294.0,106.0,436.0,106.0,406.0
394.0,283.0,397.0,337.0,456.0
273.0,90.0,442.0,625.0,482.0
302.0,87.0,384.0,241.0,476.0
638.0,36.0,553.0,306.0,303.0
0.0,70.0,361.0,155.0,580.0
505.0,90.0,386.0,518.0,530.0
392.0,126.0,361.0,177.0,228.0
339.0,200.0,872.0,200.0,124.0
296.0,90.0,509.0,155.0,225.0
241.0,140.0,512.0,132.0,255.0
252.0,100.0,402.0,223.0,404.0
458.0,126.0,572.0,390.0,419.0
506.0,107.0,512.0,177.0,454.0
242.0,110.0,384.0,316.0,588.0
301.0,108.0,512.0,242.0,335.0
320.0,168.0,426.0,426.0,504.0
395.0,247.0,357.0,297.0,263.0
315.0,168.0,411.0,94.0,293.0
410.0,38.0,510.0,639.0,588.0
206.0,106.0,510.0,294.0,363.0
390.0,132.0,365.0,83.0,229.0
392.0,209.0,399.0,318.0,434.0
456.0,184.0,357.0,316.0,434.0
447.0,45.0,368.0,353.0,592.0
333.0,132.0,267.0,283.0,232.0
455.0,247.0,443.0,43.0,208.0
278.0,67.0,482.0,337.0,523.0
500.0,58.0,626.0,129.0,97.0
411.0,132.0,310.0,232.0,302.0
262.0,40.0,379.0,241.0,298.0
504.0,138.0,426.0,275.0,284.0
403.0,51.0,572.0,366.0,534.0
480.0,89.0,421.0,97.0,261.0
520.0,247.0,364.0,639.0,475.0
241.0,132.0,450.0,275.0,347.0
513.0,112.0,658.0,184.0,229.0
390.0,124.0,371.0,528.0,308.0
237.0,91.0,488.0,184.0,228.0
390.0,138.0,430.0,491.0,592.0
448.0,53.0,361.0,958.0,438.0
447.0,118.0,489.0,123.0,452.0
434.0,101.0,660.0,338.0,398.0
307.0,112.0,275.0,195.0,191.0
410.0,146.0,488.0,347.0,592.0
236.0,106.0,371.0,359.0,469.0
237.0,96.0,482.0,319.0,347.0
364.0,86.0,334.0,349.0,544.0
434.0,90.0,578.0,146.0,245.0
392.0,115.0,429.0,958.0,411.0
505.0,108.0,315.0,330.0,453.0
424.0,124.0,526.0,315.0,504.0
252.0,193.0,506.0,300.0,395.0
206.0,84.0,509.0,241.0,499.0
465.0,183.0,482.0,300.0,469.0
237.0,109.0,328.0,106.0,384.0
765.0,209.0,371.0,525.0,233.0
172.0,113.0,553.0,579.0,569.0
259.0,73.0,378.0,123.0,150.0
278.0,13.0,450.0,83.0,53.0
497.0,109.0,164.0,109.0,333.0
395.0,88.0,574.0,386.0,441.0
238.0,76.0,543.0,371.0,592.0
252.0,126.0,686.0,525.0,568.0
434.0,247.0,567.0,639.0,538.0
149.0,107.0,482.0,145.0,406.0
390.0,106.0,484.0,283.0,420.0
339.0,106.0,442.0,337.0,394.0
491.0,97.0,543.0,217.0,367.0
331.0,97.0,513.0,336.0,427.0
431.0,125.0,801.0,94.0,223.0
556.0,53.0,327.0,370.0,146.0
630.0,200.0,402.0,146.0,377.0
542.0,73.0,275.0,410.0,333.0
502.0,95.0,421.0,154.0,293.0
312.0,73.0,538.0,110.0,187.0
516.0,97.0,677.0,343.0,512.0
467.0,73.0,574.0,639.0,571.0
516.0,89.0,553.0,257.0,199.0
692.0,53.0,399.0,315.0,438.0
630.0,89.0,524.0,138.0,252.0
746.0,132.0,430.0,343.0,282.0
315.0,100.0,510.0,426.0,568.0
467.0,112.0,509.0,337.0,263.0
392.0,147.0,506.0,275.0,335.0
413.0,109.0,226.0,184.0,367.0
241.0,100.0,357.0,284.0,264.0
746.0,106.0,170.0,626.0,553.0
354.0,140.0,489.0,469.0,503.0
184.0,100.0,553.0,647.0,431.0
458.0,149.0,379.0,97.0,411.0
252.0,120.0,429.0,99.0,517.0
425.0,107.0,574.0,501.0,390.0
164.0,123.0,448.0,81.0,282.0
425.0,121.0,450.0,439.0,517.0
206.0,136.0,0.0,347.0,544.0
273.0,113.0,554.0,311.0,367.0
409.0,67.0,399.0,411.0,495.0
494.0,161.0,234.0,410.0,499.0
434.0,115.0,450.0,145.0,568.0
542.0,82.0,438.0,184.0,486.0
246.0,90.0,661.0,441.0,695.0
365.0,101.0,328.0,294.0,499.0
520.0,247.0,512.0,337.0,531.0
394.0,73.0,397.0,155.0,530.0
159.0,113.0,578.0,283.0,419.0
395.0,66.0,541.0,275.0,544.0
516.0,40.0,999.0,219.0,98.0
394.0,102.0,578.0,43.0,257.0
542.0,76.0,371.0,283.0,628.0
291.0,86.0,422.0,189.0,65.0
456.0,66.0,660.0,223.0,303.0
337.0,223.0,402.0,275.0,376.0
508.0,138.0,339.0,458.0,569.0
206.0,171.0,524.0,518.0,431.0
273.0,247.0,574.0,315.0,306.0
630.0,100.0,256.0,94.0,293.0
516.0,95.0,245.0,94.0,199.0
172.0,121.0,538.0,515.0,486.0
183.0,106.0,135.0,129.0,264.0
481.0,206.0,660.0,411.0,404.0
392.0,159.0,862.0,359.0,427.0
292.0,184.0,436.0,410.0,25.0
481.0,96.0,188.0,315.0,282.0
359.0,108.0,363.0,132.0,476.0
9.0,90.0,245.0,647.0,504.0
373.0,0.0,581.0,241.0,256.0
373.0,143.0,505.0,501.0,391.0
275.0,249.0,398.0,168.0,284.0
513.0,112.0,582.0,94.0,123.0
172.0,44.0,93.0,138.0,332.0
469.0,76.0,411.0,262.0,404.0
320.0,126.0,405.0,439.0,504.0
395.0,109.0,573.0,286.0,452.0
434.0,96.0,572.0,647.0,606.0
308.0,184.0,705.0,218.0,341.0
288.0,110.0,513.0,275.0,530.0
395.0,130.0,686.0,283.0,335.0
236.0,91.0,576.0,247.0,363.0
241.0,115.0,510.0,177.0,333.0
242.0,121.0,364.0,338.0,296.0
373.0,140.0,339.0,384.0,427.0
508.0,91.0,361.0,94.0,465.0
332.0,91.0,541.0,226.0,282.0
178.0,145.0,512.0,94.0,419.0
458.0,140.0,466.0,386.0,544.0
448.0,91.0,525.0,353.0,465.0
464.0,168.0,585.0,390.0,264.0
488.0,198.0,626.0,458.0,475.0
251.0,149.0,572.0,579.0,553.0
465.0,40.0,135.0,156.0,245.0
206.0,169.0,726.0,178.0,434.0
569.0,73.0,512.0,110.0,232.0
636.0,134.0,429.0,330.0,421.0
184.0,99.0,677.0,411.0,618.0
242.0,90.0,170.0,304.0,384.0
241.0,18.0,398.0,226.0,214.0
519.0,87.0,661.0,626.0,482.0
455.0,73.0,705.0,43.0,264.0
999.0,249.0,513.0,319.0,225.0
339.0,70.0,339.0,439.0,284.0
183.0,58.0,735.0,146.0,511.0
395.0,98.0,748.0,390.0,530.0
513.0,40.0,226.0,491.0,400.0
262.0,82.0,540.0,315.0,332.0
574.0,66.0,466.0,622.0,511.0
262.0,67.0,402.0,284.0,398.0
362.0,109.0,402.0,343.0,591.0
522.0,90.0,386.0,304.0,391.0
413.0,108.0,322.0,166.0,523.0
467.0,90.0,363.0,192.0,225.0
480.0,130.0,999.0,461.0,553.0
457.0,86.0,553.0,424.0,367.0
480.0,206.0,357.0,184.0,292.0
392.0,168.0,540.0,190.0,245.0
520.0,110.0,429.0,524.0,420.0
473.0,58.0,402.0,337.0,225.0
394.0,134.0,339.0,330.0,530.0
361.0,107.0,361.0,43.0,308.0
270.0,97.0,819.0,106.0,245.0
434.0,110.0,366.0,370.0,390.0
308.0,79.0,419.0,371.0,591.0
520.0,109.0,476.0,426.0,515.0
339.0,106.0,505.0,110.0,199.0
434.0,132.0,442.0,328.0,292.0
301.0,171.0,363.0,441.0,347.0
241.0,106.0,658.0,196.0,310.0
241.0,207.0,512.0,262.0,284.0
294.0,68.0,328.0,469.0,530.0
456.0,146.0,677.0,69.0,498.0
365.0,104.0,402.0,359.0,391.0
425.0,118.0,511.0,595.0,517.0
390.0,206.0,429.0,226.0,214.0
488.0,53.0,366.0,93.0,452.0
434.0,65.0,334.0,424.0,476.0
190.0,105.0,377.0,154.0,339.0
469.0,18.0,56.0,458.0,591.0
513.0,145.0,576.0,182.0,187.0
362.0,209.0,417.0,626.0,591.0
394.0,110.0,422.0,359.0,367.0
252.0,106.0,377.0,441.0,436.0
288.0,134.0,764.0,625.0,517.0
332.0,175.0,660.0,328.0,263.0
585.0,86.0,419.0,220.0,420.0
574.0,90.0,228.0,177.0,434.0
273.0,170.0,265.0,99.0,98.0
289.0,125.0,524.0,97.0,618.0
539.0,115.0,426.0,297.0,420.0
159.0,95.0,575.0,220.0,384.0
765.0,38.0,573.0,330.0,306.0
241.0,70.0,448.0,356.0,475.0
502.0,100.0,512.0,335.0,419.0
473.0,108.0,705.0,390.0,618.0
394.0,108.0,576.0,308.0,411.0
333.0,102.0,582.0,318.0,367.0
409.0,140.0,328.0,146.0,395.0
291.0,67.0,509.0,424.0,517.0
542.0,106.0,422.0,178.0,606.0
312.0,125.0,496.0,595.0,587.0
307.0,124.0,806.0,191.0,493.0
307.0,73.0,660.0,110.0,282.0
425.0,102.0,430.0,155.0,504.0
291.0,105.0,322.0,356.0,363.0
448.0,110.0,513.0,318.0,310.0
425.0,82.0,340.0,129.0,406.0
262.0,38.0,572.0,202.0,229.0
373.0,249.0,322.0,595.0,456.0
312.0,40.0,619.0,184.0,303.0
410.0,206.0,339.0,426.0,523.0
494.0,169.0,429.0,319.0,486.0
373.0,135.0,819.0,126.0,284.0
411.0,109.0,0.0,390.0,534.0
520.0,90.0,368.0,411.0,391.0
392.0,96.0,488.0,178.0,303.0
390.0,111.0,525.0,38.0,150.0
465.0,133.0,315.0,83.0,264.0
690.0,99.0,364.0,83.0,333.0
448.0,102.0,570.0,424.0,512.0
206.0,67.0,328.0,625.0,606.0
308.0,91.0,361.0,126.0,271.0
307.0,121.0,430.0,408.0,486.0
465.0,249.0,342.0,411.0,569.0
361.0,100.0,443.0,146.0,302.0
692.0,168.0,402.0,283.0,490.0
252.0,134.0,267.0,126.0,591.0
500.0,58.0,389.0,97.0,223.0
301.0,116.0,525.0,270.0,582.0
308.0,248.0,430.0,432.0,228.0
563.0,66.0,310.0,263.0,302.0
241.0,51.0,484.0,69.0,420.0
244.0,102.0,265.0,300.0,427.0
500.0,106.0,660.0,338.0,406.0
301.0,138.0,368.0,359.0,431.0
425.0,249.0,378.0,97.0,252.0
425.0,92.0,806.0,275.0,225.0
395.0,197.0,603.0,501.0,606.0
296.0,92.0,328.0,333.0,424.0
361.0,58.0,543.0,218.0,225.0
273.0,154.0,361.0,265.0,225.0
619.0,100.0,505.0,262.0,498.0
184.0,132.0,389.0,146.0,376.0
465.0,121.0,448.0,130.0,284.0
365.0,102.0,135.0,318.0,456.0
636.0,134.0,735.0,192.0,146.0
333.0,91.0,460.0,430.0,453.0
417.0,93.0,419.0,223.0,195.0
520.0,14.0,386.0,328.0,407.0
522.0,102.0,402.0,93.0,221.0
307.0,40.0,340.0,504.0,999.0
236.0,209.0,368.0,304.0,255.0
288.0,194.0,447.0,283.0,395.0
506.0,82.0,377.0,268.0,278.0
297.0,168.0,525.0,347.0,208.0
392.0,96.0,365.0,223.0,308.0
183.0,102.0,488.0,220.0,427.0
193.0,107.0,442.0,247.0,284.0
288.0,98.0,438.0,178.0,252.0
307.0,110.0,540.0,608.0,628.0
471.0,197.0,280.0,217.0,499.0
232.0,95.0,448.0,196.0,406.0
183.0,113.0,581.0,223.0,530.0
238.0,138.0,661.0,678.0,327.0
410.0,139.0,581.0,333.0,264.0
539.0,106.0,280.0,515.0,495.0
289.0,100.0,660.0,121.0,252.0
410.0,100.0,322.0,579.0,606.0
232.0,98.0,553.0,184.0,424.0
488.0,108.0,188.0,782.0,531.0
152.0,121.0,114.0,227.0,284.0
184.0,110.0,538.0,338.0,469.0
448.0,206.0,621.0,625.0,530.0
256.0,53.0,339.0,315.0,534.0
262.0,115.0,468.0,408.0,384.0
329.0,62.0,686.0,622.0,582.0
519.0,132.0,448.0,153.0,282.0
434.0,87.0,328.0,275.0,191.0
209.0,109.0,286.0,300.0,346.0
339.0,106.0,448.0,315.0,390.0
431.0,115.0,553.0,441.0,282.0
481.0,106.0,322.0,138.0,333.0
228.0,223.0,512.0,284.0,263.0
630.0,89.0,490.0,184.0,199.0
241.0,113.0,575.0,318.0,495.0
193.0,67.0,429.0,343.0,225.0
425.0,76.0,389.0,390.0,463.0
308.0,136.0,540.0,411.0,468.0
236.0,115.0,347.0,318.0,420.0
506.0,147.0,442.0,275.0,303.0
291.0,170.0,695.0,441.0,486.0
270.0,118.0,328.0,424.0,407.0
0.0,200.0,429.0,315.0,363.0
413.0,106.0,402.0,359.0,306.0
278.0,93.0,310.0,304.0,427.0
542.0,140.0,363.0,337.0,469.0
390.0,90.0,397.0,424.0,123.0
361.0,106.0,539.0,328.0,228.0
409.0,96.0,510.0,359.0,468.0
390.0,140.0,621.0,678.0,208.0
172.0,156.0,540.0,441.0,536.0
308.0,156.0,410.0,196.0,363.0
431.0,177.0,806.0,579.0,419.0
410.0,106.0,384.0,270.0,395.0
259.0,197.0,603.0,304.0,406.0
193.0,58.0,534.0,491.0,523.0
417.0,58.0,539.0,296.0,427.0
425.0,134.0,56.0,347.0,268.0
765.0,91.0,556.0,458.0,341.0
409.0,100.0,514.0,469.0,398.0
480.0,14.0,363.0,232.0,392.0
390.0,90.0,658.0,474.0,446.0
370.0,102.0,490.0,153.0,308.0
392.0,108.0,429.0,263.0,469.0
449.0,118.0,466.0,486.0,571.0
359.0,209.0,510.0,263.0,298.0
364.0,194.0,347.0,316.0,420.0
390.0,106.0,482.0,306.0,569.0
326.0,51.0,357.0,265.0,495.0
411.0,108.0,505.0,286.0,421.0
172.0,106.0,556.0,318.0,475.0
296.0,14.0,567.0,249.0,229.0
458.0,146.0,540.0,390.0,569.0
542.0,96.0,677.0,40.0,419.0
251.0,105.0,448.0,226.0,363.0
488.0,106.0,379.0,318.0,406.0
237.0,203.0,363.0,153.0,264.0
216.0,110.0,30.0,347.0,530.0
456.0,132.0,496.0,270.0,233.0
206.0,96.0,686.0,390.0,531.0
183.0,143.0,543.0,110.0,167.0
256.0,168.0,482.0,126.0,223.0
395.0,76.0,442.0,366.0,418.0
359.0,82.0,748.0,93.0,449.0
183.0,100.0,340.0,647.0,476.0
111.0,98.0,513.0,200.0,225.0
302.0,183.0,534.0,130.0,98.0
339.0,126.0,405.0,390.0,468.0
190.0,90.0,421.0,177.0,199.0
244.0,106.0,275.0,439.0,531.0
373.0,169.0,436.0,366.0,404.0
344.0,170.0,819.0,242.0,263.0
307.0,168.0,489.0,328.0,367.0
458.0,91.0,429.0,153.0,475.0
259.0,68.0,431.0,315.0,263.0
519.0,125.0,256.0,315.0,296.0
275.0,113.0,361.0,275.0,303.0
417.0,93.0,405.0,311.0,406.0
236.0,108.0,510.0,196.0,332.0
329.0,91.0,575.0,359.0,465.0
522.0,209.0,442.0,525.0,591.0
259.0,125.0,554.0,426.0,453.0
278.0,102.0,705.0,319.0,302.0
184.0,184.0,496.0,410.0,531.0
275.0,90.0,610.0,218.0,252.0
373.0,71.0,603.0,263.0,549.0
307.0,71.0,256.0,195.0,225.0
411.0,58.0,429.0,318.0,411.0
394.0,195.0,398.0,999.0,449.0
464.0,67.0,402.0,283.0,376.0
193.0,90.0,489.0,501.0,523.0
184.0,140.0,578.0,97.0,228.0
392.0,90.0,361.0,318.0,339.0
403.0,51.0,170.0,146.0,284.0
246.0,70.0,543.0,333.0,376.0
246.0,109.0,488.0,284.0,582.0
638.0,197.0,489.0,219.0,264.0
392.0,73.0,450.0,121.0,199.0
252.0,200.0,511.0,232.0,390.0
288.0,53.0,661.0,262.0,217.0
295.0,87.0,328.0,525.0,571.0
252.0,45.0,228.0,328.0,229.0
332.0,106.0,328.0,410.0,453.0
302.0,44.0,540.0,319.0,446.0
159.0,89.0,448.0,38.0,191.0
307.0,71.0,384.0,443.0,306.0
273.0,107.0,661.0,43.0,65.0
241.0,111.0,525.0,69.0,449.0
329.0,125.0,460.0,195.0,263.0
403.0,136.0,573.0,129.0,175.0
312.0,193.0,422.0,647.0,511.0
295.0,67.0,686.0,153.0,523.0
458.0,108.0,365.0,443.0,612.0
270.0,115.0,510.0,242.0,302.0
644.0,97.0,660.0,311.0,612.0
491.0,95.0,539.0,304.0,363.0
275.0,85.0,556.0,106.0,232.0
